id,year,team,role,first_g,last_g
aarot101,1979,ATL,,19790406,19790930
aarot101,1980,ATL,,19800409,19801005
aarot101,1981,ATL,,19810410,19811004
aarot101,1982,ATL,,19820406,19821010
aarot101,1983,ATL,,19830404,19831002
aarot101,1984,ATL,,19840403,19840813
abbos801,1935,WS1,,19350417,19350929
abree801,2024,ATL,Bullpen,20240329,20241002
accaj001,2020,NYN,Pitching,20200723,20200927
accaj001,2021,NYN,Pitching,20210405,20211003
acoso801,2000,CHN,Pitching,20000329,20001001
acoso801,2001,CHN,Pitching,20010402,20011007
acoso801,2002,TEX,Pitching,20020401,20020620
actam801,2002,MON,3B,20020402,20020929
actam801,2003,MON,3B,20030331,20030928
actam801,2004,MON,3B,20040406,20041003
actam801,2005,NYN,3B,20050404,20051002
actam801,2006,NYN,3B,20060403,20061001
actam801,2016,SEA,3B,20160404,20161002
actam801,2017,SEA,3B,20170402,20171001
actam801,2018,SEA,Bench,20180329,20181001
actam801,2019,SEA,Bench,20190329,20190929
actam801,2020,SEA,3B,20200723,20200927
actam801,2021,SEA,3B,20210401,20211003
actam801,2022,SEA,3B,20220408,20221015
actam801,2023,SEA,3B,20230330,20231001
actam801,2024,SEA,3B,20240328,20240929
adaib801,1962,MLN,,19620410,19620930
adaib801,1967,ATL,,19670411,19671001
adaib801,1970,CHA,,19700407,19700901
adaib801,1970,CHA,,19700914,19701001
adaib801,1976,MON,,19760409,19761003
adaij101,1972,OAK,1B,19720415,19721022
adaij101,1973,OAK,1B,19730406,19730930
adaij101,1974,OAK,1B,19740404,19741017
adaij101,1975,CAL,,19750407,19750928
adaij102,1951,CHA,,19510417,19510930
adaij102,1952,CHA,,19520415,19520928
adaij102,1957,BAL,,19570415,19570929
adaij102,1958,BAL,,19580415,19580928
adaij102,1959,BAL,,19590409,19590927
adaij102,1960,BAL,1B,19600419,19601002
adaij102,1961,BAL,1B,19610411,19610930
adaij102,1962,HOU,,19620410,19620930
adaij102,1963,HOU,,19630409,19630929
adaij102,1964,HOU,,19640413,19641004
adaij102,1965,HOU,,19650412,19651003
adair801,1992,CLE,Pitching,19920406,19921004
adair801,1993,CLE,Pitching,19930405,19931003
adair801,1996,DET,Pitching,19960913,19960929
adair801,1997,DET,Pitching,19970401,19970928
adair801,1998,DET,Pitching,19980331,19980927
adair801,1999,DET,Pitching,19990405,19990709
adair801,2009,SEA,Pitching,20090406,20091004
adair801,2010,SEA,Pitching,20100405,20100808
adair801,2011,BAL,Bullpen,20110401,20110612
adair801,2011,BAL,Pitching,20110614,20110928
adair801,2012,BAL,Pitching,20120406,20121012
adair801,2013,BAL,Pitching,20130402,20130929
adamb103,1961,CHN,,19610411,19610529
adamb103,1962,CHN,,19620822,19620930
adamb103,1964,CHN,,19640414,19641004
adamb103,1965,CHN,3B,19650827,19651003
adamb103,1973,CHN,,19730406,19731001
adamr101,1969,LAN,Pitching,19690407,19691002
adamr101,1970,LAN,Pitching,19700407,19701001
adamr101,1971,LAN,Pitching,19710405,19710930
adamr101,1972,LAN,Pitching,19720415,19721004
adamr101,1973,LAN,Pitching,19730406,19730929
adamr101,1974,LAN,Pitching,19740405,19741017
adamr101,1975,LAN,Pitching,19750407,19750928
adamr101,1976,LAN,Pitching,19760409,19761003
adamr101,1977,LAN,Pitching,19770407,19771018
adamr101,1978,LAN,Pitching,19780407,19781017
adamr101,1979,LAN,Pitching,19790405,19790930
adamr101,1980,LAN,Pitching,19800410,19801006
adduj002,2023,CHN,Hitting,20230330,20231001
agual001,2008,NYN,1B,20080617,20080928
aguih101,1972,CHN,,19720415,19721004
aguih101,1973,CHN,Bullpen,19730406,19731001
aguih101,1974,CHN,Pitching,19740409,19741002
akerd001,2001,SDN,Bullpen,20010611,20011007
akerd001,2002,SDN,Bullpen,20020401,20020929
akerd001,2003,SDN,Bullpen,20030331,20030928
akerd001,2004,SDN,Bullpen,20040405,20041003
akerd001,2005,SDN,Bullpen,20050404,20051008
akerd001,2006,SDN,Bullpen,20060403,20061008
akerd001,2007,SDN,Bullpen,20070403,20071001
akerd001,2008,SDN,Bullpen,20080331,20080928
akerd001,2009,SDN,Bullpen,20090406,20091004
akerd001,2010,SDN,Bullpen,20100405,20101003
akerd001,2011,SDN,Bullpen,20110331,20110928
akerd001,2012,SDN,Bullpen,20120405,20120415
akerj102,1985,CLE,,19850913,19851006
akerj102,1986,CLE,,19860407,19861005
akerj102,1987,CLE,,19870406,19870701
albec801,2021,SFN,Bullpen,20210401,20211003
albec801,2022,SFN,Bullpen,20220408,20221005
albec801,2023,SFN,Bullpen,20230330,20231001
albec801,2024,CLE,Bench,20240328,20241019
albej801,2018,HOU,Hitting,20180329,20181001
albej801,2019,SLN,Hitting,20190329,20190929
albej801,2020,SLN,Hitting,20200723,20200927
albej801,2021,SLN,Hitting,20210401,20211003
albej801,2022,SLN,Hitting,20220407,20221008
aldrm001,2004,SEA,1B,20040406,20041003
aldrm001,2005,ARI,Hitting,20050404,20051002
aldrm001,2006,ARI,Hitting,20060403,20061001
aldrm001,2012,SLN,Bench,20120404,20121022
aldrm001,2013,SLN,Bench,20130401,20131030
aldrm001,2014,SLN,Bench,20140331,20141016
aldrm001,2015,OAK,Bench,20150406,20151004
aldrm001,2016,OAK,1B,20160404,20161002
aldrm001,2017,OAK,1B,20170402,20171001
aldrm001,2018,OAK,Hitting,20180329,20181001
aldrm001,2019,OAK,Hitting,20190329,20190929
aldrm001,2020,OAK,1B,20200723,20200927
aldrm001,2021,OAK,1B,20210401,20211003
aldrm001,2022,OAK,,20220408,20221005
aldrm001,2023,OAK,1B,20230330,20231001
aldrm001,2024,OAK,Hitting,20240328,20240929
alfoc801,1992,SFN,Pitching,19920406,19921004
alfoc801,1997,SFN,1B,19970401,19971003
alfoc801,1998,SFN,1B,19980331,19980928
alfoc801,1999,SFN,1B,19990405,19991003
alguj801,2017,SFN,1B,20170402,20171001
alguj801,2018,SFN,1B,20180329,20181001
alguj801,2019,SFN,1B,20190329,20190929
alicl001,2007,BOS,1B,20070402,20070930
alicl001,2008,BOS,1B,20080325,20081019
alicl001,2009,NYN,1B,20090406,20091004
alleb001,2023,SLN,Hitting,20230330,20231001
alleb001,2024,SLN,Hitting,20240328,20240929
alleg001,1992,BOS,Bullpen,19920407,19921004
alleg001,1993,BOS,Bullpen,19930405,19931003
alleg001,1994,BOS,3B,19940404,19940810
alleg001,2000,MIL,1B,20000403,20001001
alleg001,2001,MIL,3B,20010402,20011007
alleg001,2002,MIL,3B,20020402,20020929
alleg001,2010,BAL,3B,20100604,20101003
allen001,2005,NYA,,20050403,20051010
allen001,2015,MIN,Pitching,20150406,20151004
allen001,2016,MIN,Pitching,20160404,20161002
allen001,2017,MIN,Pitching,20170402,20171001
aloms001,2010,CLE,1B,20100405,20101003
aloms001,2011,CLE,1B,20110401,20110928
aloms001,2012,CLE,Bench,20120405,20120927
aloms001,2013,CLE,Bench,20130402,20131002
aloms001,2014,CLE,1B,20140331,20140928
aloms001,2015,CLE,1B,20150406,20151004
aloms001,2016,CLE,1B,20160405,20161102
aloms001,2017,CLE,1B,20170402,20171001
aloms001,2018,CLE,1B,20180329,20181001
aloms001,2019,CLE,1B,20190329,20190929
aloms001,2020,CLE,1B,20200723,20200927
aloms001,2021,CLE,1B,20210401,20211003
aloms001,2022,CLE,1B,20220407,20221018
aloms001,2023,CLE,1B,20230330,20231001
aloms101,1986,SDN,,19860407,19861005
aloms101,1987,SDN,,19870406,19871004
aloms101,1988,SDN,,19880405,19881002
aloms101,1989,SDN,,19890403,19891001
aloms101,1990,SDN,,19900409,19901003
aloms101,2000,CHN,Bullpen,20000329,20001001
aloms101,2001,CHN,Bullpen,20010402,20011007
aloms101,2002,CHN,1B,20020401,20020929
aloms101,2003,COL,3B,20030401,20030928
aloms101,2004,COL,3B,20040406,20041003
aloms101,2005,NYN,Bench,20050404,20051002
aloms101,2006,NYN,1B,20060403,20061001
aloms101,2007,NYN,3B,20070401,20070930
aloms101,2008,NYN,3B,20080331,20080928
aloms101,2009,NYN,Bench,20090406,20091004
aloms101,2024,CLE,1B,20240328,20241019
alouf101,1979,MON,3B,19790406,19790715
alouf101,1979,MON,1B,19790716,19790930
alouf101,1980,MON,,19800411,19801005
alouf101,1984,MON,,19840403,19840930
alouf101,1992,MON,Bench,19920406,19920520
alouf101,2002,DET,Bench,20020409,20020929
alouj101,1979,HOU,,19790406,19790930
alstg001,2016,ARI,Bullpen,20160404,20161002
alstg001,2017,OAK,Bullpen,20170619,20171001
alstg001,2018,MIN,Pitching,20180329,20181001
alstg001,2024,SFN,Bullpen,20240328,20240929
altoj101,1981,NYA,,19810409,19811028
altoj101,1982,NYA,,19820411,19821003
altoj101,1986,NYA,Bench,19860408,19861005
altoj101,1988,CHN,Hitting,19880405,19881002
altoj101,1989,CHN,Hitting,19890404,19891009
altoj101,1990,CHN,Hitting,19900410,19901003
altoj101,1991,CHN,Hitting,19910409,19910520
altoj101,1991,CHN,Hitting,19910522,19911006
altrn101,1912,WS1,,19120727,19121005
altrn101,1913,WS1,,19130410,19131004
altrn101,1914,WS1,,19140414,19141007
altrn101,1915,WS1,,19150414,19151006
altrn101,1916,WS1,,19160412,19161004
altrn101,1917,WS1,,19170411,19171004
altrn101,1918,WS1,,19180415,19180902
altrn101,1919,WS1,,19190423,19190928
altrn101,1920,WS1,,19200415,19201003
altrn101,1921,WS1,,19210413,19211002
altrn101,1922,WS1,,19220412,19221001
altrn101,1923,WS1,,19230418,19231007
altrn101,1924,WS1,,19240415,19241010
altrn101,1925,WS1,,19250414,19251015
altrn101,1926,WS1,,19260413,19260926
altrn101,1927,WS1,,19270412,19271002
altrn101,1928,WS1,,19280410,19280930
altrn101,1929,WS1,,19290417,19291006
altrn101,1930,WS1,,19300414,19300928
altrn101,1931,WS1,,19310414,19310927
altrn101,1932,WS1,,19320411,19320925
altrn101,1933,WS1,,19330412,19331001
altrn101,1934,WS1,,19340417,19340930
altrn101,1935,WS1,,19350417,19350929
altrn101,1936,WS1,,19360414,19360927
altrn101,1937,WS1,,19370419,19371003
altrn101,1938,WS1,,19380418,19381002
altrn101,1939,WS1,,19390420,19390930
altrn101,1940,WS1,,19400416,19400929
altrn101,1941,WS1,,19410414,19410928
altrn101,1942,WS1,,19420414,19420923
altrn101,1943,WS1,,19430420,19431003
altrn101,1944,WS1,,19440418,19441001
altrn101,1945,WS1,,19450417,19450923
altrn101,1946,WS1,,19460416,19460929
altrn101,1947,WS1,,19470415,19470928
altrn101,1948,WS1,,19480419,19481003
altrn101,1949,WS1,,19490418,19491002
altrn101,1950,WS1,,19500418,19501001
altrn101,1951,WS1,,19510417,19510930
altrn101,1952,WS1,,19520415,19520928
altrn101,1953,WS1,,19530416,19530927
amalj101,1967,CHN,1B,19670411,19671001
amalj101,1968,CHN,1B,19680410,19680929
amalj101,1969,CHN,1B,19690408,19691002
amalj101,1970,CHN,1B,19700407,19701001
amalj101,1971,CHN,1B,19710406,19710930
amalj101,1972,SFN,1B,19720415,19721004
amalj101,1973,SFN,1B,19730405,19730930
amalj101,1974,SFN,1B,19740405,19741002
amalj101,1975,SFN,3B,19750410,19750928
amalj101,1976,SDN,,19760409,19761003
amalj101,1977,SDN,,19770406,19771002
amalj101,1978,CHN,Bench,19780407,19781001
amalj101,1979,CHN,Bench,19790405,19790923
amalj101,1980,CHN,3B,19800410,19800723
amalj101,1982,CIN,,19820405,19820720
amalj101,1983,LAN,,19830405,19831008
amalj101,1984,LAN,,19840403,19840930
amalj101,1985,LAN,,19850409,19851016
amalj101,1986,LAN,,19860407,19861005
amalj101,1987,LAN,,19870406,19871004
amalj101,1988,LAN,,19880404,19881020
amalj101,1989,LAN,,19890403,19891001
amalj101,1990,LAN,,19900409,19901003
amalj101,1991,LAN,,19910410,19911006
amalj101,1992,LAN,,19920406,19921004
amalj101,1993,LAN,,19930405,19931003
amalj101,1994,LAN,,19940405,19940811
amalj101,1995,LAN,,19950425,19951006
amalj101,1996,LAN,,19960401,19961005
amalj101,1997,LAN,,19970401,19970928
amalj101,1998,LAN,,19980331,19980927
amarr002,2016,BOS,1B,20160405,20161010
amarr002,2017,BOS,1B,20170402,20171001
amarr002,2018,NYN,1B,20180329,20181001
amarr101,1980,PHI,,19800411,19801005
amarr101,1981,PHI,,19810408,19811011
amarr101,1983,CHN,3B,19830406,19831002
amarr101,1984,CHN,Bench,19840403,19841007
amarr101,1985,CHN,Bench,19850409,19851006
amarr101,1986,CHN,Bench,19860408,19861005
ameza001,2023,DET,1B,20230330,20231001
anded001,2009,TEX,3B,20090406,20091004
anded001,2010,TEX,3B,20100405,20101101
anded001,2011,TEX,3B,20110401,20111028
anded001,2012,TEX,3B,20120406,20121003
anded001,2013,TEX,3B,20130331,20130930
ander001,2002,MIN,Pitching,20020401,20021013
ander001,2003,MIN,Pitching,20030331,20031005
ander001,2004,MIN,Pitching,20040405,20041009
ander001,2005,MIN,Pitching,20050404,20051002
ander001,2006,MIN,Pitching,20060404,20061006
ander001,2007,MIN,Pitching,20070402,20070930
ander001,2008,MIN,Pitching,20080331,20080930
ander001,2009,MIN,Pitching,20090406,20091011
ander001,2010,MIN,Pitching,20100405,20101009
ander001,2011,MIN,Pitching,20110401,20110928
ander001,2012,MIN,Pitching,20120406,20121003
ander001,2013,MIN,Pitching,20130401,20130929
ander001,2014,MIN,Pitching,20140331,20140928
ander001,2018,DET,Bullpen,20180329,20180626
ander001,2018,DET,Pitching,20180627,20181001
ander001,2019,DET,Pitching,20190329,20190929
ander001,2020,DET,Pitching,20200723,20200927
andes101,1969,SDN,,19690408,19691002
andrj801,2008,PIT,Pitching,20080331,20080928
apodb101,1996,NYN,Pitching,19960827,19960929
apodb101,1997,NYN,Pitching,19970401,19970928
apodb101,1998,NYN,Pitching,19980331,19980927
apodb101,1999,NYN,Pitching,19990405,19990605
apodb101,2000,MIL,Pitching,20000403,20001001
apodb101,2001,MIL,Pitching,20010402,20011007
apodb101,2003,COL,Pitching,20030401,20030928
apodb101,2004,COL,Pitching,20040406,20041003
apodb101,2005,COL,Pitching,20050404,20051002
apodb101,2006,COL,Pitching,20060403,20061001
apodb101,2007,COL,Pitching,20070402,20071028
apodb101,2008,COL,Pitching,20080401,20080928
apodb101,2009,COL,Pitching,20090406,20091012
apodb101,2010,COL,Pitching,20100405,20101003
apodb101,2011,COL,Pitching,20110401,20110928
apodb101,2012,COL,Pitching,20120406,20120626
aponr801,2007,WAS,Bullpen,20070402,20070930
aponr801,2008,WAS,Bullpen,20080330,20080928
appll101,1960,CLE,1B,19600803,19601002
appll101,1960,DET,1B,19600419,19600802
appll101,1961,CLE,,19610411,19611001
appll101,1963,BAL,,19630408,19630929
appll101,1964,KC1,,19640414,19641004
appll101,1965,KC1,,19650412,19651003
appll101,1966,KC1,,19660412,19661002
appll101,1970,CHA,,19700407,19701001
appll101,1971,CHA,,19710407,19710930
appll101,1981,ATL,,19810410,19811004
appll101,1984,ATL,,19840403,19840930
arnet801,2022,SEA,Hitting,20220408,20221015
arnet801,2023,SEA,Hitting,20230330,20231001
arnet801,2024,SEA,Bullpen,20240328,20240929
arnsb001,2000,MON,Bullpen,20000403,20000720
arnsb001,2000,MON,Pitching,20000721,20001001
arnsb001,2001,MON,Pitching,20010402,20011007
arnsb001,2002,FLO,Pitching,20020402,20020929
arnsb001,2003,FLO,Pitching,20030331,20030510
arnsb001,2005,TOR,Pitching,20050404,20051002
arnsb001,2006,TOR,Pitching,20060404,20061001
arnsb001,2007,TOR,Pitching,20070402,20070930
arnsb001,2008,TOR,Pitching,20080401,20080928
arnsb001,2009,TOR,Pitching,20090406,20091004
arnsb001,2010,HOU,Pitching,20100405,20101003
arnsb001,2011,HOU,Pitching,20110401,20110613
arsep801,1992,MON,Bullpen,19920406,19921004
arsep801,1993,MON,Bullpen,19930405,19931003
arsep801,1994,MON,Bullpen,19940404,19940811
arsep801,1995,MON,Bullpen,19950426,19951001
arsep801,1996,MON,Bullpen,19960402,19960929
arsep801,1997,MON,Bullpen,19970401,19970928
arsep801,1998,MON,Bullpen,19980401,19980927
arsep801,1999,MON,Bullpen,19990405,19991003
arsep801,2000,MON,Bullpen,20000403,20001001
arsep801,2001,MON,Bullpen,20010402,20011007
arsep801,2002,FLO,Bullpen,20020402,20020929
arsep801,2003,FLO,Bullpen,20030331,20031025
arsep801,2004,FLO,Bullpen,20040406,20041003
arsep801,2005,FLO,Bullpen,20050405,20051002
arsep801,2006,FLO,Bullpen,20060403,20061001
arsep801,2007,FLO,Bullpen,20070402,20070930
ashba001,1997,HOU,,19970401,19971003
atchs001,2018,CLE,Bullpen,20180329,20181001
atchs001,2019,CLE,Bullpen,20190329,20190929
aufet801,1973,SLN,,19730406,19730930
ausmb001,2022,OAK,Bench,20220408,20221005
ausmb001,2024,NYA,Bench,20240328,20241030
austj101,1923,SLA,,19230418,19230807
austj101,1924,SLA,,19240415,19240927
austj101,1925,SLA,,19250414,19251004
austj101,1926,SLA,,19260413,19260926
austj101,1927,SLA,,19270415,19271002
austj101,1928,SLA,,19280411,19280930
austj101,1929,SLA,,19290416,19291006
austj101,1930,SLA,,19300415,19300928
austj101,1931,SLA,,19310414,19310927
austj101,1932,SLA,,19320412,19320925
austj101,1933,CHA,,19330412,19331001
austj101,1934,CHA,,19340417,19340930
austj101,1935,CHA,,19350417,19350929
babel101,1967,NYA,,19670410,19671001
babel101,1979,CHA,Bench,19790406,19790930
babel101,1980,CHA,Bench,19800410,19801005
babel101,1983,CHA,,19830404,19831002
badek101,1926,BSN,,19260413,19260929
bagwj001,2010,HOU,Hitting,20100716,20101003
baila001,2019,ANA,Bullpen,20190329,20190929
baila001,2020,SFN,Pitching,20200723,20200927
baila001,2021,SFN,Pitching,20210401,20211003
baila001,2022,SFN,Pitching,20220408,20221005
baila001,2023,SFN,Pitching,20230330,20231001
baila001,2024,BOS,Pitching,20240328,20240929
bailb001,1992,TOR,,19920406,19921024
bailb001,1993,TOR,,19930406,19931023
bailb001,1994,TOR,,19940404,19940811
bailb001,1995,TOR,,19950426,19951001
bailb801,2000,BOS,Bench,20000404,20001001
bailm001,2002,HOU,Bullpen,20020515,20020929
bailm001,2003,HOU,Bullpen,20030401,20030928
bailm001,2004,HOU,Bullpen,20040405,20041021
bailm001,2005,HOU,Bullpen,20050405,20051026
bailm001,2006,HOU,Bullpen,20060403,20061001
bailm001,2007,HOU,Bullpen,20070402,20070826
bailm001,2007,HOU,1B,20070828,20070930
bailm001,2008,HOU,Bullpen,20080331,20080928
bailm001,2009,HOU,Bullpen,20090406,20091004
bainh001,2004,CHA,Bench,20040405,20041003
bainh001,2005,CHA,Bench,20050404,20051002
bainh001,2006,CHA,1B,20060402,20061001
bainh001,2007,CHA,1B,20070402,20070930
bainh001,2008,CHA,1B,20080331,20081006
bainh001,2009,CHA,1B,20090407,20091004
bainh001,2010,CHA,1B,20100405,20100531
bainh001,2011,CHA,1B,20110401,20110928
bainh001,2012,CHA,1B,20120406,20121003
bainh001,2013,CHA,Hitting,20130401,20130929
bainh001,2014,CHA,Hitting,20140331,20140928
bainh001,2015,CHA,Hitting,20150406,20151004
bakeb101,1950,CHN,,19500418,19501001
baked002,1988,SFN,1B,19880404,19881002
baked002,1989,SFN,Hitting,19890403,19891028
baked002,1990,SFN,Hitting,19900411,19901003
baked002,1991,SFN,Hitting,19910409,19911006
baked002,1992,SFN,Hitting,19920406,19921004
baked102,1933,DET,,19330412,19330924
baked102,1934,DET,,19340417,19341009
baked102,1935,DET,,19350417,19351007
baked102,1936,DET,,19360414,19360609
baked102,1936,DET,,19360722,19360927
baked102,1937,DET,,19370420,19370909
baked102,1937,DET,,19370920,19371003
baked102,1938,DET,,19380419,19380806
baked102,1943,CLE,,19430421,19431003
baked102,1944,CLE,,19440419,19441001
baked102,1945,BOS,3B,19450417,19450930
baked102,1946,BOS,3B,19460416,19460929
baked102,1947,BOS,3B,19470415,19470928
baked102,1948,BOS,3B,19480419,19481004
baked102,1953,BOS,1B,19530416,19530927
baked102,1954,BOS,1B,19540413,19540926
baked102,1955,BOS,1B,19550412,19550925
baked102,1956,BOS,1B,19560417,19560930
baked102,1957,BOS,1B,19570416,19570929
baked102,1958,BOS,1B,19580414,19580928
baked102,1959,BOS,,19590412,19590927
baked102,1960,BOS,,19600418,19600607
baked102,1960,BOS,,19600614,19601002
bakef103,1961,MIN,,19610411,19611001
bakef103,1962,MIN,,19620410,19620930
bakef103,1963,MIN,,19630409,19630928
bakef103,1964,MIN,,19640414,19641004
bakeg101,1963,PIT,1B,19630408,19630929
baldr001,2015,TBA,1B,20150406,20151004
baldr001,2016,TBA,1B,20160403,20161002
baldr001,2017,TBA,1B,20170402,20171001
balsd801,2003,SDN,Pitching,20030517,20030928
balsd801,2004,SDN,Pitching,20040405,20041003
balsd801,2005,SDN,Pitching,20050404,20051008
balsd801,2006,SDN,Pitching,20060403,20061008
balsd801,2007,SDN,Pitching,20070403,20071001
balsd801,2008,SDN,Pitching,20080331,20080928
balsd801,2009,SDN,Pitching,20090406,20091004
balsd801,2010,SDN,Pitching,20100405,20101003
balsd801,2011,SDN,Pitching,20110331,20110928
balsd801,2012,SDN,Pitching,20120405,20121003
balsd801,2013,SDN,Pitching,20130401,20130929
balsd801,2014,SDN,Pitching,20140330,20140928
balsd801,2015,SDN,Pitching,20150406,20151004
balsd801,2016,SDN,Pitching,20160404,20161002
balsd801,2017,SDN,Pitching,20170402,20171001
balsd801,2018,SDN,Pitching,20180329,20181001
balsd801,2019,SDN,Pitching,20190329,20190929
bambg101,1968,BAL,Pitching,19680410,19680927
bambg101,1969,BAL,Pitching,19690408,19691016
bambg101,1970,BAL,Pitching,19700407,19701015
bambg101,1971,BAL,Pitching,19710407,19711017
bambg101,1972,BAL,Pitching,19720416,19721003
bambg101,1973,BAL,Pitching,19730406,19731011
bambg101,1974,BAL,Pitching,19740405,19741009
bambg101,1975,BAL,Pitching,19750410,19750928
bambg101,1976,BAL,Pitching,19760409,19761003
bambg101,1977,BAL,Pitching,19770407,19771001
bancd101,1930,NY1,,19300415,19300928
bancd101,1931,NY1,,19310414,19310927
bancd101,1932,NY1,,19320412,19320925
bandc001,1996,MIL,3B,19960402,19960929
bandc001,1997,MIL,3B,19970401,19970928
bandc001,1998,MIL,Bench,19980331,19980927
banij001,2010,PIT,Bench,20100810,20101003
banij001,2011,PIT,Bench,20110401,20110928
banij001,2012,PIT,Bench,20120405,20121003
banij001,2013,PIT,Bench,20130401,20131009
banij001,2014,PIT,Bench,20140331,20141001
banij001,2022,ARI,Bench,20220407,20221005
banij001,2023,ARI,Bench,20230330,20231101
banij001,2024,ARI,Bench,20240328,20240929
banke101,1967,CHN,,19670411,19671001
banke101,1968,CHN,,19680410,19680929
banke101,1969,CHN,,19690408,19691002
banke101,1970,CHN,,19700407,19701001
banke101,1971,CHN,,19710406,19710930
banke101,1972,CHN,1B,19720415,19721004
banke101,1973,CHN,1B,19730406,19731001
bannb001,2016,BOS,Pitching,20160706,20161010
bannb001,2017,BOS,Pitching,20170402,20171001
bannb001,2018,BOS,Pitching,20180329,20181028
bannb001,2019,BOS,Pitching,20190329,20190929
barar001,2019,SDN,Bench,20190329,20190929
barar001,2021,SDN,,20210401,20211003
bardj001,2016,LAN,Bullpen,20160404,20161022
bardj001,2017,LAN,Bullpen,20170402,20171001
bardj001,2018,NYA,Bench,20180329,20181001
bardj001,2019,NYA,Bench,20190329,20190929
bardj001,2020,LAN,Bullpen,20200723,20200927
bardj001,2021,LAN,Bullpen,20210401,20211003
bardj001,2022,LAN,Bullpen,20220408,20221015
bardj001,2023,LAN,Bullpen,20230330,20231011
bardj001,2024,LAN,Bullpen,20240320,20241030
barfj001,1995,HOU,,19950426,19951001
barfj001,1998,SEA,Hitting,19980331,19980927
barfj001,1999,SEA,Hitting,19990405,19991003
barka001,2018,BOS,Hitting,20180329,20181028
barka001,2019,BOS,Hitting,20190329,20190929
barnd002,2022,NYN,,20220407,20221009
barnd002,2023,NYN,,20230330,20231001
barnj801,2022,NYN,Hitting,20220407,20221009
barnj801,2023,NYN,Hitting,20230330,20231001
barnj801,2024,NYN,Hitting,20240329,20241020
barnm801,2002,TOR,Hitting,20020401,20020929
barnm801,2003,TOR,Hitting,20030331,20030928
barnm801,2004,TOR,Hitting,20040405,20041003
barnm801,2005,TOR,Hitting,20050404,20050424
barnm801,2006,KCA,Hitting,20060502,20061001
barnm801,2007,KCA,Hitting,20070402,20070930
barnm801,2008,KCA,Hitting,20080331,20080928
barnm801,2011,HOU,Hitting,20110401,20110928
barnm801,2012,HOU,Hitting,20120406,20120818
barnm801,2020,CLE,,20200723,20200927
bartd101,1946,NY1,,19460416,19460929
bartd101,1949,DET,,19490419,19491002
bartd101,1950,DET,,19500418,19501001
bartd101,1951,DET,,19510417,19510930
bartd101,1952,DET,,19520415,19520704
bartd101,1954,CIN,,19540413,19540926
bartd101,1955,CIN,,19550411,19550925
bartk001,2017,PIT,1B,20170402,20171001
bartk001,2018,PIT,1B,20180329,20181001
bartk001,2019,PIT,1B,20190329,20190929
bartk001,2021,DET,1B,20210716,20211003
bartt101,1986,ATL,,19860408,19861005
bartt101,1987,ATL,,19870407,19871004
bartt101,1988,ATL,,19880405,19880522
basgm101,1973,LAN,,19730406,19730929
basgm101,1974,LAN,,19740405,19741017
basgm101,1975,LAN,,19750407,19750928
basgm101,1976,LAN,,19760409,19761003
basgm101,1977,LAN,,19770407,19771018
basgm101,1978,LAN,,19780407,19781017
basgm101,1979,LAN,,19790405,19790930
basgm101,1980,LAN,,19800410,19801006
basgm101,1981,LAN,,19810409,19811028
basgm101,1982,LAN,,19820406,19821003
basgm101,1983,LAN,,19830405,19831008
basgm101,1984,LAN,,19840403,19840930
basgm101,1985,LAN,,19850409,19851016
basgm101,1986,LAN,,19860407,19861005
bassj102,1938,CLE,,19380419,19381002
bassj102,1939,CLE,,19390421,19391001
bassj102,1940,CLE,,19400416,19400929
bassj102,1941,SLA,,19410416,19410928
batea001,2019,LAN,Hitting,20190329,20190929
batea001,2020,LAN,Hitting,20200723,20200927
batea001,2021,LAN,Hitting,20210401,20211003
batea001,2022,LAN,Hitting,20220408,20221015
batea001,2023,LAN,Hitting,20230330,20231011
batea001,2024,LAN,Hitting,20240320,20241030
baueh101,1963,BAL,,19630408,19630929
bayld001,1990,MIL,Hitting,19900409,19901003
bayld001,1991,MIL,Hitting,19910408,19911006
bayld001,1992,SLN,Hitting,19920406,19921004
bayld001,1999,ATL,Hitting,19990405,19991027
bayld001,2003,NYN,Bench,20030331,20030928
bayld001,2004,NYN,Bench,20040406,20041003
bayld001,2005,SEA,Hitting,20050404,20051002
bayld001,2009,COL,Hitting,20090406,20091012
bayld001,2010,COL,Hitting,20100405,20101003
bayld001,2011,ARI,Hitting,20110401,20111007
bayld001,2012,ARI,Hitting,20120406,20121003
bayld001,2013,ARI,Hitting,20130401,20130929
bayld001,2014,ANA,Hitting,20140331,20140401
bayld001,2014,ANA,Hitting,20140624,20141005
bayld001,2015,ANA,Hitting,20150406,20151004
bearl101,1976,MON,Pitching,19760409,19761003
bearl101,1985,MON,Pitching,19850408,19851006
bearl101,1986,MON,Pitching,19860408,19861005
bearl101,1987,MON,Pitching,19870406,19871004
bearl101,1988,MON,Pitching,19880404,19881002
bearl101,1989,MON,Pitching,19890404,19891001
bearl101,1990,MON,Pitching,19900409,19901003
bearl101,1991,MON,Pitching,19910408,19911006
bearl101,1993,COL,Pitching,19930405,19931003
bearl101,1994,COL,Pitching,19940404,19940811
bearl101,1995,COL,Pitching,19950426,19951007
beast801,2006,WAS,3B,20060403,20061001
beast801,2008,PIT,3B,20080331,20080928
beast801,2009,PIT,3B,20090406,20091004
beast801,2010,PIT,3B,20100405,20101003
beast801,2015,TEX,3B,20150406,20151014
beast801,2016,TEX,,20160404,20161009
beast801,2017,TEX,3B,20170402,20171001
beast801,2018,TEX,3B,20180329,20181001
beast801,2019,TEX,3B,20190329,20190929
beast801,2020,TEX,3B,20200723,20200927
beast801,2021,TEX,3B,20210401,20211003
beast801,2022,TEX,3B,20220408,20220814
beast801,2023,TEX,3B,20230330,20231101
beast801,2024,TEX,3B,20240328,20240929
beauj101,1991,ATL,Bench,19910410,19911027
beauj101,1992,ATL,Bench,19920407,19921024
beauj101,1993,ATL,Bench,19930405,19931013
beauj101,1994,ATL,Bench,19940404,19940811
beauj101,1995,ATL,Bench,19950426,19951028
beauj101,1996,ATL,Bench,19960401,19961026
beauj101,1997,ATL,Bench,19970401,19971014
beauj101,1998,ATL,Bench,19980331,19981014
beauk801,2023,DET,Hitting,20230330,20231001
beauk801,2024,DET,Hitting,20240328,20241012
beckb104,1957,WS1,,19570415,19570929
beckb104,1958,WS1,,19580414,19580928
beckb104,1959,WS1,,19590409,19590927
beckj102,1955,BRO,Pitching,19550413,19551004
beckj102,1956,BRO,Pitching,19560417,19561010
beckj102,1957,BRO,Pitching,19570416,19570929
beckj102,1958,LAN,Pitching,19580415,19580927
beckj102,1959,LAN,Pitching,19590411,19591008
beckj102,1960,LAN,Pitching,19600412,19601002
beckj102,1961,LAN,Pitching,19610411,19611001
beckj102,1962,LAN,Pitching,19620410,19621003
beckj102,1963,LAN,Pitching,19630409,19631006
beckj102,1964,LAN,Pitching,19640414,19641004
beckj102,1965,SLN,Pitching,19650412,19651003
beckj102,1966,SLN,Pitching,19660413,19661002
beckj102,1967,CHN,Pitching,19670411,19671001
beckj102,1968,CHN,Pitching,19680410,19680929
beckj102,1969,CHN,Pitching,19690408,19691002
beckj102,1970,CHN,Pitching,19700407,19700810
bedeh101,1984,KCA,,19840403,19841005
bedeh101,1988,SEA,1B,19880606,19881002
belct001,2010,CLE,Pitching,20100405,20101003
belct001,2011,CLE,Pitching,20110401,20110928
bellb001,1994,CLE,,19940404,19940810
bellb001,1995,CLE,,19950427,19951028
bellb001,2003,CLE,Bench,20030331,20030928
bellb001,2004,CLE,Bench,20040405,20041003
bellb001,2005,CLE,Bench,20050404,20050530
belld002,2013,CHN,3B,20130401,20130929
belld002,2014,SLN,Hitting,20140331,20141016
belld002,2015,SLN,Bench,20150405,20151013
belld002,2016,SLN,Bench,20160403,20161002
belld002,2017,SLN,Bench,20170402,20171001
bellj001,2005,ARI,Bench,20050404,20051002
bellj001,2006,ARI,Bench,20060403,20061001
bellj001,2013,PIT,Hitting,20130401,20131009
bellj001,2014,CIN,Bench,20140331,20140928
bellj001,2015,CIN,Bench,20150406,20151004
bellm003,2020,MIN,Bench,20200723,20200927
bellr001,2006,DET,,20060403,20061027
bellr001,2007,DET,,20070402,20070930
bellr001,2008,DET,,20080331,20080929
bellr001,2009,DET,,20090406,20091006
bellr001,2010,DET,,20100405,20101003
bellr001,2011,DET,,20110331,20111015
bellr001,2012,DET,,20120405,20121028
bellr001,2013,DET,1B,20130401,20131019
beltr001,2023,CLE,Bullpen,20230330,20231001
benaf001,2003,CIN,,20030805,20030928
benaf001,2016,CIN,1B,20160404,20161002
benaf001,2017,CIN,1B,20170402,20171001
benaf001,2018,CIN,1B,20180329,20181001
benaf001,2019,CIN,Bench,20190329,20190929
benaf001,2020,CIN,Bench,20200723,20200927
benaf001,2021,CIN,Bench,20210401,20211003
benaf001,2022,CIN,Bench,20220407,20221005
benaf001,2023,CIN,Bench,20230330,20231001
benaf001,2024,CIN,Bench,20240328,20240929
bendc101,1925,CHA,,19250612,19251004
bendc101,1926,CHA,,19260605,19260926
bendc101,1931,NY1,,19310414,19310927
bendc101,1944,PHA,,19440418,19441001
bendc101,1951,PHA,,19510417,19510930
bendc101,1952,PHA,,19520416,19520928
bendc101,1953,PHA,,19530414,19530927
bendc101,1954,PHA,,19540413,19540522
beneb001,1997,NYN,,19970401,19970928
beneb001,1998,NYN,,19980331,19980927
beneb001,1999,NYN,,19990405,19991004
beneg801,2024,MIA,3B,20240328,20240929
bengb101,1940,WS1,,19400416,19400929
bengb101,1941,WS1,,19410414,19410928
bengb101,1942,WS1,,19420414,19420923
bengb101,1943,WS1,,19430420,19431003
bengb101,1944,BSN,,19440418,19441001
bengb101,1945,BSN,,19450417,19450930
bengb101,1946,PHI,,19460416,19460929
bengb101,1947,PHI,,19470415,19470928
bengb101,1948,PHI,,19480420,19481003
bengb101,1949,PHI,,19490418,19491002
bengb101,1950,PHI,,19500418,19501007
bengb101,1951,PHI,,19510417,19510930
bengb101,1952,PHI,,19520416,19520928
bengb101,1953,PHI,,19530414,19530927
bengb101,1954,PHI,,19540413,19540926
bengb101,1955,PHI,,19550413,19550925
bengb101,1956,PHI,,19560417,19560930
bengb101,1957,PHI,,19570416,19570929
bengb101,1958,PHI,,19580415,19580928
bensv101,1961,SLN,,19610706,19611001
bensv101,1962,SLN,,19620411,19620930
bensv101,1963,SLN,,19630409,19630929
bensv101,1964,SLN,,19640414,19641015
bensv101,1965,NYA,,19650412,19651003
bensv101,1966,CIN,,19660714,19661002
bensv101,1966,NYA,,19660412,19660506
bensv101,1967,CIN,,19670410,19671001
bensv101,1968,CIN,,19680410,19680929
bensv101,1969,CIN,,19690407,19691002
bensv101,1970,SLN,,19700408,19701001
bensv101,1971,SLN,,19710406,19710930
bensv101,1972,SLN,,19720415,19721004
bensv101,1973,SLN,,19730406,19730930
bensv101,1974,SLN,,19740405,19741001
bensv101,1975,SLN,,19750407,19750928
bensv101,1976,ATL,,19760409,19761003
bensv101,1977,ATL,,19770408,19770511
bensv101,1977,ATL,,19770513,19771002
bensv101,1980,SFN,,19800410,19801005
berad801,1989,BOS,Bullpen,19890403,19891001
berad801,1990,BOS,Bullpen,19900409,19901010
berad801,1991,BOS,3B,19910408,19911006
beraj101,1951,SLA,,19510716,19510930
berej002,2015,CLE,Bullpen,20150406,20151004
berej002,2016,CLE,Bullpen,20160405,20161102
berej002,2017,CLE,Bullpen,20170402,20171001
bergm103,1940,BOS,1B,19400416,19400929
bergm103,1941,BOS,1B,19410415,19410928
beric801,1967,LAN,,19670410,19671001
beric801,1968,LAN,,19680410,19680929
beric801,1969,LAN,,19690407,19691002
beric801,1970,LAN,,19700407,19701001
beric801,1971,LAN,,19710405,19710930
beric801,1972,LAN,,19720415,19721004
beric801,1973,PHI,,19730406,19730930
beric801,1974,PHI,,19740406,19741002
beric801,1975,PHI,,19750408,19750928
beric801,1976,PHI,,19760410,19761012
beric801,1977,PHI,,19770409,19771008
beric801,1978,PHI,,19780407,19781007
bernc801,1998,BAL,1B,19980331,19980927
berno801,2023,SDN,Hitting,20230330,20231001
berrc103,1936,PHA,,19360414,19360927
berrc103,1937,PHA,,19370419,19371003
berrc103,1938,PHA,,19380418,19381002
berrc103,1939,PHA,,19390420,19390930
berrc103,1940,PHA,,19400416,19400929
berrm801,2003,CIN,Bench,20030729,20030928
berrm801,2004,CIN,3B,20040405,20041003
berrm801,2005,CIN,3B,20050404,20051002
berrm801,2006,CIN,3B,20060403,20061001
berrm801,2007,CIN,3B,20070402,20070930
berrm801,2008,CIN,3B,20080331,20080928
berrm801,2009,CIN,3B,20090406,20091004
berrm801,2010,CIN,3B,20100405,20101010
berrm801,2011,CIN,3B,20110331,20110928
berrm801,2012,CIN,3B,20120405,20121003
berrm801,2013,CIN,3B,20130401,20131001
berrq001,2021,MIL,1B,20210401,20211003
berrq001,2022,MIL,1B,20220407,20221005
berrq001,2023,MIL,1B,20230330,20231004
berrq001,2024,MIL,1B,20240329,20241003
berrr101,1949,CHA,,19490419,19491002
berrr101,1950,CHA,,19500418,19501001
berrr101,1951,CHA,,19510417,19510930
berrr101,1952,CHA,,19520415,19520928
berrr101,1953,CHA,,19530414,19530927
berrr101,1954,CHA,,19540413,19540925
berrr101,1955,CHA,,19550412,19550925
berrr101,1956,CHA,,19560417,19560930
berrr101,1957,CHA,,19570416,19570929
berrr101,1958,CHA,,19580415,19580928
berrr101,1959,CHA,,19590410,19591008
berrr101,1960,CHA,,19600419,19601002
berrr101,1961,CHA,,19610410,19610930
berrr101,1962,CHA,,19620410,19620930
berrr101,1963,CHA,,19630409,19630929
berrr101,1964,CHA,,19640414,19641004
berrr101,1965,CHA,,19650413,19651003
berrr101,1966,CHA,,19660412,19661002
berrr101,1968,CHA,,19680714,19680929
berrr101,1969,CHA,,19690408,19691002
berrs001,2006,HOU,Hitting,20060712,20061001
berrs001,2007,HOU,Hitting,20070402,20070930
berrs001,2008,HOU,Hitting,20080331,20080928
berrs001,2009,HOU,Hitting,20090406,20091004
berrs001,2010,HOU,Hitting,20100405,20100711
berry101,1963,NYA,,19630409,19631006
berry101,1965,NYN,,19650412,19651003
berry101,1966,NYN,,19660415,19661002
berry101,1967,NYN,,19670411,19671001
berry101,1968,NYN,,19680410,19680929
berry101,1969,NYN,,19690408,19691016
berry101,1970,NYN,,19700407,19701001
berry101,1971,NYN,,19710406,19710930
berry101,1976,NYA,Bench,19760408,19761021
berry101,1977,NYA,,19770407,19771018
berry101,1978,NYA,,19780408,19781017
berry101,1979,NYA,,19790405,19790930
berry101,1980,NYA,,19800410,19801010
berry101,1981,NYA,,19810409,19811028
berry101,1982,NYA,,19820411,19821003
berry101,1983,NYA,,19830405,19831002
berry101,1986,HOU,,19860408,19861015
berry101,1987,HOU,,19870406,19871004
berry101,1988,HOU,,19880405,19881002
berry101,1989,HOU,,19890404,19891001
bevit801,1989,CHA,,19890404,19891001
bevit801,1990,CHA,,19900409,19901003
bevit801,1991,CHA,,19910408,19911006
bevit801,1992,CHA,,19920407,19921004
bevit801,1993,CHA,,19930406,19931012
bevit801,1994,CHA,,19940404,19940810
bevit801,1995,CHA,,19950426,19950601
bevit801,1999,TOR,,19990406,19991003
bevit801,2000,TOR,,20000403,20001001
bevit801,2001,TOR,,20010401,20011007
beyea801,2013,BOS,1B,20130401,20131030
beyea801,2014,BOS,1B,20140331,20140928
beyea801,2015,BOS,1B,20150406,20151004
beyea801,2019,BAL,1B,20190329,20190929
biagg801,1992,BAL,Hitting,19920406,19921004
biagg801,1993,BAL,Hitting,19930405,19931003
biagg801,1994,BAL,Hitting,19940404,19940810
biald801,1993,SDN,,19930406,19931003
biald801,1994,SDN,,19940404,19940811
biald801,1995,CHN,Bullpen,19950426,19951001
biald801,1996,CHN,Bullpen,19960401,19960929
biald801,1997,CHN,Bullpen,19970401,19970928
biald801,1998,CHN,Bullpen,19980331,19981003
biald801,1999,CHN,Bullpen,19990406,19991003
biald801,2002,CHN,3B,20020711,20020929
bichd001,2013,COL,Hitting,20130401,20130929
bichd001,2020,TOR,,20200723,20200927
billm801,1994,CAL,Bullpen,19940405,19940810
billm801,1995,CAL,Bullpen,19950426,19951002
billm801,1996,CAL,Bullpen,19960402,19960929
billm801,1997,ANA,Bullpen,19970402,19970928
billm801,1998,ANA,Bullpen,19980401,19980927
billm801,1999,ANA,Bullpen,19990406,19991003
billm801,2009,PHI,Bullpen,20090405,20091104
billm801,2010,PHI,Bullpen,20100405,20101023
billm801,2011,PHI,Bullpen,20110401,20111007
billm801,2012,PHI,Bullpen,20120405,20121003
billm801,2014,DET,Bullpen,20140331,20141005
billm801,2015,DET,Bullpen,20150406,20151004
billm801,2016,DET,Bullpen,20160405,20161002
billm801,2017,DET,Bullpen,20170402,20171001
bissd101,1945,BSN,,19450417,19450729
bissd101,1946,PIT,,19460416,19460929
bjorc801,2012,HOU,Bullpen,20120406,20121003
bjorc801,2014,HOU,Bullpen,20140401,20140928
bjorc801,2015,HOU,Bullpen,20150406,20151014
bjorc801,2016,HOU,Bullpen,20160405,20161002
bjorc801,2017,HOU,Bullpen,20170402,20171001
bjorc801,2018,BOS,Bullpen,20180329,20181028
bjorc801,2019,BOS,Bullpen,20190329,20190929
bjorc801,2020,BOS,Bullpen,20200723,20200927
bjorc801,2022,NYN,Bullpen,20220407,20221009
blacb001,2000,ANA,Pitching,20000403,20001001
blacb001,2001,ANA,Pitching,20010403,20011007
blacb001,2002,ANA,Pitching,20020331,20020929
blacb001,2003,ANA,Pitching,20030330,20030928
blacb001,2004,ANA,Pitching,20040406,20041008
blacb001,2005,ANA,Pitching,20050405,20051016
blacb001,2006,ANA,Pitching,20060403,20061001
blacl101,1927,CHA,,19270412,19271002
blacl101,1928,CHA,,19280411,19280705
blacl101,1930,SLA,,19300415,19300928
blacl101,1933,PHA,,19330412,19331001
blacl101,1934,PHA,,19340417,19340930
blacl101,1935,PHA,,19350417,19350929
blacl101,1936,PHA,,19360414,19360927
blacl101,1937,PHA,,19370419,19371003
blacl101,1938,PHA,,19380418,19381002
blacl101,1939,PHA,,19390420,19390930
blacl101,1940,PHA,,19400416,19400929
blacl101,1941,PHA,,19410415,19410928
blacl101,1942,PHA,,19420414,19420920
blacl101,1943,PHA,,19430420,19431003
blacw801,1963,DET,,19630409,19630929
blacw801,1964,DET,,19640414,19641003
blacw801,1975,DET,,19750410,19750928
bladr102,1930,SLN,,19300415,19301008
bladr102,1931,SLN,,19310414,19311010
bladr102,1932,SLN,,19320412,19320925
bladr102,1942,CIN,,19420414,19420927
bladr102,1947,BRO,,19470415,19471006
bladr102,1948,BRO,,19480420,19480714
bladr102,1948,BRO,,19480716,19481003
bladr102,1951,SLN,,19510417,19510930
bladr102,1953,CHN,,19530414,19530927
bladr102,1954,CHN,,19540413,19540926
bladr102,1955,CHN,,19550411,19550925
bladr102,1956,CHN,,19560417,19560930
blaiw001,2013,SDN,Bullpen,20130401,20130929
blaiw001,2014,SDN,Bullpen,20140330,20140928
blaiw001,2015,SDN,Bullpen,20150406,20151004
blakd801,2023,SLN,Pitching,20230330,20231001
blakd801,2024,SLN,Pitching,20240328,20240929
blakm801,2020,NYA,Pitching,20200723,20200927
blakm801,2021,NYA,Pitching,20210401,20211003
blakm801,2022,NYA,Pitching,20220408,20221023
blakm801,2023,NYA,Pitching,20230330,20231001
blakm801,2024,NYA,Pitching,20240328,20241030
blanh001,2018,WAS,Bullpen,20180329,20181001
blanh001,2019,WAS,Bullpen,20190329,20190929
blanh001,2020,WAS,Bullpen,20200723,20200927
blanh001,2021,WAS,Bullpen,20210405,20211003
blant801,2021,SEA,Bullpen,20210401,20211003
blant801,2022,SEA,Bullpen,20220408,20221015
blant801,2023,SEA,,20230330,20231001
blant801,2024,SEA,,20240328,20240929
blayg101,1984,KCA,Pitching,19840403,19841005
blayg101,1985,KCA,Pitching,19850408,19851027
blayg101,1986,KCA,Pitching,19860408,19861005
blayg101,1987,KCA,Pitching,19870406,19871004
blooj801,1974,SDN,,19740405,19741002
blooj801,1975,CHN,1B,19750410,19750928
blooj801,1976,CHN,1B,19760409,19761003
blooj801,1977,CHN,1B,19770530,19771002
blooj801,1978,CHN,Bullpen,19780407,19780525
blueo102,1940,WS1,,19400416,19400929
blueo102,1941,WS1,,19410414,19410928
blueo102,1942,WS1,,19420414,19420923
bochb002,1993,SDN,3B,19930406,19931003
bochb002,1994,SDN,3B,19940404,19940811
bochd001,2016,SDN,Bullpen,20160404,20161002
bochd001,2017,SDN,Bullpen,20170402,20171001
bochd001,2018,SDN,Bullpen,20180329,20181001
bochd001,2019,SDN,Bullpen,20190329,20190929
bogat001,2009,BOS,1B,20090407,20091004
bogat001,2010,BOS,3B,20100404,20101003
bogat001,2011,BOS,3B,20110401,20110928
bogat001,2012,BOS,Bench,20120405,20121003
bogat001,2014,TEX,Bench,20140331,20140904
bogat001,2016,SEA,Bench,20160404,20161002
bogat001,2017,SEA,Bench,20170402,20171001
bogat001,2018,WAS,1B,20180329,20181001
bogat001,2019,WAS,1B,20190329,20190929
bogat001,2020,WAS,Bench,20200723,20200927
bogat001,2021,WAS,Bench,20210405,20211003
bogat001,2022,WAS,Bench,20220407,20221005
bogat001,2023,WAS,Bench,20230330,20231001
boggw001,2001,TBA,Hitting,20010403,20011007
bolek801,1992,CLE,,19920406,19921004
bolek801,1993,CLE,,19930405,19931003
bombm801,1996,CIN,3B,19960402,19960929
bombm801,2005,PHI,1B,20050404,20051002
bombm801,2006,PHI,1B,20060403,20061001
bondb001,2016,MIA,Hitting,20160405,20161002
bondb101,1984,CLE,,19840403,19840930
bondb101,1985,CLE,,19850408,19851006
bondb101,1986,CLE,,19860407,19861005
bondb101,1987,CLE,,19870406,19871004
bondb101,1993,SFN,1B,19930406,19931003
bondb101,1994,SFN,1B,19940404,19940810
bondb101,1995,SFN,1B,19950426,19951001
bondb101,1996,SFN,Hitting,19960401,19960929
boner001,2012,NYN,Bullpen,20120405,20121003
boner001,2013,NYN,Bullpen,20130401,20130929
boner001,2014,NYN,Bullpen,20140331,20140928
boner001,2015,NYN,Bullpen,20150406,20151101
boner001,2016,NYN,Bullpen,20160403,20161005
boner001,2017,NYN,Bullpen,20170402,20171001
boner001,2018,NYN,Bullpen,20180329,20181001
boner001,2019,NYN,Bullpen,20190620,20190929
boner001,2020,NYN,Bullpen,20200723,20200927
boner001,2021,NYN,Bullpen,20210405,20211003
boner001,2022,WAS,Bullpen,20220407,20221005
boner001,2023,WAS,Bullpen,20230330,20231001
boner001,2024,WAS,Bullpen,20240328,20240929
bookg001,1997,SDN,Bullpen,19970401,19970928
bookg001,1998,SDN,Bullpen,19980331,19980927
bookg001,1999,SDN,Bullpen,19990404,19991003
bookg001,2000,SDN,Bullpen,20000403,20001001
bookg001,2001,SDN,Bullpen,20010402,20010531
bookg001,2001,SDN,Pitching,20010601,20011007
bookg001,2002,SDN,Pitching,20020401,20020929
bookg001,2003,SDN,Pitching,20030331,20030516
boonb001,1994,CIN,,19940403,19940811
borgm801,2022,BAL,Hitting,20220408,20221005
borgm801,2023,BAL,Hitting,20230330,20231010
borgm801,2024,BAL,Hitting,20240328,20241002
boros101,1975,KCA,,19750407,19750928
boros101,1976,KCA,,19760409,19761014
boros101,1977,KCA,,19770407,19771009
boros101,1978,KCA,,19780408,19781007
boros101,1979,KCA,,19790405,19790930
boros101,1981,MON,,19810409,19811019
boros101,1982,MON,,19820409,19821003
boros101,1993,KCA,,19930405,19931003
boros101,1994,KCA,,19940404,19940810
boros101,1995,BAL,3B,19950426,19951001
boros801,2012,TBA,Bullpen,20120406,20121003
boros801,2013,TBA,Bullpen,20130402,20131008
boros801,2014,TBA,Bullpen,20140331,20140928
boros801,2015,TBA,Bullpen,20150406,20151004
boros801,2016,TBA,Bullpen,20160403,20161002
boros801,2017,TBA,Bullpen,20170402,20171001
boros801,2018,TBA,Bullpen,20180329,20181001
boros801,2019,TBA,Bullpen,20190329,20190929
boros801,2020,TBA,Bullpen,20200723,20200927
boros801,2021,TBA,Bullpen,20210401,20211003
boros801,2022,TBA,Bullpen,20220408,20221008
borzm801,2020,CHN,,20200723,20200927
borzm801,2021,CHN,,20210401,20211003
bosic001,2003,TBA,Pitching,20030331,20030928
bosic001,2009,MIL,Pitching,20090812,20091004
bosic001,2012,CHN,Pitching,20120405,20121003
bosic001,2013,CHN,Pitching,20130401,20130929
bosic001,2014,CHN,Pitching,20140331,20140928
bosic001,2015,CHN,Pitching,20150405,20151021
bosic001,2016,CHN,Pitching,20160404,20161102
bosic001,2017,CHN,Pitching,20170402,20171001
bosic001,2018,DET,Pitching,20180329,20180626
boslt001,1999,OAK,1B,19990405,19991003
boslt001,2000,OAK,Hitting,20000403,20001008
boslt001,2001,OAK,Hitting,20010402,20011015
boslt001,2002,OAK,Hitting,20020401,20021006
boslt001,2003,OAK,Hitting,20030401,20030530
boslt001,2011,TEX,Hitting,20110401,20110608
bosmd101,1986,CHA,Pitching,19860620,19861005
bosmd101,1987,CHA,Pitching,19870406,19871004
bosmd101,1992,BAL,Pitching,19920406,19921004
bosmd101,1993,BAL,Pitching,19930405,19931003
bosmd101,1994,BAL,Pitching,19940404,19940810
bosmd101,1995,TEX,Pitching,19950426,19951001
bosmd101,1996,TEX,Pitching,19960401,19961005
bosmd101,1997,TEX,Pitching,19970401,19970928
bosmd101,1998,TEX,Pitching,19980331,19981002
bosmd101,1999,TEX,Pitching,19990405,19991009
bosmd101,2000,TEX,Pitching,20000403,20001001
bostd001,2013,CHA,1B,20130401,20130929
bostd001,2014,CHA,1B,20140331,20140928
bostd001,2015,CHA,1B,20150406,20151004
bostd001,2016,CHA,1B,20160404,20161002
bostd001,2017,CHA,1B,20170402,20171001
bostd001,2018,CHA,1B,20180329,20181001
bostd001,2019,CHA,1B,20190329,20190929
bostd001,2020,CHA,1B,20200723,20200927
bostd001,2021,CHA,1B,20210401,20211003
bostd001,2022,CHA,1B,20220408,20221005
bostd001,2023,CHA,1B,20230330,20231001
bottj101,1937,SLA,,19370421,19370720
bourj001,2024,CHA,1B,20240328,20240929
bovez801,2023,KCA,Pitching,20230330,20231001
bovez801,2024,KCA,Pitching,20240328,20241010
bowal001,1988,PHI,,19880811,19881002
bowal001,1989,PHI,,19890404,19891001
bowal001,1990,PHI,,19900410,19901003
bowal001,1991,PHI,,19910408,19911006
bowal001,1992,PHI,,19920407,19921004
bowal001,1993,PHI,,19930405,19931023
bowal001,1994,PHI,,19940404,19940811
bowal001,1995,PHI,,19950426,19951001
bowal001,1996,PHI,,19960402,19960929
bowal001,1997,ANA,,19970402,19970928
bowal001,1998,ANA,,19980401,19980927
bowal001,1999,ANA,,19990406,19991003
bowal001,2000,SEA,3B,20000404,20001017
bowal001,2006,NYA,3B,20060403,20061007
bowal001,2007,NYA,3B,20070402,20071008
bowal001,2008,LAN,3B,20080331,20081015
bowal001,2009,LAN,3B,20090406,20091021
bowal001,2010,LAN,3B,20100405,20101003
bowal001,2014,PHI,Bench,20140331,20140928
bowal001,2015,PHI,Bench,20150406,20151004
bowal001,2016,PHI,Bench,20160404,20161002
bowal001,2017,PHI,Bench,20170402,20171001
boyec101,1975,NYA,Pitching,19750530,19750928
boyec101,1977,NYA,Pitching,19770407,19771018
boyec101,1978,ATL,,19780407,19781001
boyec101,1979,ATL,,19790406,19790930
boyec101,1980,ATL,,19800409,19801005
boyec101,1981,ATL,,19810410,19811004
boyec101,1982,KCA,Pitching,19820405,19821003
boyec101,1983,KCA,Pitching,19830404,19831002
boyec102,1980,OAK,3B,19800410,19801005
boyec102,1981,OAK,3B,19810409,19811015
boyec102,1982,OAK,3B,19820406,19821003
boyec102,1983,OAK,3B,19830404,19831002
boyec102,1984,OAK,3B,19840403,19840930
boyec102,1985,OAK,3B,19850409,19851006
boyec102,1988,NYA,,19880405,19880622
boyec102,1992,NYA,,19920407,19921004
boyec102,1993,NYA,,19930405,19931003
boyec102,1994,NYA,,19940404,19940811
boyek101,1971,SLN,,19710406,19710930
boyek101,1972,SLN,,19720415,19721004
bradt001,2018,KCA,Hitting,20180329,20181001
bradt001,2019,KCA,Hitting,20190329,20190929
bradt001,2020,KCA,Hitting,20200723,20200927
bradt001,2021,KCA,Hitting,20210401,20211003
bradt001,2022,KCA,Hitting,20220407,20220515
bradt001,2023,CIN,Hitting,20230330,20231001
bradt001,2024,CIN,Hitting,20240328,20240929
bragb101,1960,LAN,,19600412,19601002
bragb101,1962,HOU,,19620410,19620930
bragj801,1967,CIN,,19670410,19671001
bragj801,1968,CIN,,19680410,19680929
bragj801,1969,CIN,,19690407,19691002
bragj801,1970,MON,1B,19700406,19701001
bragj801,1971,MON,1B,19710406,19710718
bragj801,1971,MON,1B,19710904,19710930
bragj801,1972,MON,3B,19720415,19721004
bragj801,1976,MIL,3B,19760408,19761003
bragj801,1977,MIL,3B,19770407,19771002
branj002,2013,PIT,Hitting,20130401,20131009
branj002,2014,PIT,Hitting,20140331,20141001
branj002,2015,PIT,Hitting,20150406,20151007
branj002,2016,PIT,Hitting,20160403,20161002
branj002,2017,PIT,Hitting,20170402,20171001
branj002,2018,PIT,Hitting,20180329,20181001
branm001,1999,NYN,,19990606,19991004
branm001,2005,TOR,1B,20050404,20050424
branm001,2005,TOR,Hitting,20050425,20051002
branm001,2006,TOR,Hitting,20060404,20061001
branm001,2007,TOR,Hitting,20070402,20070930
braus001,1990,SLN,,19900409,19901003
brdam801,2022,SDN,Hitting,20220407,20221023
brdam801,2023,DET,Hitting,20230330,20231001
brdam801,2024,DET,Hitting,20240328,20241012
brech101,1954,BAL,Pitching,19540413,19540925
brech101,1955,BAL,Pitching,19550411,19550925
brech101,1956,BAL,Pitching,19560417,19560930
brech101,1957,BAL,Pitching,19570415,19570929
brech101,1958,BAL,Pitching,19580415,19580928
brech101,1959,BAL,Pitching,19590409,19590927
brech101,1960,BAL,Pitching,19600419,19601002
brech101,1961,BAL,Pitching,19610411,19610930
brech101,1962,BAL,,19620410,19620930
brech101,1963,BAL,Pitching,19630408,19630929
brech101,1964,BAL,Pitching,19640414,19641003
brech101,1965,BAL,Pitching,19650413,19651003
brech101,1966,BAL,Pitching,19660412,19661009
brech101,1967,BAL,Pitching,19670411,19671001
breej801,1995,FLO,Bullpen,19950425,19951001
breej801,1996,FLO,Bullpen,19960401,19960929
breej801,1999,FLO,Bench,19990405,19991003
breej801,2000,FLO,Bench,20000403,20001001
breej801,2001,FLO,Bench,20010402,20010528
breej801,2001,FLO,Bullpen,20010529,20011007
breej801,2004,TOR,Bench,20040405,20041003
brees801,1986,CIN,Pitching,19860407,19861005
brees801,1987,CIN,Pitching,19870406,19871004
brees801,1988,CIN,Pitching,19880404,19881002
brees801,1989,CIN,Pitching,19890403,19891001
brenb001,1992,SFN,1B,19920406,19921004
brenb001,1993,SFN,Bullpen,19930406,19931003
brenb001,1994,SFN,Bullpen,19940404,19940810
brenb001,1995,SFN,Bullpen,19950426,19951001
bresr102,1926,NY1,,19260413,19260926
bresr102,1927,NY1,,19270412,19271002
bresr102,1928,NY1,,19280411,19280930
bresr102,1930,DET,,19300415,19300928
bresr102,1931,DET,,19310414,19310927
bretg001,2013,KCA,Hitting,20130530,20130725
brewj102,1977,MON,Pitching,19770409,19771002
brewj102,1978,MON,Pitching,19780407,19781001
brewj102,1979,MON,Pitching,19790406,19790930
bridr101,1962,LAA,,19620410,19620930
bridr101,1963,LAA,,19630409,19630928
bridr101,1968,CAL,,19680410,19680929
bridr101,1969,CAL,,19690408,19691002
bridr101,1970,CAL,,19700407,19701001
bridr101,1971,CAL,,19710406,19710930
bridr101,1985,SFN,1B,19850409,19851006
brine101,1979,DET,,19790407,19790930
brine101,1981,SDN,,19810409,19811004
brine101,1983,CHA,,19830404,19831002
brine101,1984,CHA,,19840402,19840930
brine101,1985,CHA,,19850409,19851006
brine101,1986,CHA,,19860407,19861005
brine101,1987,CHA,,19870406,19871004
brine101,1988,CHA,,19880404,19881002
brisd801,1966,CIN,,19660415,19660713
brisd801,1973,MON,3B,19730406,19730930
brisd801,1974,MON,3B,19740410,19741001
brisd801,1975,MON,3B,19750407,19750928
brisd801,1978,SFN,3B,19780407,19781001
brisd801,1979,SFN,3B,19790404,19790905
brisd801,1982,PHI,,19820408,19821003
brisd801,1983,PHI,,19830405,19831016
brisd801,1984,PHI,,19840403,19840930
brisd801,1985,PHI,,19850409,19851006
brisd801,1988,PHI,,19880405,19880714
brisd801,1989,CIN,,19890403,19891001
brisd801,1993,CIN,,19930405,19930523
brocd001,2011,HOU,Pitching,20110614,20110928
brocd001,2012,HOU,Pitching,20120406,20121003
brocd001,2013,HOU,Pitching,20130402,20130929
brocd001,2016,TEX,Pitching,20160404,20161009
brocd001,2017,TEX,Pitching,20170402,20171001
brocd001,2018,TEX,Pitching,20180329,20181001
brocd001,2019,BAL,Pitching,20190329,20190929
brocd001,2020,BAL,Pitching,20200723,20200927
broct001,2010,FLO,1B,20100627,20101003
broct001,2014,HOU,1B,20140401,20140928
broct001,2016,SDN,1B,20160404,20161002
broct001,2020,PIT,1B,20200723,20200927
broct001,2021,PIT,1B,20210401,20211003
broct001,2022,PIT,1B,20220407,20221005
broct001,2023,PIT,1B,20230330,20231001
broct001,2024,PIT,1B,20240328,20240929
broot001,2010,DET,1B,20100405,20101003
broot001,2011,DET,1B,20110331,20111015
broot001,2012,DET,1B,20120405,20121028
broot001,2013,DET,3B,20130401,20131019
bross001,2018,SEA,3B,20180329,20181001
browb003,2018,LAN,Hitting,20180329,20181001
browb003,2019,LAN,Hitting,20190329,20190929
browb003,2020,LAN,Hitting,20200723,20200927
browb003,2021,LAN,Hitting,20210401,20211003
browb003,2022,LAN,Hitting,20220408,20221015
browb003,2023,MIA,Hitting,20230330,20231004
browb003,2024,SEA,Bench,20240328,20240531
browd801,2006,SEA,1B,20060913,20061001
browd801,2013,SEA,3B,20130503,20130929
browg101,1978,DET,Hitting,19780407,19781001
browg101,1979,DET,1B,19790407,19790930
browg101,1980,DET,,19800410,19801005
browg101,1981,DET,Hitting,19810409,19811004
browg101,1982,DET,Hitting,19820409,19821003
browg101,1983,DET,Hitting,19830405,19831002
browg101,1984,DET,Hitting,19840403,19841014
browg801,2022,CHN,Hitting,20220407,20221005
browj003,2019,SEA,Bullpen,20190329,20190929
browj107,1949,BSN,,19490418,19491002
browj107,1950,BSN,,19500418,19501001
browj107,1951,BSN,,19510417,19510930
browj109,1979,TEX,Pitching,19790407,19790930
browj109,1980,TEX,Pitching,19800410,19801005
browj109,1981,TEX,Pitching,19810409,19811004
browj109,1982,TEX,Pitching,19820410,19821003
browj109,1983,TEX,Pitching,19830404,19831002
browj109,1992,CHA,,19920407,19921004
browj109,1993,CHA,,19930406,19931012
browj109,1994,CHA,,19940404,19940810
browj109,1995,CHA,Pitching,19950426,19950601
browj109,2002,TBA,Pitching,20020402,20020929
browm003,2002,CLE,Pitching,20020331,20020929
browm103,1965,BOS,Pitching,19650412,19651003
bruce101,1942,PHA,,19420414,19420920
bruce101,1943,PHA,,19430420,19431003
bruce101,1944,PHA,,19440418,19441001
bruce101,1945,PHA,,19450417,19450927
bruce101,1946,PHA,,19460416,19460929
bruce101,1947,PHA,,19470415,19470928
bruce101,1948,PHA,,19480419,19481003
bruce101,1949,PHA,,19490418,19491002
bruce101,1950,SLA,,19500418,19501001
bruce101,1952,CIN,,19520415,19520729
bruce101,1952,CIN,,19520804,19520928
brumm001,2010,SEA,3B,20100405,20100605
brumm001,2010,SEA,1B,20100607,20101003
brumm001,2011,SEA,1B,20110401,20110928
brumm001,2012,SEA,1B,20120328,20121003
brumm001,2013,SEA,1B,20130401,20130929
brumm001,2014,CHN,Hitting,20140331,20140928
brunt001,2013,MIN,Hitting,20130401,20130929
brunt001,2014,MIN,Hitting,20140331,20140928
brunt001,2015,MIN,Hitting,20150406,20151004
brunt001,2016,MIN,Hitting,20160404,20161002
bryac101,1961,LAN,,19610411,19611001
bryac101,1967,CLE,,19670411,19671001
bryac101,1974,CLE,,19740406,19741002
bryad101,1974,BOS,Bullpen,19740405,19741002
bryad101,1975,BOS,Bullpen,19750408,19751022
bryad101,1976,BOS,Bullpen,19760409,19761003
bryad101,1977,SEA,Bullpen,19770406,19771002
bryad101,1978,SEA,Bullpen,19780405,19781001
bryad101,1979,SEA,Bullpen,19790404,19790930
bryad101,1980,SEA,Bullpen,19800409,19800803
buchb002,2017,KCA,Hitting,20170402,20171001
buckb001,1996,CHA,Hitting,19960331,19960929
buckb001,1997,CHA,Hitting,19970401,19970816
budam101,2017,SLN,Hitting,20170609,20171001
budam101,2018,SLN,Hitting,20180715,20181001
budam101,2019,SLN,Hitting,20190329,20190812
budzm001,2020,TOR,1B,20200723,20200927
budzm001,2021,TOR,1B,20210401,20211003
budzm001,2022,TOR,1B,20220408,20221008
budzm001,2023,TOR,1B,20230330,20231004
budzm001,2024,TOR,1B,20240328,20240929
buecs001,2015,TEX,Bench,20150406,20151014
buecs001,2016,TEX,Bench,20160404,20161009
buecs001,2017,TEX,Bench,20170402,20171001
buecs001,2018,TEX,1B,20180329,20181001
bufod101,1981,SFN,1B,19810409,19811004
bufod101,1982,SFN,1B,19820406,19821003
bufod101,1983,SFN,1B,19830405,19831002
bufod101,1984,SFN,1B,19840403,19840930
bufod101,1988,BAL,Bench,19880606,19881002
bufod101,1994,BAL,Bench,19940404,19940810
bufod101,2005,WAS,1B,20050404,20051002
bumba001,1988,BOS,1B,19880404,19881002
bumba001,1989,BOS,1B,19890403,19891001
bumba001,1990,BOS,1B,19900409,19901010
bumba001,1991,BOS,1B,19910408,19911006
bumba001,1992,BOS,1B,19920407,19921004
bumba001,1993,BOS,1B,19930405,19931003
bumba001,1995,BAL,1B,19950426,19951001
bumba001,1998,CLE,,19980331,19981013
bumba001,2002,CLE,,20020714,20020929
bundl801,1999,COL,Bullpen,19990404,19991003
bundl801,2009,ARI,1B,20090406,20091004
bundl801,2014,LAN,3B,20140323,20141007
bundl801,2015,LAN,3B,20150406,20150816
bundl801,2015,LAN,,20150817,20151015
burdl101,1972,ATL,,19720415,19721004
burdl101,1973,ATL,,19730406,19730930
burgt001,1991,KCA,,19910408,19911006
burgt001,1998,KCA,,19980331,19980927
burgt001,1999,KCA,,19990405,19991002
burgt001,2000,KCA,,20000403,20001001
burgt101,1977,NYN,,19770407,19771002
burgt101,1978,ATL,,19780407,19781001
burkj101,1921,NY1,,19210413,19211013
burkj101,1922,NY1,,19220412,19221008
burkj104,1914,DET,,19140414,19141004
burkj104,1915,DET,,19150414,19151003
burkj104,1916,DET,,19160412,19161001
burkj104,1917,DET,,19170411,19170929
burkj104,1921,BOS,,19210413,19211002
burkj104,1922,BOS,,19220412,19220930
burkj104,1923,BOS,,19230418,19231007
burkj104,1926,CHN,,19260413,19260926
burkj104,1927,CHN,,19270412,19271002
burkj104,1928,CHN,,19280411,19280930
burkj104,1929,CHN,,19290416,19291014
burkj104,1930,CHN,,19300415,19300928
burkj104,1931,NYA,,19310414,19310927
burkj104,1932,NYA,,19320412,19321002
burkj104,1933,NYA,,19330413,19331001
burlr001,1991,OAK,,19910409,19911006
burlr001,1992,BOS,Hitting,19920407,19921004
burlr001,1993,BOS,3B,19930405,19931003
burlr001,1995,CAL,3B,19950426,19951002
burlr001,1996,CAL,3B,19960402,19960804
burng101,1931,NY1,,19310414,19310927
burnj105,1955,BOS,3B,19550412,19550925
burnj105,1956,BOS,3B,19560417,19560930
burnj105,1957,BOS,3B,19570416,19570929
burnj105,1958,BOS,3B,19580414,19580928
burnj105,1959,BOS,3B,19590412,19590927
burrp001,2024,SFN,Hitting,20240328,20240929
burrr001,1990,MIL,Bullpen,19900409,19901003
burrr001,1991,MIL,Bullpen,19910408,19911006
burrr001,1992,TEX,,19920406,19921004
burwb101,1944,BOS,3B,19440418,19441001
burwb101,1947,PIT,,19470415,19470928
burwb101,1948,PIT,,19480419,19481003
burwb101,1958,PIT,Pitching,19580415,19580928
burwb101,1959,PIT,Pitching,19590409,19590927
burwb101,1960,PIT,Pitching,19600412,19601013
burwb101,1961,PIT,Pitching,19610411,19611001
burwb101,1962,PIT,Pitching,19620410,19620930
busbj101,1961,BAL,,19610411,19610930
busbj101,1962,HOU,,19620410,19620930
busbj101,1963,HOU,,19630409,19630929
busbj101,1964,HOU,,19640413,19641004
busbj101,1965,HOU,,19650412,19651003
busbj101,1966,HOU,,19660412,19661002
busbj101,1967,HOU,,19670411,19671001
busbj101,1968,ATL,,19680410,19680929
busbj101,1969,ATL,,19690407,19691006
busbj101,1970,ATL,,19700407,19701001
busbj101,1971,ATL,,19710405,19710930
busbj101,1972,ATL,,19720415,19721004
busbj101,1973,ATL,,19730406,19730930
busbj101,1974,ATL,,19740404,19741002
busbj101,1975,ATL,,19750407,19750928
busbj101,1976,CHA,,19760409,19761003
busbj101,1977,SEA,3B,19770406,19771002
busbj101,1978,SEA,3B,19780405,19781001
buscm002,2020,TOR,Bullpen,20200723,20200927
buscm002,2021,TOR,Bullpen,20210401,20211003
buscm002,2022,TOR,Bullpen,20220408,20221008
bushd001,2020,BOS,Pitching,20200723,20200927
bushd001,2021,BOS,Pitching,20210401,20211003
bushd001,2022,BOS,Pitching,20220408,20221005
bushd001,2023,BOS,Pitching,20230330,20231001
bushd801,2013,OAK,Bullpen,20130401,20131010
bushd801,2014,OAK,Bullpen,20140331,20140930
bushd801,2015,OAK,Hitting,20150406,20151004
bushd801,2016,OAK,Hitting,20160404,20161002
bushd801,2017,OAK,Hitting,20170402,20171001
bushd801,2018,OAK,Hitting,20180329,20181001
bushd801,2019,OAK,Hitting,20190329,20190929
bushd801,2020,OAK,Hitting,20200723,20200927
bushd801,2021,OAK,Hitting,20210401,20211003
bushd801,2022,OAK,3B,20220408,20221005
bushd801,2023,OAK,Bench,20230330,20231001
bushd801,2024,OAK,Bench,20240328,20240929
butcm001,2006,TBA,Pitching,20060403,20061001
butcm001,2007,ANA,Pitching,20070402,20071007
butcm001,2008,ANA,Pitching,20080331,20081006
butcm001,2009,ANA,Pitching,20090406,20091025
butcm001,2010,ANA,Pitching,20100405,20101003
butcm001,2011,ANA,Pitching,20110331,20110928
butcm001,2012,ANA,Pitching,20120406,20121003
butcm001,2013,ANA,Pitching,20130401,20130929
butcm001,2014,ANA,Pitching,20140331,20141005
butcm001,2015,ANA,Pitching,20150406,20151004
butcm001,2016,ARI,Pitching,20160404,20161002
butcm001,2017,ARI,Pitching,20170402,20171001
butcm001,2018,ARI,Pitching,20180329,20181001
butcm001,2019,ARI,Pitching,20190329,20190929
buted001,2024,CHA,Bench,20240809,20240929
butes001,1998,TOR,,19980401,19980927
butlb001,2005,ARI,1B,20050404,20051002
butlb001,2014,MIA,3B,20140331,20140928
butlb001,2015,MIA,3B,20150406,20151004
butlj101,1932,CHA,,19320412,19320925
buttb801,1994,NYA,1B,19940404,19940811
buttb801,1995,NYA,1B,19950426,19951008
buttb801,1998,ARI,3B,19980331,19980927
buttb801,1999,ARI,3B,19990405,19991009
buttb801,2000,ARI,3B,20000404,20001001
buttb801,2002,TOR,3B,20020603,20020929
buttb801,2003,TOR,3B,20030331,20030928
buttb801,2004,TOR,3B,20040405,20041003
buttb801,2005,TOR,3B,20050404,20051002
buttb801,2006,TOR,3B,20060404,20061001
buttb801,2007,TOR,3B,20070402,20070930
buttb801,2008,TOR,Bench,20080401,20080928
buttb801,2009,TOR,Bench,20090406,20091004
buttb801,2010,TOR,3B,20100405,20101003
buttb801,2011,TOR,3B,20110401,20110928
buttb801,2012,TOR,3B,20120405,20121003
buttb801,2013,BOS,3B,20130401,20131030
buttb801,2014,BOS,3B,20140331,20140928
buttb801,2015,BOS,3B,20150406,20151004
buttb801,2016,BOS,3B,20160405,20161010
buttb801,2017,BOS,3B,20170402,20171001
buttb801,2018,CHN,3B,20180329,20181001
buttb801,2019,CHN,3B,20190329,20190929
buttb801,2020,ANA,3B,20200723,20200927
buttb801,2021,ANA,3B,20210401,20211003
cabrj801,2024,CHN,Hitting,20240328,20240929
cabrn801,2017,SEA,Bullpen,20170714,20171001
cadac801,2007,ATL,Bench,20070402,20070930
cadac801,2008,ATL,Bench,20080330,20080928
cadac801,2009,ATL,Bench,20090405,20091004
cadac801,2010,ATL,Bench,20100405,20101011
cadac801,2012,KCA,Bench,20120406,20121003
cadac801,2013,KCA,Bench,20130401,20130929
cairm001,2021,CHA,Bench,20210401,20211003
cairm001,2022,CHA,Bench,20220408,20220830
cairm001,2024,WAS,Bench,20240328,20240929
calim801,2022,PHI,Bench,20220603,20221105
calim801,2023,PHI,Bench,20230330,20231024
calim801,2024,PHI,Bench,20240329,20241009
callm001,2013,CLE,Pitching,20130402,20131002
callm001,2014,CLE,Pitching,20140331,20140928
callm001,2015,CLE,Pitching,20150406,20151004
callm001,2016,CLE,Pitching,20160405,20161102
callm001,2017,CLE,Pitching,20170402,20171001
callm001,2020,ANA,Pitching,20200723,20200927
camaj801,1969,WS2,Bench,19690407,19691001
camaj801,1970,WS2,,19700406,19701001
camaj801,1971,WS2,,19710405,19710930
camaj801,1972,TEX,,19720415,19721004
camid101,1968,WS2,,19680410,19680929
camid101,1969,WS2,,19690407,19691001
camid101,1970,BOS,Bullpen,19700407,19700930
camid101,1971,BOS,,19710406,19710929
camid101,1972,BOS,,19720415,19721004
camid101,1973,BOS,,19730406,19730930
camij801,2022,PHI,Hitting,20220408,20221105
camij801,2023,PHI,Hitting,20230330,20231024
campb001,1999,MIL,Pitching,19990405,19991003
candc001,2016,SEA,1B,20160404,20161002
candc001,2017,SEA,1B,20170402,20171001
candc001,2022,TOR,Bench,20220713,20221008
cannc101,1976,ATL,,19760409,19761003
cannc101,1977,ATL,,19770408,19771002
cannc101,1978,ATL,,19780407,19781001
caprn001,2017,CHA,3B,20170402,20171001
caprn001,2018,CHA,3B,20180329,20181001
caprn001,2019,CHA,3B,20190329,20190929
caprn001,2020,CHA,3B,20200723,20200927
cardj101,1993,CIN,,19930524,19931003
cardj101,1994,SLN,,19940403,19940811
cardj101,1995,SLN,,19950426,19951001
cardj101,1996,NYA,,19960402,19961026
cardj101,1997,NYA,,19970401,19971006
cardj101,1998,NYA,,19980401,19981021
cardj101,1999,NYA,,19990405,19991027
cardj101,2000,TBA,1B,20000403,20001001
cardj101,2001,TBA,1B,20010403,20010417
cardj101,2002,CIN,1B,20020401,20020929
cardj101,2003,CIN,1B,20030331,20030928
carem101,1930,PIT,,19300415,19300928
carep801,1997,COL,Bullpen,19970401,19970928
carer001,1992,CAL,Hitting,19920407,19921004
carer001,1993,CAL,Hitting,19930406,19931003
carer001,1994,CAL,Hitting,19940405,19940810
carer001,1995,CAL,Hitting,19950426,19951002
carer001,1996,CAL,Hitting,19960402,19960929
carer001,1997,ANA,Hitting,19970402,19970928
carer001,1998,ANA,Hitting,19980401,19980927
carer001,1999,ANA,Hitting,19990406,19991003
carer001,2000,MIL,Hitting,20000403,20001001
carer001,2001,MIL,Hitting,20010402,20011007
caret102,1946,BOS,,19460723,19460929
caret102,1947,BOS,,19470415,19470928
carif101,1923,DET,,19230418,19231007
carif101,1924,DET,,19240415,19240929
carld001,2022,ARI,Pitching,20220407,20221005
carld001,2023,ARI,Pitching,20230330,20231101
carld001,2024,ARI,Pitching,20240328,20240929
carld801,1996,BOS,Bullpen,19960401,19960430
carnd801,1970,KCA,,19700407,19701001
carrl801,1987,MON,,19870406,19871004
carrl801,1988,MON,,19880404,19881002
cartd801,1959,PHI,,19590410,19590927
cartd801,1960,PHI,,19600412,19600529
cartl001,2020,KCA,Bullpen,20200723,20200927
cartl001,2021,KCA,Bullpen,20210401,20211003
cartl001,2022,KCA,Bullpen,20220407,20221005
caseg101,1961,WS2,,19610410,19611001
caseg101,1962,WS2,,19620409,19620930
caseg101,1963,WS2,,19630408,19630521
caseg101,1968,MIN,,19680410,19680929
cases001,2023,NYA,Hitting,20230710,20231001
cashd101,1996,PHI,,19960402,19960929
cashd101,2005,BAL,1B,20050804,20051002
cashd101,2006,BAL,1B,20060403,20060606
cashk001,2013,CLE,Bullpen,20130402,20131002
cashk001,2014,CLE,Bullpen,20140331,20140928
castb101,1992,MIL,Bullpen,19920406,19921004
castb101,1993,MIL,Bullpen,19930406,19931003
castb101,1994,MIL,Bullpen,19940405,19940811
castb101,1995,MIL,Bullpen,19950426,19951001
castb101,1996,MIL,Bullpen,19960402,19960929
castb101,1997,MIL,Bullpen,19970401,19970928
castb101,1998,MIL,Bullpen,19980331,19980927
castb101,1999,MIL,Bullpen,19990405,19991003
castb101,2000,MIL,Bullpen,20000403,20001001
castb101,2001,MIL,Bullpen,20010402,20011007
castb101,2002,MIL,Bullpen,20020402,20020814
castb101,2002,MIL,Pitching,20020815,20020929
castb101,2003,MIL,Bullpen,20030331,20030928
castb101,2004,MIL,Bullpen,20040405,20041003
castb101,2005,MIL,Bullpen,20050404,20051002
castb101,2006,MIL,Bullpen,20060403,20061001
castb101,2007,MIL,Bullpen,20070402,20070930
castb101,2008,MIL,Bullpen,20080331,20081005
castb101,2009,MIL,Pitching,20090407,20090811
castb101,2012,BAL,Bullpen,20120406,20121012
castb101,2013,BAL,Bullpen,20130402,20130929
castj004,2021,PHI,,20210401,20211003
castj004,2023,CHA,Hitting,20230330,20231001
castj801,2008,SEA,Hitting,20080619,20080928
castj801,2015,ATL,Hitting,20150406,20151004
castj801,2016,ATL,Hitting,20160404,20161002
castj801,2017,ATL,Hitting,20170402,20171001
castj801,2018,ATL,Hitting,20180329,20181001
castj801,2019,ATL,Hitting,20190329,20190929
castj801,2020,ATL,Hitting,20200723,20200927
castj801,2021,ATL,Hitting,20210401,20211003
castj801,2022,ATL,Hitting,20220407,20221015
cavap101,1961,DET,3B,19610411,19611001
cavap101,1962,DET,1B,19620409,19620930
cavap101,1963,DET,1B,19630409,19630616
cavap101,1975,NYN,,19750408,19750928
cavap101,1976,NYN,,19760409,19761003
cavap101,1977,NYN,,19770407,19771002
cavap101,1978,NYN,,19780407,19781001
cepeo101,1980,CHA,,19800410,19801005
cepew801,2020,MIA,Bullpen,20200723,20200927
cepew801,2021,MIA,Bullpen,20210401,20211003
cepew801,2022,MIA,Bullpen,20220408,20221005
cepew801,2023,MIA,Bullpen,20230330,20231004
cepew801,2024,MIA,Bullpen,20240328,20240929
chamc001,1988,NYA,Hitting,19880405,19881002
chamc001,1993,SLN,Hitting,19930406,19931003
chamc001,1994,SLN,Hitting,19940403,19940811
chamc001,1995,SLN,Hitting,19950426,19951001
chamc001,1996,NYA,Hitting,19960402,19961026
chamc001,1997,NYA,Hitting,19970401,19971006
chamc001,1998,NYA,Hitting,19980401,19981021
chamc001,1999,NYA,Hitting,19990405,19991027
chamc001,2000,NYA,Hitting,20000403,20001026
chamc001,2002,NYN,Hitting,20020612,20020929
chamc001,2004,CIN,Hitting,20040405,20041003
chamc001,2005,CIN,Hitting,20050404,20051002
chamc001,2006,CIN,Hitting,20060403,20061001
chamc001,2011,SEA,Hitting,20110401,20110928
chamc001,2012,SEA,Hitting,20120328,20121003
chans101,1957,KC1,,19570416,19570929
chans101,1958,KC1,,19580415,19580928
chapb102,1952,CIN,,19520415,19520928
chapt001,2022,NYA,1B,20220408,20221023
chapt001,2023,NYA,1B,20230330,20231001
chapt001,2024,NYA,1B,20240328,20241030
charn001,2008,SEA,Bullpen,20080331,20080928
chave001,2022,NYN,Hitting,20220407,20221009
chave001,2023,NYN,Bench,20230330,20231001
chave001,2024,NYN,Hitting,20240329,20241020
chavr801,2006,SEA,Pitching,20060403,20061001
chavr801,2007,SEA,Pitching,20070402,20070930
chesj101,1924,WS1,,19240415,19240526
chitd801,1991,CLE,Bullpen,19910614,19911006
chitd801,1992,CLE,Bullpen,19920406,19921004
chitd801,1993,CLE,Bullpen,19930405,19931003
chitd801,2006,TEX,Bullpen,20060403,20061001
chitd801,2007,TEX,Bullpen,20070402,20070930
chitd801,2008,TEX,Bullpen,20080331,20080801
chitd801,2014,BAL,Bullpen,20140331,20141015
chitd801,2015,BAL,Bullpen,20150406,20151004
chitd801,2016,BAL,Bullpen,20160404,20161004
chitd801,2021,ANA,Bullpen,20210401,20211003
chitd801,2022,ANA,Pitching,20220407,20221005
chitd801,2023,NYN,Bullpen,20230330,20231001
chrir001,2018,OAK,Bench,20180329,20181001
chrir001,2019,OAK,Bench,20190329,20190929
chrir001,2020,OAK,Bench,20200723,20200927
chrir001,2021,OAK,Bench,20210401,20211003
chrir001,2022,SDN,Bench,20220407,20221023
chrir001,2024,SFN,Bench,20240328,20240929
cinta001,2018,HOU,1B,20180329,20181001
cinta001,2019,HOU,Hitting,20190329,20190929
cinta001,2020,HOU,Hitting,20200723,20200927
cinta001,2021,HOU,Hitting,20210401,20211003
cinta001,2022,HOU,Hitting,20220407,20221105
cinta001,2023,HOU,Hitting,20230330,20231023
cinta001,2024,HOU,Hitting,20240328,20241002
ciscg101,1971,KCA,Pitching,19710406,19710929
ciscg101,1972,KCA,Pitching,19720415,19721004
ciscg101,1973,KCA,Pitching,19730406,19730930
ciscg101,1974,KCA,Pitching,19740405,19741002
ciscg101,1975,KCA,Pitching,19750407,19750928
ciscg101,1976,KCA,Pitching,19760409,19761014
ciscg101,1977,KCA,Pitching,19770407,19771009
ciscg101,1978,KCA,Pitching,19780408,19781007
ciscg101,1979,KCA,Pitching,19790405,19790930
ciscg101,1980,MON,Pitching,19800411,19801005
ciscg101,1981,MON,Pitching,19810409,19811019
ciscg101,1982,MON,Pitching,19820409,19821003
ciscg101,1983,MON,Pitching,19830406,19831002
ciscg101,1984,MON,Pitching,19840403,19840930
ciscg101,1985,SDN,Pitching,19850409,19851006
ciscg101,1986,SDN,Pitching,19860407,19861005
ciscg101,1987,SDN,Pitching,19870406,19871004
ciscg101,1988,TOR,Pitching,19880527,19881002
ciscg101,1990,TOR,Pitching,19900409,19901003
ciscg101,1991,TOR,Pitching,19910408,19911013
ciscg101,1992,TOR,Pitching,19920406,19921024
ciscg101,1993,TOR,Pitching,19930406,19931023
ciscg101,1994,TOR,Pitching,19940404,19940811
ciscg101,1995,TOR,Pitching,19950426,19951001
ciscg101,1997,PHI,Pitching,19970401,19970928
ciscg101,1998,PHI,Pitching,19980331,19980927
ciscg101,1999,PHI,Pitching,19990405,19991003
ciscg101,2000,PHI,Pitching,20000404,20001001
claps001,2019,SLN,1B,20190329,20190929
claps001,2020,SLN,1B,20200723,20200927
claps001,2021,SLN,1B,20210401,20211003
claps001,2022,SLN,1B,20220407,20221008
claps001,2023,SLN,1B,20230330,20231001
claps001,2024,SLN,1B,20240328,20240929
clard001,2001,PIT,,20010403,20011007
clard001,2002,PIT,Hitting,20020401,20020929
clard001,2009,HOU,3B,20090406,20090920
clard001,2010,HOU,3B,20100405,20101003
clard001,2011,HOU,3B,20110401,20110928
clard001,2012,HOU,3B,20120406,20121003
clard001,2013,HOU,1B,20130402,20130929
clard001,2014,DET,3B,20140331,20141005
clard001,2015,DET,3B,20150406,20151004
clard001,2016,DET,3B,20160405,20161002
clard001,2017,DET,3B,20170402,20171001
clard001,2018,DET,3B,20180329,20181001
clard001,2019,DET,3B,20190329,20190929
clard001,2020,DET,1B,20200723,20200927
clard001,2024,HOU,1B,20240328,20241002
clare102,1955,WS1,,19550411,19550925
clare102,1956,WS1,,19560417,19560930
clare102,1957,WS1,,19570415,19570929
clare102,1958,WS1,,19580414,19580928
clare102,1959,WS1,,19590409,19590927
clare102,1960,WS1,,19600418,19601002
clarf101,1925,PIT,Bench,19250414,19251015
clarf101,1926,PIT,Bench,19260413,19260925
clarh001,2017,BAL,Hitting,20170402,20171001
clarh001,2018,BAL,Hitting,20180329,20181001
clarh001,2019,BAL,Hitting,20190329,20190929
clarh001,2020,BAL,Hitting,20200723,20200927
clarh001,2021,CHA,Hitting,20210401,20211003
clarh001,2022,CHA,Hitting,20220408,20221005
clarj001,2001,LAN,Hitting,20010402,20011007
clarj001,2002,LAN,Hitting,20020402,20020929
clarj001,2003,LAN,Hitting,20030331,20030803
clarp001,2018,DET,Hitting,20180329,20181001
clarp001,2019,DET,Hitting,20190329,20190929
clarp001,2020,DET,Hitting,20200723,20200927
clarr103,1988,CHA,,19880404,19881002
clarr103,1989,CHA,,19890404,19891001
clarr103,1990,CHA,,19900409,19901003
clarr103,1991,SEA,,19910409,19911006
clarr103,1992,CLE,,19920406,19921004
clarr103,1993,CLE,,19930405,19931003
clart101,1932,NY1,,19320412,19320925
clart101,1933,NY1,,19330416,19331007
clart101,1934,NY1,,19340417,19340930
clart101,1935,NY1,,19350416,19350929
clart101,1938,NY1,,19380419,19380715
clarw101,1937,BRO,,19370520,19371003
cleab801,1976,CAL,,19760409,19761003
cleab801,1977,CAL,Bench,19770406,19771002
cleab801,1978,CAL,1B,19780407,19781001
cleab801,1979,CAL,1B,19790404,19791006
cleab801,1980,CAL,1B,19800411,19801005
cleab801,1981,CAL,Bullpen,19810409,19811004
cleab801,1982,CAL,Bullpen,19820406,19821010
cleab801,1983,CAL,Bullpen,19830405,19831002
cleab801,1984,CAL,Bullpen,19840402,19840930
cleab801,1985,CAL,Bullpen,19850409,19851006
cleab801,1986,CAL,Bullpen,19860408,19861015
cleab801,1987,CAL,,19870407,19871004
cling101,1979,CHN,Bullpen,19790510,19790930
cling101,1980,CHN,Bullpen,19800410,19801005
cling101,1981,CHN,1B,19810409,19811004
cling101,1988,HOU,,19880405,19881002
cling101,1989,SEA,Hitting,19890403,19891001
cling101,1990,SEA,Hitting,19900409,19901003
cling101,1991,SEA,Hitting,19910409,19911006
cling101,1992,SEA,Hitting,19920406,19921004
cling101,1993,MIL,Hitting,19930406,19931003
cling101,1994,MIL,Hitting,19940405,19940811
cling101,1997,SFN,Hitting,19970401,19971003
cling101,1998,SFN,Hitting,19980331,19980928
cling101,1999,SFN,Hitting,19990405,19991003
cling101,2000,SFN,Hitting,20000403,20001008
cling101,2001,SFN,Hitting,20010402,20011007
cling101,2002,SFN,Hitting,20020402,20021027
cling101,2003,CHN,1B,20030331,20031015
cling101,2004,CHN,1B,20040405,20041003
cling101,2005,CHN,Hitting,20050404,20051002
cling101,2006,CHN,Hitting,20060403,20061001
clont101,1992,NYA,,19920407,19921004
clont101,1993,NYA,Pitching,19930405,19931003
clont101,1994,NYA,,19940404,19940811
clont101,1995,NYA,,19950426,19951008
clont101,1996,NYA,,19960402,19961026
clont101,1997,NYA,,19970401,19971006
clont101,1998,NYA,,19980401,19981021
clont101,1999,NYA,,19990405,19991027
clont101,2000,NYA,,20000403,20001026
clont101,2001,NYA,,20010402,20011104
clont101,2002,BOS,Pitching,20020401,20020929
clont101,2003,BOS,Pitching,20030423,20030529
clucb801,1979,HOU,,19790915,19790930
clucb801,1990,HOU,Pitching,19900409,19901003
clucb801,1991,HOU,Pitching,19910408,19911006
clucb801,1992,HOU,Pitching,19920407,19921004
clucb801,1993,HOU,Pitching,19930405,19931003
clucb801,1996,OAK,Pitching,19960401,19960929
clucb801,1997,OAK,Pitching,19970402,19970928
clucb801,2003,DET,Pitching,20030331,20030928
clucb801,2004,DET,Pitching,20040405,20041003
clucb801,2005,DET,Pitching,20050404,20051002
clymb101,1925,CIN,,19250414,19251004
cochm101,1950,PHA,,19500418,19501001
cocka001,2002,COL,Hitting,20020429,20020929
cocka001,2007,COL,Hitting,20070402,20071028
cocka001,2008,COL,Hitting,20080401,20080928
cocka001,2009,SEA,Hitting,20090406,20091004
cocka001,2010,SEA,Hitting,20100405,20100508
cocka001,2015,NYA,Hitting,20150406,20151006
cocka001,2016,NYA,Hitting,20160405,20161002
cocka001,2017,NYA,Hitting,20170402,20171001
cohea101,1960,PHI,,19600412,19600413
cohea101,1960,PHI,,19600415,19601002
colar101,1973,CLE,,19730407,19730929
colar101,1976,CLE,,19760410,19761002
colar101,1977,CLE,,19770407,19771002
colar101,1978,CLE,,19780408,19781001
colar101,1982,KCA,,19820405,19821003
colar101,1983,KCA,,19830404,19831002
colbc001,2007,SDN,Bench,20070403,20071001
colbc001,2008,SDN,Bench,20080331,20080928
colbg001,2013,BOS,Hitting,20130401,20131030
colbg001,2014,BOS,Hitting,20140331,20140928
colbj101,2001,LAN,Pitching,20010402,20011007
colbj101,2002,LAN,Pitching,20020402,20020929
colbj101,2003,LAN,Pitching,20030331,20030928
colbj101,2004,LAN,Pitching,20040405,20041010
colbj101,2005,LAN,Pitching,20050405,20051002
colbj101,2006,PIT,Pitching,20060403,20061001
colbj101,2007,PIT,Pitching,20070402,20070930
colbj101,2008,TEX,Bullpen,20080802,20080928
coleb102,1932,DET,,19320723,19320925
coleb102,1943,BSN,,19430618,19431003
coled001,2014,DET,Hitting,20140331,20141005
coled001,2015,MIL,Hitting,20150406,20151004
coled001,2016,MIL,Hitting,20160404,20161002
coled001,2017,MIL,Hitting,20170402,20171001
coled001,2018,MIL,Hitting,20180329,20181001
coled001,2019,ARI,Hitting,20190329,20190929
coled001,2020,ARI,Hitting,20200723,20200927
coled001,2021,ARI,Hitting,20210401,20210609
coled001,2022,WAS,Hitting,20220407,20221005
coled001,2023,WAS,Hitting,20230330,20231001
coled001,2024,WAS,Hitting,20240328,20240929
coled101,1961,CHN,,19610803,19611001
colej102,1987,CAL,Bullpen,19870407,19871004
colej102,1988,CAL,Bullpen,19880404,19881002
colej102,1989,CAL,Bullpen,19890404,19891001
colej102,1990,CAL,Bullpen,19900409,19901003
colej102,1991,SLN,Pitching,19910409,19911006
colej102,1992,SLN,Pitching,19920406,19921004
colej102,1993,SLN,Pitching,19930406,19931003
colej102,1994,SLN,Pitching,19940403,19940811
colej102,1996,CAL,Pitching,19960805,19960929
colej102,1997,ANA,,19970402,19970928
colej102,1998,ANA,,19980401,19980927
colej102,1999,ANA,,19990406,19991003
coles001,2013,COL,3B,20130401,20130929
coles001,2014,COL,3B,20140331,20140928
coles001,2015,COL,3B,20150406,20151004
coles001,2016,COL,3B,20160404,20161002
coles001,2017,COL,3B,20170402,20171001
coles001,2018,COL,3B,20180329,20181001
coles001,2019,COL,3B,20190329,20190929
coles001,2020,COL,3B,20200723,20200927
coles001,2021,COL,3B,20210401,20211003
coles001,2022,COL,3B,20220408,20221005
colld001,1991,SLN,,19910409,19911006
colld001,1992,SLN,,19920406,19921004
colld001,1999,CIN,,19990405,19991004
colld001,2000,CIN,,20000403,20001001
colld001,2002,MIL,1B,20020402,20020929
colld001,2003,COL,1B,20030401,20030928
colld001,2004,COL,1B,20040406,20041003
colld001,2005,COL,1B,20050404,20051002
colld001,2006,COL,1B,20060403,20061001
colld001,2010,FLO,1B,20100405,20100625
colle101,1929,PHA,,19290417,19291014
colle101,1930,PHA,,19300415,19301008
colle101,1931,PHA,,19310414,19311010
colle101,1932,PHA,,19320412,19320925
collm801,2023,HOU,Bullpen,20230330,20231023
collm801,2024,HOU,,20240328,20241002
collr101,1961,CHN,Hitting,19610511,19611001
collr101,1962,CHN,,19620822,19620930
collt801,1992,PIT,,19920406,19921014
collt801,1993,PIT,Bullpen,19930406,19931003
collt801,2001,TBA,Bullpen,20010403,20010417
collt801,2001,TBA,3B,20010418,20011007
combe101,1936,NYA,,19360414,19361006
combe101,1937,NYA,,19370420,19371003
combe101,1938,NYA,,19380418,19381009
combe101,1939,NYA,,19390420,19391008
combe101,1940,NYA,,19400416,19400929
combe101,1941,NYA,,19410414,19411006
combe101,1942,NYA,,19420414,19421005
combe101,1943,NYA,,19430422,19431003
combe101,1947,SLA,,19470415,19470928
combe101,1948,BOS,1B,19480419,19481004
combe101,1949,BOS,1B,19490419,19491002
combe101,1950,BOS,1B,19500418,19501001
combe101,1951,BOS,1B,19510417,19510930
combe101,1952,BOS,1B,19520415,19520928
combe101,1954,PHI,,19540413,19540926
combm101,1974,TEX,,19740404,19741002
combm101,1975,TEX,,19750408,19750722
comes001,1987,CLE,,19870702,19871004
congh001,2022,MIN,1B,20220408,20221005
congh001,2023,MIN,1B,20230330,20231011
congh001,2024,MIN,1B,20240328,20240929
connb101,1980,KCA,Pitching,19800410,19801021
connb101,1981,KCA,Pitching,19810410,19811005
connb101,1982,CHN,Pitching,19820405,19821003
connb101,1983,CHN,Pitching,19830406,19831002
connb101,1984,CHN,Pitching,19840403,19841007
connb101,1985,CHN,Pitching,19850409,19851006
connb101,1986,CHN,Pitching,19860408,19861005
connb101,1987,SEA,Pitching,19870407,19871004
connb101,1988,SEA,Pitching,19880404,19881002
connb101,1989,NYA,Pitching,19890404,19891001
connb101,1990,NYA,Pitching,19900412,19901003
connb101,1991,CHN,Pitching,19910629,19911006
connb101,1992,CHN,Pitching,19920407,19921004
connb101,1993,CHN,Pitching,19930405,19931003
connb101,1994,NYA,Pitching,19940404,19940811
connb101,1995,NYA,Pitching,19950426,19950712
connm801,1984,NYA,Pitching,19840618,19840930
connm801,1985,NYA,Pitching,19850408,19850802
connm801,1986,NYA,Pitching,19860517,19861005
connm801,1987,NYA,Pitching,19870406,19871004
connm801,1990,NYA,Bullpen,19900412,19901003
connm801,1991,NYA,Pitching,19910408,19911006
connm801,1992,NYA,Pitching,19920407,19921004
connm801,1993,NYA,Bullpen,19930405,19931003
connm801,1998,ARI,Pitching,19980331,19980927
connm801,1999,ARI,Pitching,19990405,19991009
connm801,2000,ARI,Pitching,20000404,20001001
connm801,2001,TOR,Pitching,20010401,20011007
connm801,2002,TOR,Pitching,20020401,20020604
connm801,2003,TEX,Bullpen,20030330,20030928
connm801,2004,TEX,Bullpen,20040405,20041003
connm801,2005,TEX,Bullpen,20050405,20051002
connm801,2006,TEX,Pitching,20060403,20061001
connm801,2007,TEX,Pitching,20070402,20070930
connm801,2008,TEX,Pitching,20080331,20080801
connm801,2011,BAL,Pitching,20110401,20110612
conns801,2022,TEX,Hitting,20220408,20221005
conns801,2023,TEX,Hitting,20230330,20231101
conns801,2024,TEX,Hitting,20240328,20240929
conrw101,1922,PHI,,19220412,19221001
consb101,1979,DET,Bench,19790614,19790930
consb101,1980,DET,Bench,19800410,19801005
consb101,1981,DET,Bench,19810409,19811004
consb101,1982,DET,Bench,19820409,19821003
consb101,1983,DET,Bench,19830405,19831002
consb101,1984,DET,Bench,19840403,19841014
consb101,1985,DET,Bench,19850408,19851006
consb101,1986,DET,Bench,19860407,19861005
consb101,1987,DET,Bench,19870406,19871012
consb101,1988,DET,Bench,19880404,19881002
consb101,1989,DET,Bench,19890404,19891001
consb101,1990,DET,Bench,19900409,19901003
consb101,1991,DET,Bench,19910408,19911006
consb101,1992,DET,Bench,19920406,19921004
consb101,1993,DET,,19930405,19931003
consb101,1994,DET,,19940404,19940811
consb101,1995,DET,,19950426,19951001
contg801,2005,NYN,Bullpen,20050404,20051002
contg801,2006,NYN,Bullpen,20060403,20061001
contg801,2007,NYN,Bullpen,20070401,20070930
contg801,2008,NYN,Bullpen,20080331,20080928
contn101,1995,NYA,Pitching,19950713,19951008
contn101,1997,SEA,Pitching,19970401,19971005
contn101,1998,CHA,Pitching,19980523,19980927
contn101,1998,SEA,Pitching,19980331,19980412
contn101,1999,CHA,Pitching,19990405,19991003
contn101,2000,CHA,Pitching,20000403,20001006
contn101,2001,CHA,Pitching,20010402,20011007
contn101,2002,CHA,Pitching,20020401,20020721
cookd102,1948,PHI,,19480420,19480715
cookd102,1948,PHI,,19480726,19481003
cookd102,1949,PHI,,19490418,19491002
cookd102,1950,PHI,,19500418,19501007
cookd102,1951,PHI,,19510417,19510930
cookd102,1952,PHI,,19520416,19520627
cools001,2011,TEX,Hitting,20110609,20111028
cools001,2012,TEX,Hitting,20120406,20121003
cools001,2015,BAL,Hitting,20150406,20151004
cools001,2016,BAL,Hitting,20160404,20161004
cools001,2017,BAL,Hitting,20170402,20171001
cools001,2018,BAL,Hitting,20180329,20181001
cools001,2020,CHA,Hitting,20200723,20200927
cools001,2021,DET,Hitting,20210401,20211003
cools001,2022,DET,Hitting,20220408,20221005
cools001,2023,SDN,Hitting,20230330,20231001
coomj101,1920,DET,,19200414,19201003
coonj101,1940,BSN,,19400416,19400929
coonj101,1941,BSN,,19410415,19410928
coonj101,1946,BSN,,19460416,19460929
coonj101,1947,BSN,,19470415,19470928
coonj101,1948,BSN,,19480420,19481011
coonj101,1949,BSN,,19490418,19490815
coonj101,1950,BSN,,19500418,19501001
coonj101,1951,BSN,,19510417,19510930
coonj101,1952,BSN,,19520415,19520928
coonj101,1953,MLN,,19530413,19530927
coonj101,1954,MLN,,19540413,19540926
coonj101,1955,MLN,,19550412,19550925
coonj101,1957,CHA,,19570416,19570929
coonj101,1958,CHA,,19580415,19580928
coonj101,1959,CHA,,19590410,19591008
coonj101,1960,CHA,,19600419,19601002
coonj101,1961,CHA,,19610410,19610930
coonj101,1962,CHA,,19620410,19620930
coonj101,1963,CHA,,19630409,19630929
coonj101,1964,CHA,,19640414,19641004
coopc001,2002,MIL,Bench,20020418,20020929
coopc001,2005,HOU,Bench,20050405,20051026
coopc001,2006,HOU,Bench,20060403,20061001
coopc001,2007,HOU,Bench,20070402,20070826
coopd001,1995,CHA,Pitching,19950602,19950811
coopd001,2002,CHA,Pitching,20020722,20020929
coopd001,2003,CHA,Pitching,20030331,20030928
coopd001,2004,CHA,Pitching,20040405,20041003
coopd001,2005,CHA,Pitching,20050404,20051002
coopd001,2006,CHA,Pitching,20060402,20061001
coopd001,2007,CHA,Pitching,20070402,20070930
coopd001,2008,CHA,Pitching,20080331,20081006
coopd001,2009,CHA,Pitching,20090407,20091004
coopd001,2010,CHA,Pitching,20100405,20101003
coopd001,2011,CHA,Pitching,20110401,20110928
coopd001,2012,CHA,Pitching,20120406,20121003
coopd001,2013,CHA,Pitching,20130401,20130929
coopd001,2014,CHA,Pitching,20140331,20140928
coopd001,2015,CHA,Pitching,20150406,20151004
coopd001,2016,CHA,Pitching,20160404,20161002
coopd001,2017,CHA,Pitching,20170402,20171001
coopd001,2018,CHA,Pitching,20180329,20181001
coopd001,2019,CHA,Pitching,20190329,20190929
coopw102,1957,SLN,,19570416,19570929
coopw102,1960,KC1,,19600419,19601002
coraa001,2017,HOU,Bench,20170402,20171001
coraj001,2004,CHA,3B,20040405,20041003
coraj001,2005,CHA,3B,20050404,20051002
coraj001,2006,CHA,3B,20060402,20061001
coraj001,2007,CHA,Bench,20070402,20070930
coraj001,2008,CHA,Bench,20080331,20081006
coraj001,2009,CHA,Bench,20090407,20091004
coraj001,2010,CHA,Bench,20100405,20101003
coraj001,2011,CHA,Bench,20110401,20110928
coraj001,2012,MIA,Bench,20120404,20121003
coraj001,2017,PIT,3B,20170402,20171001
coraj001,2018,PIT,3B,20180329,20181001
coraj001,2019,PIT,3B,20190329,20190929
coraj001,2020,PIT,3B,20200723,20200927
coraj001,2021,PIT,3B,20210401,20211003
coraj001,2022,NYN,3B,20220407,20221009
coraj001,2023,NYN,3B,20230330,20231001
coraj001,2024,DET,3B,20240328,20241012
cornr001,2010,FLO,Bullpen,20100405,20101003
cornr001,2011,FLO,Bullpen,20110401,20110928
cornr001,2012,MIA,Bullpen,20120404,20121003
cornr001,2013,MIA,Bullpen,20130401,20130929
cornr001,2014,MIA,Bullpen,20140331,20140928
cornr001,2015,MIA,Bullpen,20150406,20151004
cornr001,2016,MIA,Bullpen,20160405,20161002
cornr001,2017,MIA,Bullpen,20170402,20171001
cornr001,2022,COL,Bullpen,20220408,20221005
cornr001,2023,COL,Bullpen,20230330,20231001
cornr001,2024,COL,Bullpen,20240328,20240929
corrk801,2020,SFN,Bench,20200723,20200927
corrk801,2021,SFN,Bench,20210401,20211003
corrk801,2022,SFN,Bench,20220408,20221005
corrk801,2023,SFN,Bench,20230330,20231001
corrn801,2023,MIL,,20230330,20231004
corrp102,1976,TEX,,19760409,19761003
corrp102,1977,TEX,,19770407,19771002
corrp102,1978,TEX,,19780408,19780930
corrp102,1989,NYA,,19890404,19890817
corrp102,1990,ATL,1B,19900622,19901003
corrp102,1991,ATL,1B,19910410,19911027
corrp102,1992,ATL,1B,19920407,19921024
corrp102,1993,ATL,1B,19930405,19931013
corrp102,1994,ATL,1B,19940404,19940811
corrp102,1995,ATL,1B,19950426,19951028
corrp102,1996,ATL,1B,19960401,19961026
corrp102,1997,ATL,1B,19970401,19971014
corrp102,1998,ATL,1B,19980331,19981014
corrp102,1999,ATL,Bench,19990405,19991027
corrp102,2000,ATL,Bench,20000403,20001007
corrp102,2001,ATL,Bench,20010402,20011021
corrp102,2002,ATL,Bench,20020401,20021007
corrp102,2003,ATL,Bench,20030331,20031005
corrp102,2004,ATL,Bench,20040406,20041011
corrp102,2005,ATL,Bench,20050405,20051009
corrp102,2006,ATL,Bench,20060403,20061001
corrp102,2007,WAS,Bench,20070402,20070930
corrp102,2008,WAS,Bench,20080330,20080928
corrp102,2009,WAS,Bench,20090716,20091004
corrp102,2011,WAS,Bench,20110701,20110928
corrr101,1932,CHN,,19320412,19321002
corrr101,1933,CHN,,19330412,19331001
corrr101,1934,CHN,,19340417,19340930
corrr101,1935,CHN,,19350416,19351007
corrr101,1936,CHN,,19360414,19360927
corrr101,1937,CHN,,19370420,19371003
corrr101,1938,CHN,,19380419,19381009
corrr101,1939,CHN,,19390421,19391001
corrr101,1940,CHN,,19400416,19400929
corrr101,1941,BRO,,19410415,19411006
corrr101,1942,BRO,,19420414,19420927
corrr101,1943,BRO,,19430422,19431003
corrr101,1944,BRO,,19440418,19441001
corrr101,1945,BRO,,19450417,19450930
corrr101,1946,BRO,,19460416,19461003
corrr101,1947,NYA,,19470415,19471006
corrr101,1948,NYA,,19480419,19481003
corrr101,1950,CHA,,19500418,19500526
cosst801,2019,BAL,,20190329,20190929
cosst801,2020,BAL,,20200723,20200927
cosst801,2021,BAL,,20210401,20211003
cosst801,2022,BAL,,20220408,20221005
cosst801,2023,BAL,,20230330,20231010
cosst801,2024,BAL,,20240328,20241002
cothc001,2019,CIN,Pitching,20190329,20190929
cothc001,2020,CIN,Pitching,20200723,20200927
cothc001,2021,PHI,Pitching,20210401,20211003
cothc001,2022,PHI,Pitching,20220408,20221105
cothc001,2023,PHI,Pitching,20230330,20231024
cothc001,2024,PHI,Pitching,20240329,20241009
cottc101,1979,NYN,,19790405,19790930
cottc101,1980,NYN,,19800410,19801005
cottc101,1981,NYN,,19810409,19811004
cottc101,1982,SEA,3B,19820406,19821003
cottc101,1983,SEA,3B,19830405,19831002
cottc101,1984,SEA,3B,19840404,19840831
cottc101,1988,CHN,3B,19880405,19881002
cottc101,1989,CHN,3B,19890404,19891009
cottc101,1990,CHN,3B,19900410,19901003
cottc101,1991,CHN,3B,19910409,19911006
cottc101,1992,CHN,3B,19920407,19921004
cottc101,1993,CHN,3B,19930405,19931003
cottc101,1994,CHN,Bench,19940404,19940810
cottc101,1995,BAL,Bench,19950426,19951001
cottc101,1997,PHI,,19970401,19970928
cottc101,1998,PHI,,19980331,19980927
cottc101,1999,PHI,,19990405,19991003
cottc101,2000,PHI,,20000404,20001001
coucm101,1996,CAL,Bullpen,19960805,19960929
courc101,1965,HOU,,19650412,19651003
cowgc001,2023,CIN,1B,20230330,20231001
cowgc001,2024,CIN,1B,20240328,20240929
cox-b103,1977,NYA,,19770407,19771018
cox-j101,1995,KCA,3B,19950426,19951001
cox-j101,2000,MON,Bench,20000721,20001001
cox-j101,2001,MON,3B,20010402,20010603
cox-j101,2002,FLO,Bullpen,20020402,20020929
cox-j101,2003,FLO,Bench,20030331,20030510
cox-j101,2003,FLO,Bullpen,20030511,20031025
cox-j101,2004,FLO,3B,20040406,20041003
cox-j101,2005,FLO,3B,20050405,20051002
cox-j101,2006,PIT,3B,20060403,20061001
cox-j101,2007,PIT,3B,20070402,20070930
cox-j101,2008,CHA,3B,20080331,20081006
cox-j101,2009,CHA,3B,20090407,20091004
cox-j101,2010,CHA,3B,20100405,20101003
cox-j101,2011,CHA,3B,20110401,20110928
cox-l101,1988,CHN,Bullpen,19880405,19881002
cox-l101,1989,CHN,Bullpen,19890404,19891009
crabc001,2019,TEX,Hitting,20190329,20190929
crabc001,2020,TEX,Hitting,20200723,20200927
crabc001,2021,TEX,Hitting,20210401,20211003
crabe101,1943,CIN,,19430421,19431003
crabe101,1944,CIN,,19440418,19441001
crafh101,1955,KC1,,19550412,19550925
crafh101,1956,KC1,,19560417,19560930
crafh101,1957,KC1,,19570416,19570805
crafh101,1960,CHN,,19600507,19601002
crafh101,1961,CHN,,19610411,19610511
crafh101,1961,CHN,,19610530,19611001
crair101,1969,SDN,,19690408,19691002
crair101,1970,SDN,,19700407,19701001
crair101,1971,SDN,,19710406,19710930
crair101,1972,SDN,,19720415,19721004
crair101,1974,HOU,,19740405,19741002
crair101,1975,HOU,,19750407,19750928
crair101,1976,SDN,,19760409,19761003
crair101,1977,SDN,,19770406,19771002
crair101,1980,DET,Pitching,19800410,19801005
crair101,1981,DET,Pitching,19810409,19811004
crair101,1982,DET,Pitching,19820409,19821003
crair101,1983,DET,Pitching,19830405,19831002
crair101,1984,DET,Pitching,19840403,19841014
cramd102,1948,DET,,19480420,19481003
cramd102,1951,CHA,,19510417,19510930
cramd102,1952,CHA,,19520415,19520928
cramd102,1953,CHA,,19530414,19530927
crand101,1931,PIT,,19310414,19310927
crand101,1932,PIT,,19320412,19320925
crand101,1933,PIT,,19330412,19331001
crand101,1934,PIT,,19340417,19340930
crand102,1977,CAL,1B,19770406,19771002
cranj801,1953,SLA,,19530710,19530927
cravg101,1923,PHI,,19230417,19231006
cresm801,1974,LAN,,19740405,19741017
cresm801,1975,LAN,,19750407,19750928
cresm801,1976,LAN,,19760409,19761003
cresm801,1977,LAN,,19770407,19771018
cresm801,1978,LAN,,19780407,19781017
cresm801,1979,LAN,,19790405,19790930
cresm801,1980,LAN,,19800410,19801006
cresm801,1981,LAN,,19810409,19811028
cresm801,1982,LAN,,19820406,19821003
cresm801,1983,LAN,,19830405,19831008
cresm801,1984,LAN,,19840403,19840930
cresm801,1985,LAN,,19850409,19851016
cresm801,1986,LAN,,19860407,19861005
cresm801,1987,LAN,,19870406,19871004
cresm801,1988,LAN,,19880404,19881020
cresm801,1989,LAN,,19890403,19891001
cresm801,1990,LAN,,19900409,19901003
cresm801,1991,LAN,,19910410,19911006
cresm801,1992,LAN,,19920406,19921004
cresm801,1993,LAN,,19930405,19931003
cresm801,1994,LAN,,19940405,19940811
cresm801,1995,LAN,,19950425,19951006
cresm801,1996,LAN,,19960401,19961005
cresm801,1997,LAN,,19970401,19970928
cresm801,1998,LAN,,19980331,19980624
crimc001,2013,LAN,Bullpen,20130401,20130929
crimc001,2014,LAN,Bullpen,20140323,20141007
crimc001,2015,LAN,Bullpen,20150406,20151015
cronc001,2022,OAK,Hitting,20220408,20221005
cronc001,2023,OAK,Hitting,20230330,20231001
cronc001,2024,OAK,Hitting,20240328,20240929
crosb002,2024,OAK,1B,20240328,20240929
crosf103,1947,NYA,,19470415,19471006
crosf103,1948,NYA,,19480419,19481003
crosf103,1949,NYA,,19490419,19491002
crosf103,1950,NYA,,19500418,19501007
crosf103,1951,NYA,,19510417,19511010
crosf103,1952,NYA,,19520416,19521007
crosf103,1953,NYA,,19530414,19531005
crosf103,1954,NYA,,19540413,19540926
crosf103,1955,NYA,,19550413,19551004
crosf103,1956,NYA,,19560417,19561010
crosf103,1957,NYA,,19570416,19571010
crosf103,1958,NYA,,19580415,19581009
crosf103,1959,NYA,,19590412,19590927
crosf103,1960,NYA,,19600419,19601013
crosf103,1961,NYA,,19610411,19611009
crosf103,1962,NYA,,19620410,19621016
crosf103,1963,NYA,,19630409,19631006
crosf103,1964,NYA,,19640416,19641015
crosf103,1965,NYA,,19650412,19651003
crosf103,1966,NYA,,19660412,19661002
crosf103,1967,NYA,,19670410,19671001
crosf103,1968,NYA,,19680410,19680929
crosf103,1969,SE1,3B,19690408,19691002
crosf103,1970,MIN,,19700407,19701005
crosf103,1971,MIN,,19710406,19710930
crowt101,1985,BAL,Hitting,19850408,19851006
crowt101,1986,BAL,Hitting,19860407,19861005
crowt101,1987,BAL,Hitting,19870406,19871004
crowt101,1988,BAL,Hitting,19880404,19881002
crowt101,1991,MIN,Hitting,19910409,19911027
crowt101,1992,MIN,Hitting,19920406,19921004
crowt101,1993,MIN,Hitting,19930406,19931003
crowt101,1994,MIN,Hitting,19940405,19940810
crowt101,1995,MIN,Hitting,19950426,19951001
crowt101,1996,MIN,Hitting,19960401,19960929
crowt101,1997,MIN,Hitting,19970401,19970928
crowt101,1998,MIN,Hitting,19980401,19980927
crowt101,1999,BAL,Hitting,19990405,19991003
crowt101,2000,BAL,Hitting,20000403,20001001
crowt101,2001,BAL,Hitting,20010402,20011006
crowt101,2002,BAL,Hitting,20020401,20020929
crowt101,2003,BAL,Hitting,20030331,20030928
crowt101,2004,BAL,Hitting,20040404,20041003
crowt101,2005,BAL,Hitting,20050404,20051002
crowt101,2006,BAL,Hitting,20060403,20061001
crowt101,2007,BAL,Hitting,20070402,20070930
crowt101,2008,BAL,Hitting,20080331,20080928
crowt101,2009,BAL,Hitting,20090406,20091004
crowt101,2010,BAL,Hitting,20100406,20101003
crowt101,2011,BAL,Bullpen,20110614,20110928
cruzj001,1997,HOU,1B,19970401,19971003
cruzj001,1998,HOU,1B,19980331,19981004
cruzj001,1999,HOU,1B,19990406,19991003
cruzj001,2000,HOU,1B,20000404,20001001
cruzj001,2001,HOU,1B,20010403,20011012
cruzj001,2002,HOU,1B,20020402,20020929
cruzj001,2003,HOU,1B,20030401,20030928
cruzj001,2004,HOU,1B,20040405,20041021
cruzj001,2005,HOU,1B,20050405,20051026
cruzj001,2006,HOU,1B,20060403,20061001
cruzj001,2007,HOU,1B,20070402,20070826
cruzj001,2007,HOU,Bench,20070828,20070930
cruzj001,2008,HOU,1B,20080331,20080928
cruzj001,2009,HOU,1B,20090406,20091004
cruzj003,2019,PIT,Hitting,20190329,20190929
cruzj003,2020,MIL,Hitting,20200723,20200927
cruzj003,2021,MIL,Hitting,20210401,20211003
cruzj004,2021,DET,,20210401,20210611
cubbm101,1990,NYN,Hitting,19900409,19901003
cubbm101,1991,NYN,3B,19910408,19910928
cubbm101,1992,NYN,3B,19920406,19921004
cubbm101,1993,NYN,3B,19930405,19931003
cubbm101,1994,NYN,3B,19940404,19940811
cubbm101,1995,NYN,3B,19950426,19951001
cubbm101,1996,NYN,3B,19960401,19960929
cubbm101,1997,HOU,3B,19970401,19971003
cubbm101,1998,HOU,3B,19980331,19981004
cubbm101,1999,HOU,3B,19990406,19991003
cubbm101,2000,HOU,3B,20000404,20001001
cubbm101,2001,HOU,Bench,20010403,20011012
cubbm101,2002,BOS,3B,20020401,20020929
cubbm101,2003,BOS,3B,20030331,20031016
cucct101,1949,CIN,,19490419,19491002
cucct101,1950,CIN,,19500418,19501001
cucct101,1951,CIN,,19510416,19510930
cucct101,1952,CLE,,19520415,19520928
cucct101,1953,CLE,,19530414,19530927
cucct101,1954,CLE,,19540413,19541002
cucct101,1955,CLE,,19550412,19550925
cucct101,1956,CLE,,19560417,19560930
cucct101,1957,CHA,,19570416,19570929
cucct101,1958,CHA,,19580415,19580928
cucct101,1959,CHA,,19590410,19591008
cucct101,1960,CHA,,19600419,19601002
cucct101,1961,CHA,,19610410,19610930
cucct101,1962,CHA,,19620410,19620930
cucct101,1963,CHA,,19630409,19630929
cucct101,1964,CHA,,19640414,19641004
cucct101,1965,CHA,,19650413,19651003
cucct101,1966,CHA,,19660412,19661002
cucct101,1967,DET,3B,19670411,19671001
cucct101,1968,DET,3B,19680410,19681010
cucct101,1969,CHA,,19690408,19691002
cuelb101,1995,SEA,Pitching,19950427,19951002
cuelb101,1996,SEA,Pitching,19960331,19960929
cuelb101,1997,MON,Pitching,19970401,19970928
cuelb101,1998,MON,Pitching,19980401,19980927
cuelb101,1999,MON,Pitching,19990405,19991003
cuelb101,2000,MON,Pitching,20000403,20000720
cuelb101,2001,TEX,Bullpen,20010401,20011007
cuelb101,2006,PIT,Bullpen,20060403,20061001
cuelb101,2007,PIT,Bullpen,20070402,20070930
cuelb101,2013,MIN,Bullpen,20130401,20130929
cuelb101,2014,MIN,Bullpen,20140331,20140928
culpb102,1946,PHI,,19460416,19460929
culpb102,1947,PHI,,19470415,19470928
cumbj101,1995,BOS,Pitching,19950426,19950718
cumbj101,1999,BOS,Bullpen,19990405,19991018
cumbj101,2000,BOS,Bullpen,20000404,20001001
cumbj101,2001,BOS,Bullpen,20010402,20010815
cumbj101,2001,BOS,Pitching,20010816,20010903
cumbj101,2002,KCA,Pitching,20020618,20020929
cumbj101,2003,KCA,Pitching,20030331,20030928
cumbj101,2004,KCA,Pitching,20040405,20040629
cunnb102,1932,CHA,,19320412,19320925
cunnj101,1982,SLN,,19820907,19821020
cuylk101,1941,CHN,,19410809,19410928
cuylk101,1942,CHN,,19420414,19420927
cuylk101,1943,CHN,,19430421,19431003
cuylk101,1949,BOS,3B,19490419,19491002
dahlb101,1964,KC1,,19640414,19641004
dalcb101,1978,CHA,Pitching,19780701,19781001
dalcb101,1987,ATL,Pitching,19870407,19871004
dalcb101,1988,ATL,Pitching,19880405,19881002
dalcb101,1989,ATL,Pitching,19890404,19891001
dalcb101,1990,ATL,Pitching,19900411,19900621
dalyt101,1914,NYA,,19140414,19140420
dalyt102,1933,BOS,,19330413,19331001
dalyt102,1934,BOS,,19340417,19340930
dalyt102,1935,BOS,,19350416,19350929
dalyt102,1936,BOS,,19360414,19360927
dalyt102,1937,BOS,3B,19370420,19371003
dalyt102,1938,BOS,3B,19380418,19381002
dalyt102,1939,BOS,3B,19390420,19390930
dalyt102,1940,BOS,3B,19400416,19400929
dalyt102,1941,BOS,3B,19410415,19410928
dalyt102,1942,BOS,3B,19420414,19420927
dalyt102,1943,BOS,3B,19430422,19431003
dalyt102,1945,BOS,,19450417,19450930
dalyt102,1946,BOS,,19460416,19460929
dancb801,2005,PHI,3B,20050404,20051002
dancb801,2006,PHI,3B,20060403,20061001
darka101,1965,CHN,3B,19650412,19650826
darka101,1977,CHN,1B,19770407,19770529
darwd001,2018,CIN,Pitching,20180419,20181001
dascd001,2014,ATL,3B,20140331,20140928
datzj001,2002,CLE,Bench,20020331,20020707
datzj001,2002,CLE,3B,20020711,20020929
datzj001,2003,CLE,,20030331,20030928
datzj001,2004,CLE,,20040405,20041003
datzj001,2005,CLE,,20050404,20051002
datzj001,2006,CLE,3B,20060402,20061001
datzj001,2007,CLE,Bench,20070402,20071021
datzj001,2008,CLE,Bench,20080331,20080928
datzj001,2009,CLE,Bench,20090406,20091004
datzj001,2010,BAL,Bench,20100406,20101003
datzj001,2011,SEA,3B,20110401,20110928
datzj001,2012,SEA,3B,20120328,20121003
datzj001,2013,SEA,,20130401,20130929
dauer001,1990,CLE,,19900412,19901003
dauer001,1991,CLE,3B,19910408,19911006
dauer001,1997,KCA,3B,19970402,19970928
dauer001,1998,KCA,,19980331,19980927
dauer001,1999,KCA,,19990405,19991002
dauer001,2000,KCA,,20000403,20001001
dauer001,2001,KCA,,20010402,20011007
dauer001,2002,KCA,3B,20020401,20020929
dauer001,2003,MIL,Bench,20030331,20030928
dauer001,2004,MIL,Bench,20040405,20041003
dauer001,2005,MIL,Bench,20050404,20051002
dauer001,2009,COL,3B,20090406,20091012
dauer001,2010,COL,3B,20100405,20101003
dauer001,2011,COL,3B,20110401,20110928
dauer001,2012,COL,3B,20120406,20121003
dauer001,2015,HOU,1B,20150406,20151014
dauer001,2016,HOU,1B,20160405,20161002
dauer001,2017,HOU,1B,20170402,20171001
dauld001,2001,TBA,Bullpen,20010418,20010803
davej101,1970,SFN,,19700706,19701001
davej101,1974,SDN,,19740405,19741002
davej101,1975,SDN,,19750410,19750928
davej101,1976,SFN,1B,19760409,19761002
davej101,1977,SFN,1B,19770407,19771002
davej101,1978,SFN,1B,19780407,19781001
davej101,1979,SFN,1B,19790404,19790905
davej101,1979,SFN,3B,19790906,19790930
davej101,1980,SFN,3B,19800410,19801005
davej101,1981,SFN,3B,19810409,19811004
davej101,1982,SFN,3B,19820406,19821003
davej101,1986,PHI,,19860407,19861005
davej101,1987,PHI,,19870407,19871004
davej101,1989,CLE,,19890403,19891001
davej101,1991,DET,,19910408,19911006
davej101,1996,SFN,1B,19960401,19960929
davia001,2005,KCA,Hitting,20050530,20051002
davia001,2006,KCA,Hitting,20060403,20060501
davia001,2013,KCA,Hitting,20130401,20130529
davib001,2015,MIN,1B,20150406,20151004
davib001,2016,MIN,1B,20160404,20161002
davib103,1972,PHI,,19720710,19721004
davic001,2012,OAK,Hitting,20120328,20121011
davic001,2013,OAK,Hitting,20130401,20131010
davic001,2014,OAK,Hitting,20140331,20140930
davic001,2015,BOS,Hitting,20150406,20151004
davic001,2016,BOS,Hitting,20160405,20161010
davic001,2017,BOS,Hitting,20170402,20171001
davic001,2018,CHN,Hitting,20180329,20181001
davic001,2019,NYN,Hitting,20190329,20190929
davic001,2020,NYN,Hitting,20200723,20200927
davic001,2021,NYN,Hitting,20210405,20210503
david001,2003,FLO,Bench,20030511,20031025
david001,2004,FLO,Bench,20040406,20041003
davih101,1914,PHA,,19140414,19141013
davih101,1915,PHA,,19150414,19151006
davih101,1916,PHA,,19160412,19161003
davih101,1917,PHA,,19170411,19171003
davih101,1919,PHA,,19190602,19190929
davim001,2003,ARI,Bullpen,20030331,20030928
davim001,2004,ARI,Bullpen,20040406,20041003
davim001,2005,ARI,Pitching,20050404,20051002
davip801,2019,SEA,Pitching,20190329,20190929
davis101,1937,CIN,,19370913,19371003
davis101,1942,PIT,,19420414,19420927
davis101,1943,PIT,,19430421,19431003
davis101,1944,PIT,,19440418,19441001
davis101,1945,PIT,,19450417,19450930
davis101,1946,PIT,,19460416,19460927
davis101,1950,CHN,,19500418,19501001
davis101,1951,CHN,,19510417,19510930
davis101,1952,CHN,,19520415,19520928
davis101,1953,CHN,,19530414,19530927
davit103,1981,SEA,Hitting,19810409,19811004
dawsc801,2022,MIL,Hitting,20220407,20221005
dawsc801,2023,MIL,Hitting,20230330,20231004
dawsc801,2024,MIL,Hitting,20240329,20241003
dealc101,1959,CIN,,19590804,19590927
dealc101,1960,CIN,,19600412,19601002
dealc101,1962,HOU,,19620410,19620930
dealc101,1963,HOU,,19630409,19630929
dealc101,1964,HOU,,19640413,19641004
dealc101,1965,NYA,Pitching,19650412,19651003
dealc101,1966,KC1,Pitching,19660412,19661002
dealc101,1967,KC1,Pitching,19670411,19671001
dealc101,1970,CLE,,19700407,19701001
dealc101,1971,CLE,,19710406,19710929
dealc101,1973,DET,Pitching,19730903,19730930
dealc101,1974,DET,Pitching,19740405,19741002
dealc101,1983,HOU,,19830405,19831002
dealc101,1984,HOU,,19840403,19840930
dealc101,1985,HOU,,19850409,19851006
deand102,1941,CHN,,19410515,19410807
dearr801,1995,CHA,Bullpen,19950602,19951001
dearr801,1996,CHA,,19960331,19960929
dearr801,2000,TOR,,20000403,20001001
debuj801,2005,LAN,Bullpen,20050405,20051002
debuj801,2011,NYN,Bullpen,20110401,20110928
decks001,2016,SFN,Hitting,20160404,20161011
decks001,2017,SFN,Hitting,20170402,20171001
deerr001,2013,CHN,Hitting,20130401,20130929
defrt801,2008,OAK,3B,20080325,20080928
defrt801,2020,NYN,1B,20200723,20200927
dehaj801,2020,SEA,Hitting,20200723,20200927
dehaj801,2021,SEA,Hitting,20210401,20211003
dehaj801,2022,SEA,Hitting,20220408,20221015
dehaj801,2023,SEA,Hitting,20230330,20231001
dehaj801,2024,SEA,Hitting,20240328,20240822
dejei001,2010,CHN,1B,20100405,20100822
dejei001,2010,CHN,3B,20100823,20101003
dejei001,2011,CHN,3B,20110401,20110928
dejom101,1996,SLN,,19960401,19961017
dejom101,1997,SLN,,19970401,19970928
dejom101,1998,SLN,,19980331,19980927
dejom101,1999,SLN,,19990405,19991003
dejom101,2000,SLN,,20000403,20001016
dejom101,2001,SLN,,20010402,20011014
delub801,2018,SEA,Bullpen,20180329,20181001
delub801,2020,SEA,Bullpen,20200723,20200927
demab101,1969,PHI,,19690408,19691002
demab101,1970,PHI,,19700407,19701001
demab101,1971,PHI,,19710406,19710930
demab101,1972,PHI,,19720415,19721004
demab101,1973,PHI,,19730406,19730930
demab101,1974,PHI,,19740406,19741002
demab101,1975,PHI,,19750408,19750928
demab101,1976,PHI,,19760410,19761012
demab101,1977,PHI,,19770409,19771008
demab101,1978,PHI,,19780407,19781007
demab101,1979,PHI,,19790406,19790930
demab101,1980,PHI,,19800411,19801005
demab101,1981,PHI,,19810408,19811011
demab101,1982,MON,Hitting,19820409,19821003
demab101,1983,MON,Hitting,19830406,19831002
demab101,1984,MON,Hitting,19840403,19840930
demab101,1985,CIN,,19850408,19851006
demab101,1986,CIN,,19860407,19861005
demab101,1987,CIN,,19870406,19871004
demed801,2022,TBA,Hitting,20220408,20221008
demed801,2023,TBA,Hitting,20230330,20231004
demem801,1999,CHN,Pitching,19990406,19991003
demes101,1985,PIT,1B,19850409,19850613
demes101,1985,PIT,,19850614,19851006
dempr001,1999,LAN,3B,19990405,19990525
dempr001,1999,LAN,Bullpen,19990526,19991003
dempr001,2000,LAN,,20000403,20001001
dempr001,2002,BAL,1B,20020401,20020929
dempr001,2003,BAL,1B,20030331,20030928
dempr001,2004,BAL,1B,20040404,20041003
dempr001,2005,BAL,1B,20050404,20050803
dempr001,2005,BAL,3B,20050804,20051002
dempr001,2006,BAL,Bullpen,20060403,20060606
dempr001,2006,BAL,1B,20060607,20061001
denbg801,2001,NYA,Hitting,20010402,20011104
denbg801,2008,TOR,Hitting,20080401,20080619
dentb001,1991,SLN,,19910409,19911006
dentb001,1992,SLN,,19920406,19921004
dentb001,1993,SLN,,19930406,19931003
dentb001,1994,SLN,,19940403,19940811
dentb001,1995,TEX,,19950426,19951001
dentb001,1996,TEX,,19960401,19961005
dentb001,1997,TEX,,19970401,19970928
dentb001,1998,TEX,,19980331,19981002
dentb001,1999,TEX,,19990405,19991009
dentb001,2000,TEX,,20000403,20001001
dentb001,2001,TEX,,20010401,20011007
dentb001,2006,CIN,Bench,20060403,20061001
dentb001,2007,CIN,Bench,20070402,20070701
derek801,2022,KCA,Hitting,20220407,20221005
derek801,2023,KCA,Hitting,20230330,20231001
derek801,2024,KCA,Hitting,20240328,20241010
dernb001,2010,CHN,1B,20100823,20101003
dernb001,2011,CHN,1B,20110401,20110928
descd001,2024,SLN,Bench,20240328,20240929
deshd001,2019,CIN,1B,20190329,20190929
deshd001,2020,CIN,1B,20200723,20200927
deshd001,2021,CIN,1B,20210401,20211003
deshd001,2022,CIN,1B,20220407,20221005
detog101,1959,PIT,1B,19590503,19590927
devla101,1926,BSN,,19260413,19260929
devla101,1927,BSN,,19270412,19271002
devla101,1928,BSN,,19280411,19280929
dewsb801,1979,ATL,Bullpen,19790406,19790930
dewsb801,1980,ATL,3B,19800409,19801005
dewsb801,1981,ATL,3B,19810410,19811004
dewsb801,1985,ATL,1B,19850409,19850825
dewsb801,1985,ATL,3B,19850826,19851006
dewsb801,1997,ATL,3B,19970401,19971014
dewsb801,1998,ATL,3B,19980331,19981014
dewsb801,1999,ATL,Bullpen,19990405,19991027
dewsb801,2000,ATL,Bullpen,20000403,20001007
dewsb801,2001,ATL,Bullpen,20010402,20011021
dewsb801,2002,ATL,Bullpen,20020401,20021007
dewsb801,2003,ATL,Bullpen,20030331,20031005
dewsb801,2004,ATL,Bullpen,20040406,20041011
dewsb801,2005,ATL,Bullpen,20050405,20051009
dewsb801,2006,ATL,Bullpen,20060403,20061001
diaze002,2013,BAL,Hitting,20130402,20130929
diaze002,2014,BAL,Hitting,20140331,20141015
diaze002,2015,BAL,Hitting,20150406,20151004
diaze002,2016,BAL,,20160404,20161004
diaze002,2017,BAL,,20170402,20171001
diaze002,2018,BAL,,20180329,20181001
diazt801,2017,COL,1B,20170402,20171001
diazt801,2018,COL,1B,20180329,20181001
diazt801,2019,MIN,3B,20190329,20190929
diazt801,2020,MIN,3B,20200723,20200927
diazt801,2021,MIN,3B,20210401,20211003
diazt801,2022,MIN,,20220408,20221005
diazt801,2023,MIN,Bench,20230330,20231011
diazt801,2024,MIN,Bench,20240328,20240929
dickb101,1949,NYA,,19490419,19491002
dickb101,1950,NYA,,19500418,19501007
dickb101,1951,NYA,,19510417,19511010
dickb101,1952,NYA,,19520416,19521007
dickb101,1953,NYA,,19530414,19531005
dickb101,1954,NYA,,19540413,19540926
dickb101,1955,NYA,,19550413,19551004
dickb101,1956,NYA,,19560417,19561010
dickb101,1957,NYA,,19570416,19571010
dickb101,1960,NYA,,19600419,19600728
dickb801,2013,BAL,3B,20130402,20130929
dickb801,2014,BAL,3B,20140331,20141015
dickb801,2015,BAL,3B,20150406,20151004
dickb801,2016,BAL,3B,20160404,20161004
dickb801,2017,BAL,3B,20170402,20171001
dickb801,2018,BAL,3B,20180329,20181001
dickb801,2020,SDN,Bench,20200723,20200927
dickb801,2021,SDN,3B,20210401,20211003
dickb801,2022,PHI,,20220408,20221105
dickr801,2014,HOU,Hitting,20140401,20140928
didib101,1984,OAK,Bench,19840403,19840930
didib101,1985,OAK,1B,19850409,19851006
didib101,1986,OAK,Bench,19860408,19861005
didib101,1989,SEA,3B,19890403,19891001
didib101,1990,SEA,3B,19900409,19901003
didib101,2000,NYA,,20000403,20001026
dillj001,2018,WAS,Hitting,20180329,20181001
dillj001,2019,WAS,Hitting,20190329,20190929
dillj001,2020,PHI,Hitting,20200723,20200927
dillj001,2021,PHI,Hitting,20210401,20211003
dillj001,2024,KCA,Hitting,20240328,20241010
dimaj101,1968,OAK,Hitting,19680410,19680929
dimaj101,1969,OAK,Hitting,19690408,19691002
disag001,2014,ANA,3B,20140331,20141005
disag001,2015,ANA,3B,20150406,20151004
disag001,2016,ANA,1B,20160404,20161002
disag001,2017,BOS,Bench,20170402,20171001
disag001,2018,NYN,Bench,20180329,20181001
disag001,2019,NYN,3B,20190329,20190929
disag001,2020,NYN,3B,20200723,20200927
disag001,2021,NYN,3B,20210405,20211003
disag001,2022,WAS,3B,20220407,20221005
disag001,2023,WAS,3B,20230330,20231001
dobsj101,1954,BOS,Pitching,19540511,19540702
dobsp101,1982,MIL,Pitching,19820612,19821020
dobsp101,1983,MIL,Pitching,19830405,19831002
dobsp101,1984,MIL,Pitching,19840403,19840930
dobsp101,1988,SDN,Pitching,19880405,19881002
dobsp101,1989,SDN,Pitching,19890403,19891001
dobsp101,1990,SDN,Pitching,19900409,19901003
dobsp101,1991,KCA,Pitching,19910408,19910908
dobsp101,1996,BAL,Pitching,19960402,19961013
dobyl101,1971,MON,Hitting,19710406,19710930
dobyl101,1972,MON,Hitting,19720415,19721004
dobyl101,1973,MON,Hitting,19730406,19730930
dobyl101,1974,CLE,,19740406,19741002
dobyl101,1976,MON,Hitting,19760409,19761003
dobyl101,1977,CHA,,19770407,19771002
dobyl101,1978,CHA,,19780407,19780629
doerb101,1967,BOS,Hitting,19670412,19671012
doerb101,1968,BOS,Hitting,19680410,19680929
doerb101,1969,BOS,Hitting,19690408,19691001
doerb101,1977,TOR,,19770407,19771002
doerb101,1978,TOR,,19780407,19781001
doerb101,1979,TOR,,19790405,19790930
doerb101,1980,TOR,,19800409,19801005
doerb101,1981,TOR,,19810409,19811004
dohet801,2012,BOS,Hitting,20120405,20121003
dohet801,2021,COL,Hitting,20210401,20211003
dolac102,1921,NY1,,19210413,19211013
dolac102,1922,NY1,,19220412,19221008
dolac102,1923,NY1,,19230417,19231015
dolac102,1924,NY1,,19240415,19241010
donnr801,1980,TEX,,19800410,19801005
donnr801,1983,TEX,,19830404,19831002
donnr801,1984,TEX,,19840403,19840930
donnr801,1985,TEX,,19850408,19851006
donnr801,1986,PIT,,19860408,19861005
donnr801,1987,PIT,,19870407,19871004
donnr801,1988,PIT,,19880405,19881002
donnr801,1989,PIT,,19890404,19891001
donnr801,1990,PIT,,19900409,19901012
donnr801,1991,PIT,,19910408,19911017
donnr801,1992,PIT,,19920406,19921014
donnr801,1993,PIT,3B,19930406,19931003
donnr801,1994,PIT,,19940404,19940811
donnr801,1995,PIT,,19950426,19951001
donnr801,1996,PIT,,19960401,19960929
donnr801,1997,FLO,3B,19970401,19971026
donnr801,1998,FLO,3B,19980331,19980927
donnr801,1999,COL,3B,19990404,19991003
donnr801,2000,COL,3B,20000403,20001001
donnr801,2001,COL,3B,20010402,20011007
donnr801,2002,COL,3B,20020401,20020428
donnr801,2003,MIL,3B,20030331,20030928
donnr801,2004,MIL,3B,20040405,20041003
donnr801,2005,MIL,3B,20050404,20051002
donnr801,2006,LAN,3B,20060403,20061007
donnr801,2007,LAN,3B,20070402,20070930
donnr801,2014,SEA,3B,20140331,20140928
donnr801,2015,SEA,3B,20150406,20151004
donob101,1918,DET,,19180418,19180902
doolm101,1926,CHN,,19260413,19260926
doolm101,1927,CHN,,19270412,19271002
doolm101,1928,CHN,,19280411,19280930
doolm101,1930,CIN,,19300415,19300928
doolm101,1931,CIN,,19310414,19310927
doolm101,1932,CIN,,19320412,19320925
dorab001,2001,CIN,1B,20010402,20011007
dorab001,2005,KCA,1B,20050620,20051002
dorab001,2006,KCA,Bench,20060403,20060921
dorab001,2007,KCA,Bench,20070402,20070930
doral801,2005,FLO,Bullpen,20050405,20051002
doral801,2008,PIT,Bullpen,20080331,20080928
doral801,2009,PIT,Bullpen,20090406,20091004
doral801,2010,PIT,Bullpen,20100405,20101003
dorif101,1963,BOS,Pitching,19630409,19630928
dorif101,1968,ATL,,19680410,19680929
dorif101,1969,ATL,,19690407,19691006
dorif101,1970,ATL,,19700407,19701001
dorif101,1971,ATL,,19710405,19710930
dougo801,1961,CIN,,19610411,19611009
dougo801,1962,CIN,,19620409,19620930
downr801,1987,CAL,,19870407,19871004
downr801,1988,CAL,,19880404,19881002
downr801,1993,NYA,,19930405,19931003
downr801,1994,NYA,,19940404,19940811
downr801,1995,NYA,,19950426,19951008
downr801,1996,BAL,Hitting,19960402,19961013
downr801,1997,BAL,Hitting,19970402,19970928
downr801,1998,BAL,Hitting,19980331,19980927
downr801,1999,LAN,Hitting,19990405,19991003
downr801,2000,LAN,Hitting,20000403,20001001
downr801,2001,BOS,Hitting,20010402,20011006
downr801,2002,NYA,,20020401,20021005
downr801,2003,NYA,,20030331,20030928
downr801,2005,NYN,Hitting,20050404,20051002
downr801,2006,NYN,Hitting,20060403,20061001
downr801,2007,NYN,Hitting,20070401,20070708
doylb801,2014,COL,Hitting,20140331,20140928
doylb801,2015,COL,Hitting,20150406,20151004
doylb801,2016,COL,Hitting,20160404,20161002
drabm101,1986,CHA,,19860407,19860508
drabm101,1994,CHN,Pitching,19940404,19940810
dresc101,1939,BRO,,19390418,19391001
dresc101,1940,BRO,,19400416,19400929
dresc101,1941,BRO,,19410415,19411006
dresc101,1942,BRO,,19420414,19420927
dresc101,1943,BRO,,19430701,19431003
dresc101,1944,BRO,,19440418,19441001
dresc101,1945,BRO,,19450417,19450930
dresc101,1946,BRO,,19460416,19461003
dresc101,1947,NYA,,19470415,19471006
dresc101,1948,NYA,,19480419,19481003
dresc101,1958,LAN,,19580415,19580927
dresc101,1959,LAN,,19590411,19591008
drivc801,2020,CHN,1B,20200723,20200927
drivc801,2021,CHN,1B,20210401,20211003
drivc801,2022,CHN,,20220407,20221005
drusd801,2022,NYA,Pitching,20220408,20221023
drusd801,2023,NYA,Pitching,20230330,20231001
drusd801,2024,NYA,Pitching,20240328,20241030
duber801,1998,FLO,Pitching,19980331,19980927
duber801,1999,FLO,Pitching,19990405,19991003
duber801,2000,FLO,Pitching,20000403,20001001
duber801,2001,FLO,Pitching,20010402,20011007
duber801,2005,PHI,Pitching,20050404,20051002
duber801,2006,PHI,Pitching,20060403,20061001
duber801,2007,PHI,Pitching,20070402,20071006
duber801,2008,PHI,Pitching,20080331,20080928
duber801,2009,PHI,Pitching,20090405,20091104
duber801,2010,PHI,Pitching,20100405,20101023
duber801,2011,PHI,Pitching,20110401,20111007
duber801,2012,PHI,Pitching,20120405,20121003
duber801,2013,PHI,Pitching,20130401,20130929
duber801,2016,DET,Pitching,20160405,20161002
duber801,2017,DET,Pitching,20170402,20171001
dubuj101,1930,DET,,19300415,19300928
dubuj101,1931,DET,,19310414,19310927
duffh101,1931,BOS,,19310414,19310927
duffh101,1939,BOS,1B,19390429,19390930
dugeo101,1921,CHN,,19210413,19211002
dugeo101,1922,CHN,,19220412,19221001
dugeo101,1923,CHN,,19230417,19231007
dugeo101,1924,CHN,,19240415,19240929
duncd101,1978,CLE,Bullpen,19780408,19781001
duncd101,1979,CLE,,19790405,19790930
duncd101,1980,CLE,,19800411,19801005
duncd101,1981,CLE,,19810411,19811005
duncd101,1982,SEA,Pitching,19820406,19821003
duncd101,1983,CHA,Pitching,19830404,19831002
duncd101,1984,CHA,Pitching,19840402,19840930
duncd101,1985,CHA,Pitching,19850409,19851006
duncd101,1986,CHA,Pitching,19860407,19860619
duncd101,1986,OAK,Pitching,19860707,19861005
duncd101,1987,OAK,Pitching,19870407,19871004
duncd101,1988,OAK,Pitching,19880404,19881020
duncd101,1989,OAK,Pitching,19890403,19891028
duncd101,1990,OAK,Pitching,19900409,19901020
duncd101,1991,OAK,Pitching,19910409,19911006
duncd101,1992,OAK,Pitching,19920406,19921014
duncd101,1993,OAK,Pitching,19930405,19931003
duncd101,1994,OAK,Pitching,19940405,19940811
duncd101,1995,OAK,Pitching,19950426,19951001
duncd101,1996,SLN,Pitching,19960401,19961017
duncd101,1997,SLN,Pitching,19970401,19970928
duncd101,1998,SLN,Pitching,19980331,19980927
duncd101,1999,SLN,Pitching,19990405,19991003
duncd101,2000,SLN,Pitching,20000403,20001016
duncd101,2001,SLN,Pitching,20010402,20011014
duncd101,2002,SLN,Pitching,20020401,20021014
duncd101,2003,SLN,Pitching,20030331,20030928
duncd101,2004,SLN,Pitching,20040405,20041027
duncd101,2005,SLN,Pitching,20050405,20051019
duncd101,2006,SLN,Pitching,20060403,20061001
duncd101,2007,SLN,Pitching,20070401,20070930
duncd101,2008,SLN,Pitching,20080401,20080928
duncd101,2009,SLN,Pitching,20090406,20091010
duncd101,2010,SLN,Pitching,20100405,20101003
duncd101,2011,SLN,Pitching,20110331,20110819
dunce801,2019,MIA,Hitting,20190420,20190929
dunce801,2020,MIA,Hitting,20200723,20200927
dunce801,2021,MIA,Hitting,20210401,20211003
dunce801,2022,MIA,,20220408,20221005
duncm001,2006,LAN,1B,20060403,20061007
duncm001,2007,LAN,1B,20070402,20070930
duncm001,2008,LAN,1B,20080331,20081015
duncm001,2009,LAN,1B,20090406,20091021
duncm001,2010,LAN,1B,20100405,20101003
dunlh801,1969,KCA,,19690408,19691002
dunlh801,1970,KCA,,19700407,19701001
dunlh801,1971,KCA,,19710406,19710929
dunlh801,1972,KCA,,19720415,19721004
dunlh801,1973,KCA,3B,19730406,19730930
dunlh801,1974,KCA,3B,19740405,19741002
dunlh801,1975,KCA,,19750407,19750928
dunlh801,1976,CHN,3B,19760409,19761003
dunlh801,1979,CIN,,19790404,19791005
dunlh801,1980,CIN,,19800409,19801005
dunlh801,1981,CIN,,19810408,19811004
dunlh801,1982,CIN,,19820405,19821003
dunlh801,1983,SDN,,19830405,19831002
dunlh801,1984,SDN,,19840403,19841014
dunlh801,1985,SDN,,19850409,19851006
dunlh801,1986,SDN,,19860407,19861005
dunlh801,1987,SDN,,19870406,19871004
dunlh801,1998,CIN,,19980331,19980927
dunlh801,1999,CIN,,19990405,19991004
dunlh801,2000,CIN,,20000403,20001001
dunlh801,2005,FLO,Bench,20050405,20051002
dunna801,2007,BAL,Bullpen,20070825,20070930
dunna801,2008,BAL,Bullpen,20080331,20080928
dunna801,2009,BAL,Bullpen,20090406,20091004
dunna801,2010,BAL,Bullpen,20100406,20101003
durhl001,2017,DET,Hitting,20170402,20171001
durol101,1961,LAN,,19610411,19611001
durol101,1962,LAN,,19620410,19621003
durol101,1963,LAN,,19630409,19631006
durol101,1964,LAN,,19640414,19641004
dusag801,1983,NYN,,19830405,19831002
dyerd101,1983,CHN,Bullpen,19830406,19831002
dyerd101,1989,MIL,3B,19890403,19891001
dyerd101,1990,MIL,3B,19900409,19901003
dyerd101,1991,MIL,3B,19910408,19911006
dyerd101,1992,MIL,3B,19920406,19921004
dyerd101,1993,MIL,3B,19930406,19931003
dyerd101,1994,MIL,3B,19940405,19940811
dyerd101,1995,MIL,3B,19950426,19951001
dyerd101,1996,OAK,3B,19960401,19960929
dyerd101,1997,OAK,Bench,19970402,19970928
dyerd101,1998,OAK,Bench,19980401,19980927
dykec801,2022,NYA,Hitting,20220408,20221023
dykec801,2023,NYA,Hitting,20230330,20231001
dykec801,2024,NYA,Hitting,20240328,20241030
dykej101,1949,PHA,,19490418,19491002
dykej101,1950,PHA,,19500418,19501001
dykej101,1955,CIN,,19550411,19550925
dykej101,1956,CIN,,19560417,19560930
dykej101,1957,CIN,,19570416,19570929
dykej101,1958,CIN,,19580415,19580813
dykej101,1959,PIT,1B,19590409,19590502
dykej101,1962,MLN,,19620410,19620930
dykej101,1963,KC1,,19630409,19630929
dykej101,1964,KC1,,19640414,19641004
earng101,1949,PHI,Pitching,19490418,19491002
earng101,1950,PHI,Pitching,19500418,19501007
easld001,2019,SDN,Hitting,20190329,20190929
easld001,2020,SDN,Hitting,20200723,20200927
easld001,2021,SDN,Hitting,20210401,20211003
easld001,2022,ARI,Hitting,20220407,20221005
easld001,2023,ARI,Hitting,20230330,20231101
easld001,2024,ARI,Hitting,20240328,20240929
easlm001,1992,MIL,Hitting,19920406,19921004
easlm001,1993,BOS,Hitting,19930405,19931003
easlm001,1994,BOS,Hitting,19940404,19940810
easlm001,1999,SLN,Hitting,19990405,19991003
easlm001,2000,SLN,Hitting,20000403,20001016
easlm001,2001,SLN,Hitting,20010402,20010712
easlm001,2008,LAN,Hitting,20080331,20080717
eastl101,1969,CLE,,19690408,19691001
ebeld801,2006,ANA,3B,20060403,20061001
ebeld801,2007,ANA,3B,20070402,20071007
ebeld801,2008,ANA,3B,20080331,20081006
ebeld801,2009,ANA,3B,20090406,20091025
ebeld801,2010,ANA,3B,20100405,20101003
ebeld801,2011,ANA,3B,20110331,20110928
ebeld801,2012,ANA,3B,20120406,20121003
ebeld801,2013,ANA,3B,20130401,20130929
ebeld801,2014,ANA,Bench,20140331,20141005
ebeld801,2015,ANA,Bench,20150406,20151004
ebeld801,2016,ANA,Bench,20160404,20161002
ebeld801,2017,ANA,Bench,20170402,20171001
ebeld801,2018,ANA,3B,20180329,20181001
ebeld801,2019,LAN,3B,20190329,20190929
ebeld801,2020,LAN,3B,20200723,20200927
ebeld801,2021,LAN,3B,20210401,20211003
ebeld801,2022,LAN,3B,20220408,20221015
ebeld801,2023,LAN,3B,20230330,20231011
ebeld801,2024,LAN,3B,20240320,20241030
ecked801,2019,CIN,Hitting,20190329,20190929
ecked801,2020,SFN,Hitting,20200723,20200927
ecked801,2021,SFN,Hitting,20210401,20211003
ecked801,2022,TEX,Bench,20220408,20221005
ecked801,2023,TEX,Bench,20230330,20231101
ecked801,2024,TEX,Bench,20240328,20240929
ecksr801,2009,WAS,Hitting,20090406,20091004
ecksr801,2010,WAS,Hitting,20100405,20101003
ecksr801,2011,WAS,Hitting,20110331,20110928
ecksr801,2012,WAS,Hitting,20120405,20121012
ecksr801,2013,WAS,Hitting,20130401,20130721
ecksr801,2019,PIT,Hitting,20190329,20190929
ecksr801,2020,PIT,Hitting,20200723,20200927
ecksr801,2021,PIT,Hitting,20210401,20211003
edmoj001,2019,SLN,,20190329,20190929
edwad102,1970,PHI,Bench,19700407,19701001
edwad102,1971,PHI,Bench,19710406,19710930
edwad102,1972,PHI,Bench,19720415,19721004
edwad102,1985,CLE,,19850913,19851006
edwad102,1986,CLE,,19860407,19861005
edwad102,1987,CLE,,19870406,19870715
edwad102,1990,NYN,,19900409,19901003
edwad102,1991,NYN,Bench,19910408,19911006
eganb101,1924,WS1,,19240415,19240526
eganb101,1925,BRO,,19250414,19251003
eganb101,1926,CHA,,19260413,19260926
egand101,1988,TEX,,19880404,19881002
egand101,1989,TEX,,19890404,19891001
eilad001,2008,NYA,Pitching,20080401,20080928
eilad001,2009,NYA,Pitching,20090406,20091004
eilad001,2010,NYA,Pitching,20100404,20101022
eilad001,2012,KCA,Pitching,20120406,20121003
eilad001,2013,KCA,Pitching,20130401,20130929
eilad001,2014,KCA,Pitching,20140331,20141029
eilad001,2015,KCA,Pitching,20150406,20151101
eilad001,2016,KCA,Pitching,20160403,20161002
eilad001,2017,KCA,Pitching,20170402,20171001
eilad001,2018,NYN,Pitching,20180329,20181001
eilad001,2019,NYN,Pitching,20190329,20190619
eldrc001,2018,KCA,Pitching,20180329,20181001
eldrc001,2019,KCA,Pitching,20190329,20190929
eldrc001,2020,KCA,Pitching,20200723,20200927
eldrc001,2021,KCA,Pitching,20210401,20211003
eldrc001,2022,KCA,Pitching,20220407,20221005
elial101,1980,PHI,3B,19800411,19801005
elial101,1981,PHI,3B,19810408,19811011
elial101,1985,PHI,Bench,19850409,19851006
elial101,1986,PHI,Bench,19860407,19861005
elial101,1987,PHI,Bench,19870407,19870617
elial101,1989,NYA,3B,19890404,19890817
elial101,1993,SEA,Bench,19930406,19931003
elial101,1994,SEA,Bench,19940404,19940811
elial101,1995,SEA,Hitting,19950427,19951002
elial101,1996,SEA,Bench,19960331,19960929
elial101,1997,SEA,Bench,19970401,19971005
elial101,2000,TOR,Bench,20000403,20001001
elial101,2001,SEA,,20010402,20011022
elial101,2002,SEA,,20020401,20020929
elial101,2003,TBA,Hitting,20030331,20030928
elial101,2004,TBA,Hitting,20040330,20041003
elial101,2005,TBA,Hitting,20050404,20051002
elial101,2006,BAL,Bench,20060403,20061001
elial101,2008,SEA,Hitting,20080609,20080618
elial101,2008,SEA,Bench,20080619,20080928
elkip801,2021,SLN,,20210401,20211003
ellib103,1961,LAA,,19610411,19611001
ellir801,2020,NYN,Hitting,20200723,20200927
ellis101,1982,NYA,Pitching,19820719,19821003
ellis101,1983,NYA,Pitching,19830611,19831002
ellis101,1984,NYA,Pitching,19840403,19840617
ellis101,1986,NYA,Pitching,19860408,19860516
ellis101,1989,CHA,,19890404,19891001
ellis101,1990,CHA,,19900409,19901003
ellis101,1991,CHA,,19910408,19911006
ellis101,1992,CHN,Bullpen,19920407,19921004
ellis101,1993,SEA,Pitching,19930406,19931003
ellis101,1994,SEA,Pitching,19940404,19940811
ellis101,1996,BOS,Pitching,19960501,19960929
ellis101,2000,BAL,Pitching,20000403,20001001
emerc101,1988,CHA,,19880404,19881002
emers801,2015,OAK,Bullpen,20150406,20151004
emers801,2016,OAK,Bullpen,20160404,20161002
emers801,2017,OAK,Bullpen,20170402,20170614
emers801,2017,OAK,Pitching,20170615,20171001
emers801,2018,OAK,Pitching,20180329,20181001
emers801,2019,OAK,Pitching,20190329,20190929
emers801,2020,OAK,Pitching,20200723,20200927
emers801,2021,OAK,Pitching,20210401,20211003
emers801,2022,OAK,Pitching,20220408,20221005
emers801,2023,OAK,Pitching,20230330,20231001
emers801,2024,OAK,Pitching,20240328,20240929
engld001,1998,HOU,,19980331,19981004
engld001,2001,NYN,,20010403,20011007
engld001,2002,NYN,Hitting,20020401,20020610
enrib001,2022,ARI,Pitching,20220407,20221005
enrib001,2023,ARI,Pitching,20230330,20231101
enrib001,2024,ANA,Pitching,20240328,20240929
ens-j101,1926,PIT,,19260413,19260925
ens-j101,1927,PIT,,19270412,19271008
ens-j101,1928,PIT,,19280411,19280927
ens-j101,1929,PIT,,19290416,19290827
ens-j101,1932,DET,,19320413,19320925
ens-j101,1933,CIN,,19330412,19331001
ens-j101,1934,BSN,,19340417,19340930
ens-j101,1935,PIT,,19350416,19350929
ens-j101,1936,PIT,,19360414,19360927
ens-j101,1937,PIT,,19370420,19371003
ens-j101,1938,PIT,,19380419,19381002
ens-j101,1939,PIT,,19390417,19391001
ens-j101,1941,CIN,,19410415,19410928
eppaj001,2012,ANA,Hitting,20120516,20121003
eppaj001,2013,ANA,Hitting,20130401,20130929
ericm001,2022,MIL,Hitting,20220407,20221005
ermec101,1962,BAL,,19620410,19620930
ermec101,1970,MIL,3B,19700407,19701001
ermec101,1971,MIL,3B,19710406,19710930
ermec101,1977,OAK,,19770409,19771002
espaj801,2010,FLO,3B,20100405,20101003
espaj801,2011,FLO,3B,20110401,20110928
espaj801,2012,MIA,3B,20120404,20121003
espaj801,2013,MIA,3B,20130401,20130929
espaj801,2015,NYA,3B,20150406,20151006
espaj801,2016,NYA,3B,20160405,20161002
espaj801,2017,NYA,3B,20170402,20171001
espaj801,2018,HOU,Bench,20180329,20181001
espaj801,2019,HOU,Bench,20190329,20190929
espaj801,2020,HOU,Bench,20200723,20200927
espaj801,2021,HOU,Bench,20210401,20211003
espaj801,2022,HOU,Bench,20220407,20221105
espaj801,2023,HOU,Bench,20230330,20231023
espia001,2003,PIT,,20030331,20030928
espia001,2004,PIT,,20040405,20041003
espyd801,2000,SDN,Hitting,20000531,20001001
espyd801,2001,SDN,Hitting,20010402,20011007
espyd801,2002,SDN,Hitting,20020401,20020929
espyd801,2003,COL,Hitting,20030401,20030928
espyd801,2004,COL,Hitting,20040406,20041003
espyd801,2005,COL,Hitting,20050404,20051002
espyd801,2006,COL,Hitting,20060403,20061001
espyd801,2017,COL,Hitting,20170402,20171001
espyd801,2018,COL,Hitting,20180329,20181001
estrc101,1973,TEX,,19730407,19730930
estrc101,1978,SDN,,19780407,19781001
estrc101,1979,SDN,,19790405,19790930
estrc101,1980,SDN,,19800410,19801005
estrc101,1981,SDN,,19810409,19811004
estrc101,1983,CLE,,19830515,19831002
etcha101,1977,CAL,,19770406,19771002
etcha101,1985,MIL,1B,19850409,19851006
etcha101,1986,MIL,1B,19860407,19861005
etcha101,1987,MIL,Bench,19870406,19871004
etcha101,1988,MIL,Bench,19880404,19881002
etcha101,1989,MIL,1B,19890403,19891001
etcha101,1990,MIL,1B,19900409,19901003
etcha101,1991,MIL,1B,19910408,19911006
etcha101,1996,BAL,Bench,19960402,19961013
etcha101,1997,BAL,Bench,19970402,19970928
evand001,1990,NYA,,19900608,19901003
evand002,1994,COL,Hitting,19940404,19940811
evand002,2002,BOS,Hitting,20020401,20020929
evera001,2014,HOU,Bench,20140901,20140928
everb001,2018,SLN,Bullpen,20180329,20181001
everb001,2019,SLN,Bullpen,20190329,20190929
everb001,2020,SLN,Bullpen,20200723,20200927
everb001,2021,SLN,Bullpen,20210401,20211003
everb001,2022,SLN,Bullpen,20220407,20221008
everb801,2006,TBA,Bench,20060403,20061001
everb801,2007,TBA,Bench,20070402,20070930
everb801,2019,MIN,,20190329,20190929
everb801,2020,MIN,,20200723,20200927
everb801,2021,MIN,,20210401,20211003
everb801,2022,MIN,,20220408,20221005
everh101,1970,CLE,,19700407,19701001
everj102,1920,NY1,,19200511,19201003
everj102,1922,CHA,,19220412,19221001
everj102,1929,BSN,,19290418,19291006
evert001,2022,OAK,Hitting,20220408,20221005
evert001,2023,OAK,Hitting,20230330,20231001
evert001,2024,OAK,Hitting,20240328,20240929
ezelg801,1983,TEX,,19830404,19831002
ezelg801,1984,TEX,,19840403,19840930
ezelg801,1985,TEX,,19850408,19851006
ezelg801,1989,KCA,,19890403,19891001
ezelg801,1990,KCA,,19900409,19901003
ezelg801,1991,KCA,,19910408,19911006
ezelg801,1992,KCA,,19920406,19921004
ezelg801,1993,KCA,,19930405,19931003
ezelg801,1994,KCA,,19940404,19940810
ezelg801,1996,DET,Bench,19960401,19960714
ezelg801,1996,DET,Bullpen,19960715,19960929
ezelg801,2001,TBA,Bullpen,20010804,20011007
ezelg801,2002,TBA,Bullpen,20020402,20020929
faber101,1946,CHA,,19460526,19460929
faber101,1947,CHA,,19470415,19470928
faber101,1948,CHA,,19480420,19481003
faheb101,1986,SFN,Bullpen,19860408,19861005
faheb101,1987,SFN,1B,19870406,19871014
faheb101,1988,SFN,3B,19880404,19881002
faheb101,1989,SFN,3B,19890403,19891028
faheb101,1990,SFN,3B,19900411,19901003
faheb101,1991,SFN,3B,19910409,19911006
falkb101,1933,CLE,,19330412,19330713
falkb101,1934,BOS,,19340417,19340930
farqd001,2024,SEA,Pitching,20240328,20240929
farrd102,1909,NYA,,19090412,19091002
farrd102,1911,NYA,,19110412,19111006
farrd102,1915,NYA,,19150414,19151007
farrj001,2007,BOS,Pitching,20070402,20070930
farrj001,2008,BOS,Pitching,20080325,20081019
farrj001,2009,BOS,Pitching,20090407,20091004
farrj001,2010,BOS,Pitching,20100404,20101003
farrk101,1966,CHA,,19660412,19661002
farrk101,1967,CHA,,19670412,19671001
farrk101,1968,CHA,,19680410,19680929
farrk101,1969,CHA,,19690408,19691002
farrk101,1970,CLE,,19700407,19701001
farrk101,1971,CLE,,19710406,19710929
fasas001,2018,ATL,,20180329,20181001
fasas001,2019,ATL,,20190329,20190929
fasas001,2020,ATL,,20200723,20200927
fasas001,2021,ATL,,20210401,20211003
fasas001,2022,ATL,,20220407,20221015
fatsp801,2020,BOS,Hitting,20200723,20200927
fatsp801,2021,BOS,Hitting,20210401,20211003
fatsp801,2022,BOS,Hitting,20220408,20221005
fatsp801,2023,BOS,Hitting,20230330,20231001
fatsp801,2024,BOS,Hitting,20240328,20240929
feblc001,2018,BOS,3B,20180329,20181028
feblc001,2019,BOS,3B,20190329,20190929
feblc001,2020,BOS,3B,20200723,20200927
feblc001,2021,BOS,3B,20210401,20211003
feblc001,2022,BOS,3B,20220408,20221005
feblc001,2023,BOS,3B,20230330,20231001
feblc001,2024,TOR,3B,20240328,20240929
felij002,2019,ANA,1B,20190329,20190929
felij002,2020,ANA,1B,20200723,20200927
felsj101,1980,TOR,,19800409,19801005
felsj101,1981,TOR,,19810409,19811004
felsj101,1984,PHI,,19840403,19840930
fergj101,1986,TEX,,19860408,19861005
fergj101,1987,TEX,,19870406,19871004
fergj101,1988,LAN,,19880404,19881020
fergj101,1989,LAN,,19890403,19891001
fergj101,1990,LAN,,19900409,19901003
fergj101,1991,LAN,,19910410,19911006
fergj101,1992,LAN,,19920406,19921004
fergj101,1993,LAN,,19930405,19931003
fergj101,1994,LAN,,19940405,19940811
ferrd101,1955,BOS,Pitching,19550412,19550925
ferrd101,1956,BOS,Pitching,19560417,19560930
ferrd101,1957,BOS,Pitching,19570416,19570929
ferrd101,1958,BOS,Pitching,19580414,19580928
ferrd101,1959,BOS,Pitching,19590412,19590927
ferrm101,1979,NYA,,19790405,19790930
ferrm101,1980,NYA,,19800410,19801010
ferrm101,1981,NYA,,19810409,19811028
ferrm101,1982,NYA,,19820411,19821003
ferrm101,1984,KCA,,19840403,19841005
ferrm101,1985,KCA,,19850408,19851027
ferrm101,1986,KCA,,19860408,19860716
ferrm101,1987,NYA,,19870406,19871004
ferrm101,1988,NYA,,19880405,19881002
ferrm101,1989,NYA,,19890818,19891001
ferrm101,1990,NYA,,19900412,19901003
ferrm101,1991,NYA,,19910408,19911006
ferrm101,1993,BAL,3B,19930405,19931003
ferrr101,1946,WS1,,19460416,19460929
ferrr101,1948,WS1,,19480419,19481003
ferrr101,1949,WS1,,19490418,19491002
ferrr101,1950,DET,,19500418,19501001
ferrr101,1951,DET,,19510417,19510930
ferrr101,1952,DET,,19520415,19520928
ferrr101,1953,DET,,19530414,19530927
ferrt101,1954,CIN,,19540413,19540926
ferrt101,1955,CIN,,19550411,19550925
ferrt101,1956,CIN,,19560417,19560930
ferrt101,1957,CIN,,19570416,19570929
ferrt101,1958,CIN,,19580415,19580928
ferrt101,1959,PHI,,19590410,19590927
ferrt101,1960,DET,Pitching,19600419,19601002
ferrt101,1961,DET,Pitching,19610411,19611001
ferrt101,1962,DET,Pitching,19620409,19620930
ferrt101,1963,DET,Pitching,19630409,19630616
ferrt101,1964,KC1,Pitching,19640414,19641004
ferrt101,1965,KC1,Pitching,19650412,19650605
fettc801,2021,DET,Pitching,20210401,20211003
fettc801,2022,DET,Pitching,20220408,20221005
fettc801,2023,DET,Pitching,20230330,20231001
fettc801,2024,DET,Pitching,20240328,20241012
fettm001,2017,ARI,Bullpen,20170402,20171001
fettm001,2018,ARI,Bullpen,20180329,20181001
fettm001,2019,ARI,Bullpen,20190329,20190929
fettm001,2020,ARI,Bullpen,20200723,20200927
fettm001,2021,ARI,Bullpen,20210401,20211003
fettm001,2022,ARI,Bullpen,20220407,20221005
fettm001,2023,ARI,Bullpen,20230330,20231101
fettm001,2024,ARI,Bullpen,20240328,20240929
fielb001,2003,DET,Hitting,20030331,20030928
fielb001,2004,DET,Hitting,20040405,20041003
fielb001,2005,DET,Hitting,20050404,20051002
fielb001,2011,CLE,Hitting,20110619,20110928
fielb001,2012,CLE,Hitting,20120405,20121003
figup801,2019,PHI,1B,20190329,20190929
figup801,2020,PHI,1B,20200723,20200927
figup801,2021,PHI,1B,20210401,20211003
figup801,2022,PHI,1B,20220408,20221105
figup801,2023,PHI,1B,20230330,20231024
figup801,2024,PHI,1B,20240329,20241009
firod001,2016,WAS,Bullpen,20160404,20161013
firod001,2017,WAS,Bullpen,20170402,20171001
fiscb101,1979,CIN,,19790404,19791005
fiscb101,1980,CIN,,19800409,19801005
fiscb101,1981,CIN,,19810408,19811004
fiscb101,1982,CIN,,19820405,19821003
fiscb101,1983,CIN,,19830404,19831002
fiscb101,1985,BOS,Pitching,19850408,19851006
fiscb101,1986,BOS,Pitching,19860407,19861027
fiscb101,1987,BOS,Pitching,19870406,19871004
fiscb101,1988,BOS,Pitching,19880404,19881002
fiscb101,1989,BOS,Pitching,19890403,19891001
fiscb101,1990,BOS,Pitching,19900409,19901010
fiscb101,1991,BOS,Pitching,19910408,19911006
fiscb101,2000,TBA,Pitching,20000412,20001001
fiscb101,2001,TBA,Pitching,20010403,20011007
fiscb801,1996,OAK,Bullpen,19960401,19960929
fiscb801,1997,OAK,1B,19970402,19970928
fiscb801,1998,OAK,Bullpen,19980401,19980927
fiscb801,1999,OAK,Bullpen,19990405,19991003
fiscb801,2000,OAK,Bullpen,20000403,20001008
fiscb801,2001,OAK,Bullpen,20010402,20011015
fiscb801,2002,OAK,Bullpen,20020401,20021006
fiscb801,2003,OAK,1B,20030401,20031006
fiscb801,2004,OAK,1B,20040405,20041003
fiscb801,2005,OAK,1B,20050404,20051002
fiscb801,2006,OAK,Bullpen,20060403,20061014
fiscb801,2007,OAK,Bullpen,20070402,20070930
fiscb801,2009,MIL,3B,20090407,20091004
fiscb801,2010,MIL,3B,20100405,20101003
fitze101,1960,CLE,,19600419,19601002
fitze101,1961,KC1,,19610411,19611001
fitze101,1962,MIN,,19620410,19620930
fitze101,1963,MIN,,19630409,19630928
fitze101,1964,MIN,,19640414,19641004
fitzf101,1940,BRO,,19400416,19400929
fitzf101,1948,BSN,Pitching,19480420,19481011
fitzf101,1949,NY1,,19490419,19491002
fitzf101,1950,NY1,,19500418,19501001
fitzf101,1951,NY1,,19510417,19511010
fitzf101,1952,NY1,,19520416,19520928
fitzf101,1953,NY1,,19530414,19530927
fitzf101,1954,NY1,,19540413,19541002
fitzf101,1955,NY1,,19550413,19550925
fitzf101,1957,CHN,Pitching,19570416,19570929
fitzf101,1958,CHN,Pitching,19580415,19580927
fitzf101,1959,CHN,Pitching,19590411,19590927
fitzf101,1960,KC1,Pitching,19600419,19601002
fitzf101,1966,CHN,Pitching,19660412,19661002
fitzj801,1945,WS1,,19450417,19450923
fitzj801,1946,WS1,,19460416,19460929
fitzj801,1948,WS1,,19480419,19481003
fitzj801,1949,WS1,,19490418,19491002
fitzj801,1950,WS1,,19500418,19501001
fitzj801,1951,WS1,,19510417,19510930
fitzj801,1952,WS1,,19520415,19520928
fitzj801,1953,WS1,,19530416,19530927
fitzj801,1954,WS1,,19540413,19540926
fitzj801,1955,WS1,,19550411,19550925
fitzj801,1956,WS1,,19560417,19560930
fitzj801,1957,WS1,,19570415,19570929
fitzj802,1953,PIT,,19530414,19530927
fitzj802,1954,PIT,,19540413,19540926
fitzj802,1955,PIT,,19550413,19550925
fitzj802,1958,MLN,,19580415,19581009
fitzj802,1959,MLN,,19590410,19590929
flahr001,2023,SDN,Bench,20230330,20231001
flahr001,2024,CHN,Bench,20240328,20240929
flanm001,1995,BAL,Pitching,19950426,19951001
flanm001,1998,BAL,Pitching,19980331,19980927
flant001,1996,SDN,,19960401,19961005
flant001,1997,SDN,,19970401,19970928
flant001,1998,SDN,,19980331,19980927
flant001,1999,SDN,,19990404,19991003
flant001,2000,SDN,,20000403,20001001
flant001,2001,SDN,,20010402,20011007
flant001,2002,SDN,,20020401,20020929
flant001,2007,SFN,3B,20070403,20070930
flant001,2008,SFN,3B,20080331,20080928
flant001,2009,SFN,3B,20090407,20091004
flant001,2010,SFN,3B,20100405,20101101
flant001,2011,SFN,3B,20110331,20110928
flant001,2012,SFN,3B,20120406,20121028
flant001,2013,SFN,3B,20130401,20130929
flant001,2014,SFN,3B,20140331,20141029
fleta101,1927,NYA,,19270412,19271008
fleta101,1928,NYA,,19280411,19281009
fleta101,1929,NYA,,19290418,19290920
fleta101,1930,NYA,,19300415,19300928
fleta101,1931,NYA,,19310414,19310927
fleta101,1932,NYA,,19320412,19321002
fleta101,1933,NYA,,19330413,19331001
fleta101,1934,NYA,,19340417,19340930
fleta101,1935,NYA,,19350416,19350929
fleta101,1936,NYA,,19360414,19361006
fleta101,1937,NYA,,19370420,19371003
fleta101,1938,NYA,,19380418,19381009
fleta101,1939,NYA,,19390420,19391008
fleta101,1940,NYA,,19400416,19400929
fleta101,1941,NYA,,19410414,19411006
fleta101,1942,NYA,,19420414,19421005
fleta101,1943,NYA,,19430422,19431003
fleta101,1944,NYA,,19440418,19441001
fleta101,1945,NYA,,19450417,19450930
flets001,2013,ATL,Hitting,20130401,20131007
flets001,2014,ATL,Hitting,20140331,20140928
florj801,2018,PHI,1B,20180329,20181001
florj801,2019,BAL,3B,20190329,20190929
florj801,2020,BAL,3B,20200723,20200927
flowj101,1940,PIT,,19400416,19400929
flowj101,1941,PIT,,19410415,19410928
flowj101,1942,PIT,,19420414,19420927
flowj101,1943,PIT,,19430421,19431003
flowj101,1944,PIT,,19440418,19441001
flowj101,1945,PIT,,19450417,19450930
flowj101,1946,BSN,,19460416,19460929
flowj101,1951,CLE,,19510417,19510930
flowj101,1952,CLE,,19520415,19520928
floyb101,2001,NYN,,20010403,20011007
floyb101,2004,NYN,,20040406,20041003
folem001,1994,CHN,Bullpen,19940404,19940810
folem001,1999,BAL,1B,19990405,19991003
folet001,2002,TBA,3B,20020402,20020929
folet001,2003,TBA,3B,20030331,20030928
folet001,2004,TBA,3B,20040330,20041003
folet001,2005,TBA,3B,20050404,20051002
folet001,2006,TBA,3B,20060403,20061001
folet001,2007,TBA,3B,20070402,20070930
folet001,2008,TBA,3B,20080331,20081027
folet001,2009,TBA,3B,20090407,20091004
folet001,2010,TBA,3B,20100406,20101012
folet001,2011,TBA,3B,20110401,20111004
folet001,2012,TBA,3B,20120406,20121003
folet001,2013,TBA,3B,20130402,20131008
folet001,2014,TBA,3B,20140331,20140928
folet001,2015,TBA,Bench,20150406,20151004
folet001,2016,TBA,Bench,20160403,20161002
folet001,2017,TBA,Bench,20170402,20171001
folit001,1986,TEX,3B,19860408,19861005
folit001,1987,TEX,3B,19870406,19871004
folit001,1992,MIL,1B,19920406,19921004
folit001,1993,MIL,1B,19930406,19931003
folit001,1994,MIL,1B,19940405,19940811
folit001,1995,MIL,1B,19950426,19951001
folit001,1996,KCA,3B,19960402,19960929
folit001,2001,CIN,Bench,20010402,20011007
folit001,2002,CIN,3B,20020401,20020929
folit001,2003,CIN,3B,20030331,20030727
footb101,1990,CHA,,19900409,19901003
footb101,1991,CHA,,19910408,19911006
footb101,1992,NYN,,19920406,19921004
footb101,1993,NYN,,19930405,19930519
fordw101,1964,NYA,Pitching,19640416,19641015
fordw101,1968,NYA,,19680410,19680929
fordw101,1974,NYA,Pitching,19740406,19741002
fordw101,1975,NYA,Pitching,19750408,19750521
fosts001,2007,FLO,Bullpen,20070402,20070930
fosts001,2008,FLO,Bullpen,20080331,20080928
fosts001,2009,FLO,Bullpen,20090406,20091004
fosts001,2010,KCA,Bullpen,20100405,20101003
fosts001,2011,KCA,Bullpen,20110331,20110928
fosts001,2012,KCA,Bullpen,20120406,20121003
fosts001,2015,COL,Pitching,20150406,20151004
fosts001,2016,COL,Pitching,20160404,20161002
fosts001,2017,COL,Pitching,20170402,20171001
fosts001,2018,COL,Pitching,20180329,20181001
fosts001,2019,COL,Pitching,20190329,20190929
fosts001,2020,COL,Pitching,20200723,20200927
fosts001,2021,COL,Pitching,20210401,20211003
fowla101,1969,MIN,,19690408,19691006
fowla101,1971,DET,Pitching,19710406,19710929
fowla101,1972,DET,Pitching,19720415,19721012
fowla101,1973,DET,Pitching,19730407,19730902
fowla101,1973,TEX,,19730914,19730930
fowla101,1974,TEX,Pitching,19740404,19741002
fowla101,1975,TEX,Pitching,19750408,19750720
fowla101,1977,NYA,Pitching,19770812,19771018
fowla101,1978,NYA,Pitching,19780408,19781017
fowla101,1979,NYA,Pitching,19790619,19790930
fowla101,1980,OAK,Pitching,19800410,19801005
fowla101,1981,OAK,Pitching,19810409,19811015
fowla101,1982,OAK,Pitching,19820406,19821003
fowla101,1983,NYA,Pitching,19830405,19830617
fowla101,1988,NYA,Pitching,19880405,19880622
fox-a001,2007,FLO,1B,20070402,20070930
fox-a001,2008,FLO,1B,20080331,20080928
fox-a001,2009,FLO,1B,20090406,20091004
fox-a001,2024,BOS,1B,20240328,20240929
fox-c101,1965,SFN,3B,19650412,19651003
fox-c101,1966,SFN,3B,19660412,19661002
fox-c101,1967,SFN,1B,19670411,19671001
fox-c101,1968,SFN,,19680410,19680929
fox-c101,1989,NYA,,19890404,19890817
fox-n101,1965,HOU,,19650412,19651003
fox-n101,1966,HOU,,19660412,19661002
fox-n101,1967,HOU,,19670411,19671001
fox-n101,1968,WS2,,19680410,19680929
fox-n101,1969,WS2,,19690407,19691001
fox-n101,1970,WS2,,19700406,19701001
fox-n101,1971,WS2,,19710405,19710930
fox-n101,1972,TEX,,19720415,19721004
foxxj101,1944,CHN,,19440705,19440826
franh101,1949,NY1,,19490419,19491002
franh101,1950,NY1,,19500418,19501001
franh101,1951,NY1,,19510417,19511010
franh101,1952,NY1,,19520416,19520928
franh101,1953,NY1,,19530414,19530927
franh101,1954,NY1,,19540413,19541002
franh101,1955,NY1,,19550413,19550925
franh101,1958,SFN,3B,19580415,19580928
franh101,1964,SFN,,19640414,19641004
franh101,1970,CHN,Pitching,19700811,19701001
frant001,1996,DET,3B,19960401,19960929
frant001,2002,TEX,Bench,20020401,20020929
frant001,2003,OAK,Bench,20030401,20031006
frasc101,1914,PIT,,19140414,19141005
frasc101,1921,PIT,,19210413,19211002
frasc101,1922,PIT,,19220412,19221001
frasc101,1923,PIT,,19230417,19231007
frasj801,2020,TEX,Bullpen,20200723,20200927
frawt801,2022,MIN,,20220408,20221005
frazl001,2008,PIT,1B,20080331,20080928
frend801,2021,ATL,Bullpen,20210401,20211003
frend801,2022,ATL,Bullpen,20220407,20221015
frend801,2023,ATL,Bullpen,20230330,20231012
frend801,2024,BAL,Pitching,20240328,20241002
freyj801,1970,BAL,Hitting,19700407,19701015
freyj801,1971,BAL,Hitting,19710407,19711017
freyj801,1972,BAL,Hitting,19720416,19721003
freyj801,1973,BAL,Hitting,19730406,19731011
freyj801,1974,BAL,Hitting,19740405,19741009
freyj801,1975,BAL,Hitting,19750410,19750928
freyj801,1976,BAL,1B,19760409,19761003
freyj801,1977,BAL,1B,19770407,19771001
freyj801,1978,BAL,1B,19780407,19781001
freyj801,1979,BAL,1B,19790406,19791017
freyj801,1982,NYN,,19820408,19821003
freyj801,1983,NYN,,19830405,19831002
frieo101,1969,KCA,,19690408,19691002
frisf101,1949,NY1,,19490419,19490610
fritb801,2020,SDN,Bullpen,20200723,20200927
fritb801,2021,SDN,Bullpen,20210401,20210822
fritb801,2021,SDN,Pitching,20210823,20211003
fritb801,2022,SDN,Bullpen,20220407,20221023
fritb801,2023,SDN,Bullpen,20230330,20231001
fritb801,2024,SDN,Bullpen,20240320,20241011
fullr801,2022,BAL,Hitting,20220408,20221005
fullr801,2023,BAL,Hitting,20230330,20231010
fullr801,2024,BAL,Hitting,20240328,20241002
funkf101,1976,SFN,Bullpen,19760409,19761002
funkf101,1980,SEA,Pitching,19800811,19801005
funkf101,1981,SEA,1B,19810409,19811004
funkf101,1983,SEA,Pitching,19830405,19831002
funkf101,1984,SEA,Pitching,19840404,19840825
funkf101,1988,KCA,Pitching,19880404,19881002
funkf101,1989,KCA,Pitching,19890403,19891001
funkf101,1990,KCA,Pitching,19900409,19901003
funkf101,1996,COL,Pitching,19960402,19960929
funkf101,1997,COL,Pitching,19970401,19970928
funkf101,1998,COL,Pitching,19980331,19980927
gaetg001,2002,HOU,Hitting,20020402,20020929
gaetg001,2003,HOU,Hitting,20030401,20030928
gaetg001,2004,HOU,Hitting,20040405,20041021
gaetg001,2005,HOU,Hitting,20050405,20051026
gaetg001,2006,HOU,Hitting,20060403,20060711
galaa101,1954,PHA,,19540413,19540926
galam801,1985,HOU,,19850409,19851006
galam801,1986,HOU,,19860408,19861015
galam801,1987,HOU,,19870406,19871004
galam801,1988,HOU,,19880405,19881002
galam801,1989,HOU,,19890404,19891001
galam801,1990,HOU,,19900409,19901003
galam801,1991,HOU,,19910408,19911006
galam801,1992,HOU,,19920407,19921004
galam801,1993,HOU,,19930405,19931003
galam801,1994,HOU,,19940404,19940811
galam801,1995,HOU,,19950426,19951001
galam801,1996,HOU,,19960401,19960929
galam801,1998,HOU,,19980331,19981004
galam801,1999,HOU,,19990406,19990613
galam801,1999,HOU,,19990712,19991003
galam801,2000,HOU,,20000404,20001001
galam801,2001,HOU,,20010403,20011012
galam801,2002,NYN,,20020401,20020929
galam801,2003,NYN,,20030331,20030928
galam801,2004,NYN,,20040406,20041003
galer001,1992,BOS,Pitching,19920407,19921004
galer001,1993,BOS,Pitching,19930405,19931003
gallm001,2002,COL,,20020501,20020929
gallm001,2005,COL,3B,20050404,20051002
gallm001,2006,COL,3B,20060403,20061001
gallm001,2007,COL,3B,20070402,20071028
gallm001,2008,COL,3B,20080401,20080928
gallm001,2009,OAK,3B,20090406,20091004
gallm001,2010,OAK,3B,20100405,20101003
gallm001,2011,OAK,3B,20110401,20110928
gallm001,2012,OAK,3B,20120328,20121011
gallm001,2013,OAK,3B,20130401,20131010
gallm001,2014,OAK,3B,20140331,20140930
gallm001,2015,OAK,3B,20150406,20150823
gallm001,2019,ANA,3B,20190329,20190929
gallm001,2020,ANA,Bench,20200723,20200927
gallm001,2021,ANA,Bench,20210401,20211003
gallm001,2022,ANA,,20220407,20220606
gallm001,2022,ANA,3B,20220607,20221005
gambt801,1998,CHN,3B,19980331,19981003
gambt801,1999,CHN,3B,19990406,19991003
gambt801,2001,KCA,1B,20010402,20011007
gambt801,2002,KCA,1B,20020401,20020929
gambt801,2003,KCA,Bullpen,20030331,20030928
gantj001,1996,MIL,1B,19960402,19960929
gantj001,1997,MIL,1B,19970401,19970928
garcc001,2005,SEA,1B,20050404,20050812
garcc001,2005,SEA,3B,20050813,20051002
garcc001,2006,SEA,3B,20060403,20061001
garcc001,2007,SEA,3B,20070402,20070930
garcc001,2010,PIT,1B,20100405,20101003
garcd801,1970,SDN,,19700407,19701001
garcd801,1971,SDN,,19710406,19710930
garcd801,1972,SDN,,19720415,19721004
garcd801,1973,SDN,,19730406,19731001
garcd801,1975,CLE,,19750408,19750928
garcd801,1976,CLE,,19760410,19761002
garcd801,1977,CAL,3B,19770406,19770710
garcd801,1979,CLE,,19790405,19790722
garcd801,1983,MIL,3B,19830405,19831002
garcd801,1984,MIL,3B,19840403,19840930
garcd801,2000,COL,,20000403,20001001
garcd801,2001,COL,,20010402,20011007
garcd801,2002,COL,,20020401,20020929
garcm801,2023,KCA,,20230330,20231001
garcm801,2024,KCA,,20240328,20241010
gardb101,1965,BOS,3B,19650412,19651003
gardb101,1966,BOS,3B,19660412,19660927
gardb101,1977,MON,1B,19770409,19771002
gardb101,1978,MON,1B,19780407,19781001
gardb101,1981,MIN,,19810409,19810521
gardm001,2003,SFN,Bullpen,20030331,20031004
gardm001,2004,SFN,Bullpen,20040405,20041003
gardm001,2005,SFN,Bullpen,20050405,20051002
gardm001,2006,SFN,Bullpen,20060403,20061001
gardm001,2007,SFN,Bullpen,20070403,20070930
gardm001,2008,SFN,Bullpen,20080331,20080928
gardm001,2009,SFN,Bullpen,20090407,20091004
gardm001,2010,SFN,Bullpen,20100405,20101101
gardm001,2011,SFN,Bullpen,20110331,20110928
gardm001,2012,SFN,Bullpen,20120406,20121028
gardm001,2013,SFN,Bullpen,20130401,20130929
gardm001,2014,SFN,Bullpen,20140331,20141029
gardm001,2015,SFN,Bullpen,20150406,20151004
gardm001,2016,SFN,Bullpen,20160404,20161011
gardm001,2017,SFN,Bullpen,20170402,20171001
gardr001,1991,MIN,,19910409,19911027
gardr001,1992,MIN,,19920406,19921004
gardr001,1993,MIN,,19930406,19931003
gardr001,1994,MIN,,19940405,19940810
gardr001,1995,MIN,,19950426,19951001
gardr001,1996,MIN,,19960401,19960929
gardr001,1997,MIN,,19970401,19970928
gardr001,1998,MIN,,19980401,19980927
gardr001,1999,MIN,,19990406,19991003
gardr001,2000,MIN,,20000403,20001001
gardr001,2001,MIN,,20010403,20011007
gardr001,2017,ARI,Bench,20170402,20171001
garnp001,1989,HOU,,19890404,19891001
garnp001,1990,HOU,,19900409,19901003
garnp001,1991,HOU,,19910408,19911006
garra101,1988,KCA,,19880404,19881002
garra101,1989,KCA,,19890403,19891001
garra101,1990,KCA,,19900409,19901003
garra101,1991,KCA,,19910408,19911006
garra101,1992,KCA,,19920406,19921004
garrf101,1953,CIN,,19530413,19530927
gastc101,1982,TOR,,19820409,19821003
gastc101,1983,TOR,,19830405,19831002
gastc101,1984,TOR,,19840404,19840930
gastc101,1985,TOR,,19850408,19851016
gastc101,1986,TOR,,19860408,19861005
gastc101,1987,TOR,,19870406,19871004
gastc101,1988,TOR,,19880404,19881002
gastc101,1989,TOR,,19890403,19890514
gastc101,2000,TOR,,20000403,20001001
gastc101,2001,TOR,,20010401,20011007
gebhb101,1982,MON,,19820409,19821003
gehrc101,1942,DET,,19420414,19420927
gellm801,2012,CHA,Hitting,20120406,20121003
gellm801,2024,CHA,Hitting,20240809,20240929
gereb001,2003,OAK,Bullpen,20030401,20031006
gereb001,2004,OAK,Bullpen,20040405,20041003
gereb001,2005,OAK,Bullpen,20050404,20051002
gereb001,2006,OAK,Bench,20060403,20061014
gereb001,2012,NYN,Bench,20120405,20121003
gereb001,2013,NYN,Bench,20130401,20130929
gereb001,2014,NYN,Bench,20140331,20140928
gereb001,2015,NYN,Bench,20150406,20151101
gereb001,2016,LAN,Bench,20160404,20161022
gereb001,2017,LAN,Bench,20170402,20171001
gereb001,2018,LAN,Bench,20180329,20181001
gereb001,2019,LAN,Bench,20190329,20190929
gereb001,2020,LAN,Bench,20200723,20200927
gereb001,2021,LAN,Bench,20210401,20211003
gereb001,2022,LAN,Bench,20220408,20221015
gernd101,1975,TEX,,19750723,19750928
gernd101,1976,TEX,,19760409,19761003
gharp101,1929,WS1,,19290417,19291006
gharp101,1930,WS1,,19300414,19300928
gharp101,1933,CLE,,19330714,19331001
gharp101,1934,CLE,,19340417,19340930
gharp101,1935,CLE,,19350416,19350929
gibbj001,2002,TOR,1B,20020603,20020929
gibbj001,2003,TOR,1B,20030331,20030928
gibbj001,2004,TOR,1B,20040405,20040808
gibbj001,2009,KCA,Bench,20090407,20091004
gibbj001,2010,KCA,Bench,20100405,20101003
gibbj001,2011,KCA,Bench,20110331,20110928
gibbj001,2024,NYN,Bench,20240329,20241020
gibsb101,1981,NYN,Pitching,19810409,19811004
gibsb101,1982,ATL,Pitching,19820406,19821010
gibsb101,1983,ATL,Pitching,19830404,19831002
gibsb101,1984,ATL,Pitching,19840403,19840930
gibsb101,1995,SLN,Pitching,19950426,19951001
gibsg101,1917,NY1,,19170412,19171003
gibsg101,1918,NY1,,19180416,19180902
gibsg101,1923,WS1,,19230418,19231007
gibsg101,1925,CHN,,19250414,19250902
gibsk001,2003,DET,Bench,20030331,20030928
gibsk001,2004,DET,Bench,20040405,20041003
gibsk001,2005,DET,Bench,20050404,20051002
gibsk001,2007,ARI,Bench,20070402,20071015
gibsk001,2008,ARI,Bench,20080331,20080928
gibsk001,2009,ARI,Bench,20090406,20091004
gibsk001,2010,ARI,Bench,20100405,20100630
gider801,2019,COL,1B,20190329,20190929
gider801,2020,COL,1B,20200723,20200927
gider801,2021,COL,1B,20210401,20211003
gider801,2022,COL,1B,20220408,20221005
gider801,2023,COL,1B,20230330,20231001
gider801,2024,COL,1B,20240328,20240929
gil-b001,2022,ANA,1B,20220407,20220606
gil-b001,2022,ANA,,20220607,20221005
gilba101,1972,SFN,,19720415,19721004
gilba101,1973,SFN,,19730405,19730930
gilba101,1974,SFN,Bench,19740405,19741002
gilba101,1975,SFN,Bench,19750410,19750928
gillj102,1965,LAN,,19650412,19651014
gillj102,1966,LAN,,19660412,19661009
gillj102,1967,LAN,,19670410,19671001
gillj102,1968,LAN,,19680410,19680929
gillj102,1969,LAN,,19690407,19691002
gillj102,1970,LAN,,19700407,19701001
gillj102,1971,LAN,,19710405,19710930
gillj102,1972,LAN,,19720415,19721004
gillj102,1973,LAN,,19730406,19730929
gillj102,1974,LAN,,19740405,19741017
gillj102,1975,LAN,,19750407,19750928
gillj102,1976,LAN,,19760409,19761003
gillj102,1977,LAN,Hitting,19770407,19771018
gillj102,1978,LAN,Hitting,19780407,19780917
giraj001,2005,NYA,Bench,20050403,20051010
gladf102,1976,DET,Pitching,19760410,19761003
gladf102,1977,DET,Pitching,19770407,19771002
gladf102,1978,DET,Pitching,19780407,19781001
gleak101,1908,PHI,,19080414,19081007
gleak101,1909,PHI,,19090414,19091007
gleak101,1912,CHA,,19120411,19121006
gleak101,1913,CHA,,19130411,19131005
gleak101,1914,CHA,,19140414,19141004
gleak101,1915,CHA,,19150414,19151003
gleak101,1916,CHA,,19160412,19161001
gleak101,1917,CHA,,19170411,19171015
gleak101,1926,PHA,,19260413,19260927
gleak101,1927,PHA,,19270412,19271002
gleak101,1928,PHA,,19280411,19280930
gleak101,1929,PHA,,19290417,19291014
gleak101,1930,PHA,,19300415,19301008
gleak101,1931,PHA,,19310414,19311010
gleej101,1957,KC1,,19570814,19570929
gleej101,1964,NYA,,19640416,19641015
glyng801,1994,COL,1B,19940404,19940811
glyng801,1996,COL,3B,19960402,19960929
glyng801,1997,COL,3B,19970401,19970928
glyng801,1998,COL,3B,19980331,19980927
glyng801,1999,MON,1B,19990405,19991003
glyng801,2000,CHN,3B,20000329,20001001
glyng801,2001,CHN,3B,20010402,20011007
glyng801,2002,CHN,3B,20020401,20020710
glyng801,2003,SFN,3B,20030331,20031004
glyng801,2004,SFN,3B,20040405,20041003
glyng801,2005,SFN,3B,20050405,20051002
glyng801,2006,SFN,3B,20060403,20061001
glyng801,2015,MIN,3B,20150406,20151004
glyng801,2016,MIN,3B,20160404,20161002
glyng801,2017,MIN,3B,20170402,20171001
glyng801,2018,MIN,3B,20180329,20181001
goffm801,2005,SEA,1B,20050813,20051002
goffm801,2006,SEA,1B,20060403,20060912
goffm801,2006,SEA,Bench,20060913,20061001
goffm801,2007,SEA,1B,20070402,20070701
goffm801,2007,SEA,Bench,20070702,20070930
goffm801,2015,MIA,Bench,20150518,20151004
goldb001,2024,CLE,Bullpen,20240328,20241019
gomeo801,1991,TEX,,19910408,19911006
gomeo801,1992,TEX,,19920406,19921004
gomeo801,1998,TBA,Bullpen,19980331,19980831
gomeo801,1998,TBA,3B,19980901,19980927
gomeo801,1999,TBA,Bullpen,19990405,19991003
gomeo801,2000,TBA,Bullpen,20000403,20001001
gomeo801,2003,SEA,Bullpen,20030401,20030928
gomeo801,2004,SEA,Bullpen,20040406,20041003
gomep101,1965,LAN,,19650412,19651014
gomep101,1966,LAN,,19660412,19661009
gomep101,1967,LAN,,19670410,19671001
gomep101,1968,LAN,,19680410,19680929
gomep101,1973,HOU,,19730406,19730930
gomep101,1976,SLN,,19760409,19761003
gomep101,1977,LAN,,19770407,19771018
gomep101,1978,LAN,,19780407,19781017
gomep101,1979,LAN,,19790405,19790930
gomep101,1981,CAL,3B,19810409,19811004
gomep101,1982,CAL,3B,19820406,19821010
gomep101,1983,CAL,3B,19830405,19831002
gomep101,1984,CAL,3B,19840402,19840930
gonza004,2022,COL,Hitting,20220408,20221005
gonza004,2023,COL,Hitting,20230330,20231001
gonza004,2024,COL,Hitting,20240328,20240929
gonze801,2022,MIA,,20220408,20221005
gonzf801,1999,FLO,3B,19990405,19991003
gonzf801,2000,FLO,3B,20000403,20001001
gonzf801,2001,FLO,3B,20010402,20010528
gonzf801,2001,FLO,Bench,20010529,20011007
gonzf801,2003,ATL,3B,20030331,20031005
gonzf801,2004,ATL,3B,20040406,20041011
gonzf801,2005,ATL,3B,20050405,20051009
gonzf801,2006,ATL,3B,20060403,20061001
gonzf801,2017,MIA,3B,20170402,20171001
gonzf801,2018,MIA,3B,20180329,20181001
gonzf801,2019,MIA,3B,20190329,20190929
gonzf801,2020,BAL,,20200723,20200927
gonzf801,2021,BAL,,20210401,20211003
gonzf801,2022,BAL,Bench,20220408,20221005
gonzf801,2023,BAL,Bench,20230330,20231010
gonzf801,2024,BAL,Bench,20240328,20241002
gonzm101,1934,SLN,,19340417,19341009
gonzm101,1935,SLN,,19350416,19350929
gonzm101,1936,SLN,,19360414,19360927
gonzm101,1937,SLN,,19370420,19371003
gonzm101,1938,SLN,,19380419,19380911
gonzm101,1939,SLN,,19390418,19391001
gonzm101,1940,SLN,,19400416,19400606
gonzm101,1940,SLN,,19400611,19400929
gonzm101,1941,SLN,,19410415,19410928
gonzm101,1942,SLN,,19420414,19421005
gonzm101,1943,SLN,,19430421,19431011
gonzm101,1944,SLN,,19440418,19441009
gonzm101,1945,SLN,,19450417,19450930
gonzm101,1946,SLN,,19460416,19461015
goocj101,1937,PIT,,19370420,19371003
goocj101,1938,PIT,,19380419,19381002
goocj101,1939,PIT,,19390417,19391001
goodb101,1968,ATL,,19680410,19680929
goodb101,1969,ATL,,19690407,19691006
goodb101,1970,ATL,,19700407,19701001
goodt001,2012,NYN,1B,20120405,20121003
goodt001,2013,NYN,1B,20130401,20130929
goodt001,2014,NYN,1B,20140331,20140928
goodt001,2015,NYN,1B,20150406,20151101
goodt001,2016,NYN,1B,20160403,20161005
goodt001,2017,NYN,1B,20170402,20171001
goodt001,2018,BOS,1B,20180329,20181028
goodt001,2019,BOS,1B,20190329,20190929
goodt001,2020,BOS,1B,20200723,20200927
goodt001,2021,BOS,1B,20210401,20211003
goodt001,2024,ATL,1B,20240329,20241002
gordj101,1956,DET,,19560417,19560930
goryj101,1968,MIN,,19680529,19680929
goryj101,1969,MIN,,19690408,19691006
goryj101,1979,MIN,,19790406,19790930
goryj101,1980,MIN,,19800410,19800824
goryj101,1982,CLE,,19820410,19821003
goryj101,1983,CLE,,19830404,19831002
goryj101,1984,CLE,,19840403,19840930
goryj101,1985,CLE,,19850408,19851006
goryj101,1986,CLE,,19860407,19861005
goryj101,1987,CLE,,19870406,19871004
goryj101,1988,CLE,,19880404,19881002
goryj101,1997,CLE,,19970402,19971026
goryj101,1998,CLE,,19980331,19981013
gossr001,2003,COL,,20030401,20030928
gottj001,2018,PHI,Bullpen,20180329,20181001
gottj001,2019,PHI,Bullpen,20190329,20190929
gottj001,2020,PHI,Bullpen,20200723,20200927
gowdh101,1929,BSN,,19290418,19291006
gowdh101,1930,BSN,,19300415,19300928
gowdh101,1931,BSN,,19310414,19310927
gowdh101,1932,BSN,,19320412,19320925
gowdh101,1933,BSN,,19330416,19331001
gowdh101,1934,BSN,,19340417,19340930
gowdh101,1935,BSN,,19350416,19350929
gowdh101,1936,BSN,,19360414,19360927
gowdh101,1937,BSN,,19370419,19371003
gowdh101,1938,CIN,,19380419,19381002
gowdh101,1939,CIN,,19390417,19391008
gowdh101,1940,CIN,,19400416,19401008
gowdh101,1941,CIN,,19410415,19410928
gowdh101,1942,CIN,,19420414,19420927
gowdh101,1945,CIN,,19450417,19450930
gowdh101,1946,CIN,,19460416,19460925
gowdh101,1947,NY1,,19470415,19470928
gowdh101,1948,NY1,,19480420,19481003
gracm001,2015,ARI,Hitting,20150406,20151004
gracm001,2016,ARI,Hitting,20160404,20161002
grafm101,1985,PIT,,19850409,19851006
grahb801,1999,CLE,,19990406,19991011
grahb801,2000,BAL,,20000403,20001001
grama101,1965,PIT,3B,19650412,19651003
grama101,1966,PIT,3B,19660412,19661002
grama101,1967,PIT,3B,19670411,19671001
grama101,1968,PIT,3B,19680410,19680929
grama101,1969,PIT,3B,19690408,19690925
grama101,1970,CIN,,19700406,19701015
grama101,1971,CIN,,19710405,19710930
grama101,1972,CIN,,19720415,19721004
grama101,1973,CIN,,19730405,19731010
grama101,1974,CIN,,19740404,19741002
grama101,1975,CIN,,19750407,19751022
grama101,1978,CIN,,19780406,19781001
grama101,1979,ATL,,19790406,19790930
grama101,1980,DET,3B,19800410,19801005
grama101,1981,DET,3B,19810409,19811004
grama101,1982,DET,3B,19820409,19821003
grama101,1983,DET,3B,19830405,19831002
grama101,1984,DET,3B,19840403,19841014
grama101,1985,DET,3B,19850408,19851006
grama101,1986,DET,3B,19860407,19861005
grama101,1987,DET,3B,19870406,19871012
grama101,1988,DET,3B,19880404,19881002
grama101,1989,DET,3B,19890404,19891001
grama101,1990,DET,3B,19900409,19901003
grama101,1991,DET,3B,19910408,19911006
greea001,2015,ARI,3B,20150406,20151004
greea001,2020,CHN,Bench,20200723,20200927
greea001,2021,CHN,Bench,20210401,20211003
greea001,2022,CHN,Bench,20220407,20221005
greea001,2023,CHN,Bench,20230330,20231001
greec002,2024,MIL,Bullpen,20240329,20241003
greeg801,2018,SLN,Hitting,20180715,20181001
greeg801,2019,SLN,Hitting,20190329,20190929
greem001,2001,CIN,,20010618,20010712
gregg801,1998,LAN,Pitching,19980331,19980624
gregg801,2003,BOS,Pitching,20030405,20030422
gregg801,2003,BOS,Pitching,20030530,20030608
grifa001,1996,TOR,,19960401,19960929
grifa001,1997,TOR,,19970401,19970928
grifa001,2000,ANA,1B,20000403,20001001
grifa001,2001,ANA,1B,20010403,20011007
grifa001,2002,ANA,1B,20020331,20020929
grifa001,2003,ANA,1B,20030330,20030928
grifa001,2004,ANA,1B,20040406,20041008
grifa001,2005,ANA,1B,20050405,20051016
grifa001,2006,ANA,1B,20060403,20061001
grifa001,2007,ANA,1B,20070402,20071007
grifa001,2008,ANA,1B,20080331,20081006
grifa001,2009,ANA,1B,20090406,20091025
grifa001,2010,ANA,1B,20100405,20101003
grifa001,2011,ANA,1B,20110331,20110928
grifa001,2012,ANA,1B,20120406,20121003
grifa001,2013,ANA,1B,20130401,20130929
grifa001,2014,ANA,1B,20140331,20141005
grifa001,2015,ANA,1B,20150406,20151004
grifa001,2016,ANA,,20160404,20161002
grifa001,2017,ANA,1B,20170402,20171001
grifa001,2018,ANA,1B,20180329,20181001
grifk001,1993,SEA,Hitting,19930406,19931003
grifk001,1996,COL,Hitting,19960402,19960929
grifk001,1997,CIN,,19970401,19970928
grifk001,1998,CIN,,19980331,19980927
grifk001,1999,CIN,,19990405,19991004
grifk001,2000,CIN,,20000403,20001001
grifk001,2001,CIN,,20010402,20011007
grifp801,2013,KCA,Hitting,20130530,20130929
grifp801,2014,KCA,Hitting,20140331,20140529
grifp801,2020,KCA,Bench,20200723,20200927
grifp801,2021,KCA,Bench,20210401,20211003
grifp801,2022,KCA,Bench,20220407,20221005
grimb101,1955,KC1,,19550412,19550925
grimc101,1941,CHN,,19410415,19410928
grimc101,1961,CHN,,19610529,19611001
grism001,2009,WAS,1B,20090406,20091004
grism101,1961,LAA,Pitching,19610411,19611001
grism101,1962,LAA,Pitching,19620410,19620930
grism101,1963,LAA,Pitching,19630409,19630928
grism101,1964,LAA,Pitching,19640413,19641004
grism101,1965,CAL,Pitching,19650413,19651003
grism101,1966,CAL,Pitching,19660412,19661002
grism101,1967,CHA,Pitching,19670412,19671001
grism101,1968,CHA,Pitching,19680410,19680713
grism101,1969,CAL,Pitching,19690408,19691002
grism101,1970,MIN,Pitching,19700407,19701005
grism101,1971,MIN,Pitching,19710406,19710930
grism101,1975,CHN,Pitching,19750410,19750928
grism101,1976,CHN,Pitching,19760409,19761003
grism101,1977,CAL,Pitching,19770713,19771002
grism101,1978,CAL,Pitching,19780407,19781001
grodj101,1979,DET,Pitching,19790407,19790930
grosg001,2001,PHI,,20010402,20011007
grosg001,2002,PHI,Hitting,20020401,20020929
grosg001,2003,PHI,Hitting,20030331,20030928
grosg001,2004,PHI,Hitting,20040405,20041003
grosg001,2010,PHI,Hitting,20100723,20101023
grosg001,2011,PHI,Hitting,20110401,20111007
grosg001,2012,PHI,Hitting,20120405,20121003
guare001,2015,MIN,Bullpen,20150406,20151004
guare001,2016,MIN,Bullpen,20160404,20161002
guare001,2017,MIN,Bullpen,20170402,20171001
guare001,2018,MIN,Bullpen,20180329,20181001
guere801,1981,TOR,,19810409,19811004
guerm801,2014,MIL,,20140331,20140928
guerm801,2015,MIL,1B,20150406,20151004
guerp801,2018,PHI,Hitting,20180329,20181001
guerp801,2019,PHI,Hitting,20190329,20190929
guerp801,2020,PHI,Hitting,20200723,20200927
guerp801,2021,PHI,Hitting,20210401,20211003
guerp801,2022,SFN,Hitting,20220408,20221005
guerp801,2023,SFN,Hitting,20230330,20231001
guerp801,2024,SFN,Hitting,20240328,20240929
guidr001,2006,NYA,Pitching,20060403,20061007
guidr001,2007,NYA,Pitching,20070402,20071008
guilo001,2001,MON,3B,20010604,20011007
guilo001,2002,FLO,3B,20020402,20020929
guilo001,2003,FLO,3B,20030331,20031025
gulld101,1993,CIN,Bullpen,19930405,19930523
gulld101,1993,CIN,Pitching,19930524,19931003
gulld101,1994,CIN,Pitching,19940403,19940811
gulld101,1995,CIN,Pitching,19950426,19951014
gulld101,1996,CIN,Pitching,19960402,19960929
gulld101,1997,CIN,Pitching,19970401,19970928
gulld101,1998,CIN,Pitching,19980331,19980927
gulld101,1999,CIN,Pitching,19990405,19991004
gulld101,2000,CIN,Pitching,20000403,20001001
gulld101,2001,CIN,Pitching,20010402,20011007
gulld101,2002,CIN,Pitching,20020401,20020929
gulld101,2003,CIN,Pitching,20030331,20030928
gulld101,2004,CIN,Pitching,20040405,20041003
gulld101,2005,CIN,Pitching,20050404,20050620
gumpr101,1957,NYA,,19570416,19570602
gustf101,1950,PIT,,19500629,19501001
gutir001,2024,WAS,3B,20240328,20240929
guttd101,1954,CHA,,19540917,19540925
guttd101,1955,CHA,,19550412,19550925
guttd101,1956,CHA,,19560417,19560930
guttd101,1957,CHA,,19570416,19570929
guttd101,1958,CHA,,19580415,19580928
guttd101,1959,CHA,,19590410,19591008
guttd101,1960,CHA,,19600419,19601002
guttd101,1961,CHA,,19610410,19610930
guttd101,1962,CHA,,19620410,19620930
guttd101,1963,CHA,,19630409,19630929
guttd101,1964,CHA,,19640414,19641004
guttd101,1965,CHA,,19650413,19651003
guttd101,1966,CHA,,19660412,19661002
guttd101,1968,CHA,,19680716,19680929
guttd101,1969,CHA,,19690408,19690502
haase101,1974,ATL,,19740827,19741002
haase101,1975,ATL,,19750407,19750928
haase101,1976,ATL,,19760409,19761003
haase101,1977,ATL,,19770408,19771002
haase101,1984,ATL,,19840720,19840930
haasm101,1940,CHA,,19400416,19400929
haasm101,1941,CHA,,19410415,19410928
haasm101,1942,CHA,,19420414,19420925
haasm101,1943,CHA,,19430421,19431003
haasm101,1944,CHA,,19440419,19441001
haasm101,1945,CHA,,19450417,19450925
haasm101,1946,CHA,,19460416,19460929
hackr101,1986,SLN,1B,19860408,19861005
hackr101,1987,SLN,1B,19870407,19871025
hackr101,1988,SLN,1B,19880404,19881002
hackr101,1989,SLN,3B,19890403,19891001
hackr101,1990,SLN,3B,19900409,19901003
hackr101,1991,TOR,3B,19910408,19911013
hackr101,1992,TOR,3B,19920406,19921024
hackr101,1993,TOR,3B,19930406,19930711
hackr101,1994,TOR,,19940404,19940811
hacks101,1957,SLN,,19570416,19570929
hacks101,1958,SLN,,19580415,19580916
haddh101,1966,NYN,Pitching,19660415,19661002
haddh101,1967,NYN,Pitching,19670411,19671001
haddh101,1969,CIN,Pitching,19690407,19691002
haddh101,1971,BOS,Pitching,19710406,19710929
haddh101,1975,CLE,Pitching,19750408,19750928
haddh101,1976,CLE,Pitching,19760410,19761002
haddh101,1977,CLE,Pitching,19770407,19771002
haddh101,1978,CLE,Pitching,19780408,19781001
haddh101,1979,PIT,Pitching,19790406,19791017
haddh101,1980,PIT,Pitching,19800410,19801005
haddh101,1981,PIT,Pitching,19810409,19811004
haddh101,1982,PIT,Pitching,19820410,19821003
haddh101,1983,PIT,Pitching,19830405,19831002
haddh101,1984,PIT,Pitching,19840403,19840930
hagum001,2024,TOR,Hitting,20240328,20240929
haina801,2018,CHN,Hitting,20180329,20181001
haina801,2019,MIL,Hitting,20190329,20190929
haina801,2020,MIL,Hitting,20200723,20200927
haina801,2021,MIL,Hitting,20210401,20211003
haina801,2022,PIT,Hitting,20220407,20221005
haina801,2023,PIT,Hitting,20230330,20231001
haina801,2024,PIT,Hitting,20240328,20240929
hainj101,1938,BRO,,19380419,19381002
hairs101,1978,CHA,Bullpen,19780407,19781001
halec001,2007,ARI,3B,20070402,20071015
halec001,2008,ARI,3B,20080331,20080928
halec001,2009,ARI,3B,20090406,20091004
halec001,2010,NYN,3B,20100405,20101003
halec001,2011,NYN,3B,20110401,20110928
halec001,2012,OAK,Bench,20120328,20121011
halec001,2013,OAK,Bench,20130401,20131010
halec001,2014,OAK,Bench,20140331,20140930
halec001,2017,OAK,3B,20170402,20170618
halec001,2017,OAK,Bench,20170619,20171001
halec001,2018,WAS,Bench,20180329,20181001
halec001,2019,WAS,Bench,20190329,20190929
halec001,2021,DET,3B,20210401,20210715
haled801,2002,TEX,1B,20020401,20020929
haled801,2003,TEX,1B,20030330,20030928
haled801,2004,TEX,1B,20040405,20041003
haled801,2005,TEX,1B,20050405,20051002
haled801,2006,BOS,3B,20060403,20061001
haled801,2007,BOS,3B,20070402,20070930
haled801,2008,BOS,3B,20080325,20081019
haled801,2009,BOS,3B,20090407,20091004
haled801,2010,BOS,Bench,20100404,20101003
haled801,2011,BOS,Bench,20110401,20110928
haled801,2012,BAL,3B,20120406,20121012
haled801,2013,TOR,Bench,20130402,20130929
haled801,2014,TOR,Bench,20140331,20140928
haled801,2015,TOR,Bench,20150406,20151023
haled801,2016,TOR,Bench,20160403,20161019
haled801,2017,TOR,Bench,20170402,20171001
haled801,2018,TOR,Bench,20180329,20181001
haled801,2019,TOR,Bench,20190329,20190929
haled801,2020,ATL,1B,20200723,20200927
haled801,2021,CLE,Bench,20210401,20210730
haled801,2022,CLE,Bench,20220407,20221018
haled801,2023,CLE,Bench,20230330,20231001
haled801,2024,TOR,,20240328,20240929
hallm801,2022,SFN,3B,20220408,20221005
hallm801,2023,SFN,3B,20230330,20231001
hallm801,2024,SFN,1B,20240328,20240929
hallt102,1977,SFN,Bullpen,19770407,19771002
hallt102,1978,SFN,,19780407,19781001
hallt102,1979,SFN,Bullpen,19790404,19790930
hamim801,2003,COL,,20030401,20030928
hamis101,1975,DET,Pitching,19750410,19750928
hampm001,2016,SEA,Bullpen,20160404,20161002
hampm001,2017,SEA,Bullpen,20170402,20170709
hancb101,1968,HOU,,19680410,19680929
hancb101,1969,HOU,,19690408,19691002
hancb101,1970,HOU,,19700407,19701001
hancb101,1971,HOU,,19710405,19710930
hancb101,1972,HOU,,19720415,19721004
hanef101,1956,MLN,,19560417,19560616
hanel101,1978,MIL,Bullpen,19780407,19781001
hanel101,1979,MIL,Bullpen,19790405,19790930
hanel101,1980,MIL,Bullpen,19800410,19801005
hanel101,1981,MIL,Bullpen,19810411,19811004
hanel101,1982,MIL,Bullpen,19820409,19821020
hanel101,1983,MIL,Bullpen,19830405,19831002
hanel101,1984,MIL,Bullpen,19840403,19840930
hanel101,1985,MIL,Bullpen,19850409,19851006
hanel101,1986,MIL,Bullpen,19860407,19861005
hanel101,1987,MIL,Bullpen,19870406,19871004
hanel101,1988,MIL,Bullpen,19880404,19881002
hanel101,1989,MIL,Bullpen,19890403,19891001
hanel101,1990,MIL,Pitching,19900409,19901003
hanel101,1991,MIL,Pitching,19910408,19911006
hansd001,2011,LAN,Hitting,20110720,20110928
hansd001,2012,LAN,Hitting,20120405,20121003
hansd001,2013,SEA,Hitting,20130401,20130929
hansd001,2014,ANA,Hitting,20140331,20141005
hansd001,2015,ANA,Hitting,20150406,20151004
hansd001,2016,ANA,Hitting,20160404,20161002
hansd001,2017,ANA,Hitting,20170402,20171001
hansg801,1991,KCA,Pitching,19910909,19911006
hansg801,1992,KCA,Pitching,19920406,19921004
hansg801,1993,KCA,Pitching,19930405,19931003
hansg801,1996,KCA,Bullpen,19960402,19960929
hansg801,1997,KCA,Bullpen,19970402,19970928
hansg801,2005,KCA,Pitching,20050404,20051002
hansr102,1980,MIL,1B,19800421,19801005
hansr102,1981,MIL,1B,19810411,19811004
hansr102,1982,MIL,1B,19820409,19821020
hansr102,1983,MIL,1B,19830405,19831002
hansr102,1985,MON,1B,19850408,19851006
hansr102,1986,MON,1B,19860408,19861005
hansr102,1987,MON,1B,19870406,19871004
hansr102,1988,MON,Hitting,19880404,19881002
hansr102,1989,MON,,19890404,19891001
hansr801,1992,SEA,Bullpen,19920406,19921004
hansr801,2010,SEA,Bench,20100809,20101003
hardl101,1995,TEX,,19950426,19951001
hardl101,1996,TEX,,19960401,19961005
hardl101,1997,TEX,,19970401,19970928
hardl101,1998,TEX,,19980331,19981002
hardl101,1999,TEX,,19990405,19991009
hardl101,2000,TEX,,20000403,20001001
hardl101,2001,TEX,Pitching,20010401,20011007
hardm101,1948,CLE,Pitching,19480420,19481011
hardm101,1949,CLE,,19490419,19491002
hardm101,1950,CLE,,19500418,19501001
hardm101,1951,CLE,,19510417,19510930
hardm101,1952,CLE,,19520415,19520928
hardm101,1953,CLE,,19530414,19530927
hardm101,1954,CLE,,19540413,19541002
hardm101,1955,CLE,,19550412,19550925
hardm101,1956,CLE,,19560417,19560930
hardm101,1957,CLE,,19570416,19570929
hardm101,1958,CLE,,19580415,19580928
hardm101,1959,CLE,,19590410,19590927
hardm101,1960,CLE,,19600419,19601002
hardm101,1961,CLE,,19610411,19610930
hardm101,1962,CLE,,19620410,19620929
hardm101,1963,CLE,,19630409,19630929
hardm101,1964,NYN,Pitching,19640414,19641004
hardm101,1965,CHN,Pitching,19650412,19651003
hardm101,1966,CIN,,19660415,19661002
hardm101,1967,CIN,,19670410,19671001
hardm101,1968,CIN,,19680410,19680929
hardm101,1969,KCA,,19690408,19691002
hargm001,1990,CLE,,19900412,19901003
hargm001,1991,CLE,1B,19910408,19910705
harkm001,2006,FLO,Bullpen,20060403,20061001
harkm001,2008,NYA,Bullpen,20080401,20080928
harkm001,2009,NYA,Bullpen,20090406,20091004
harkm001,2010,NYA,Bullpen,20100404,20101022
harkm001,2011,NYA,Bullpen,20110331,20111006
harkm001,2012,NYA,Bullpen,20120406,20121018
harkm001,2013,NYA,Bullpen,20130401,20130929
harkm001,2014,ARI,Pitching,20140323,20140928
harkm001,2015,ARI,Pitching,20150406,20151004
harkm001,2016,NYA,Bullpen,20160405,20161002
harkm001,2017,NYA,Bullpen,20170402,20171001
harkm001,2018,NYA,Bullpen,20180329,20181001
harkm001,2019,NYA,Bullpen,20190329,20190929
harkm001,2020,NYA,Bullpen,20200723,20200927
harkm001,2021,NYA,Bullpen,20210401,20211003
harkm001,2022,NYA,Bullpen,20220408,20221023
harkm001,2023,NYA,Bullpen,20230330,20231001
harkm001,2024,NYA,Bullpen,20240328,20241030
harmt801,1982,CHN,Bullpen,19820405,19821003
harpt101,1980,BOS,1B,19800410,19801005
harpt101,1981,BOS,1B,19810410,19811004
harpt101,1982,BOS,1B,19820410,19821003
harpt101,1983,BOS,1B,19830405,19831002
harpt101,1984,BOS,1B,19840402,19840930
harpt101,1990,MON,1B,19900409,19901003
harpt101,1991,MON,1B,19910408,19911006
harpt101,1992,MON,1B,19920406,19921004
harpt101,1993,MON,Hitting,19930405,19931003
harpt101,1994,MON,Hitting,19940404,19940811
harpt101,1995,MON,Hitting,19950426,19951001
harpt101,1996,MON,Hitting,19960402,19960929
harpt101,1997,MON,Hitting,19970401,19970928
harpt101,1998,MON,Hitting,19980401,19980927
harpt101,1999,MON,Hitting,19990405,19991003
harpt101,2000,BOS,1B,20000404,20001001
harpt101,2001,BOS,1B,20010402,20011006
harpt101,2002,BOS,1B,20020401,20020929
harrb101,1982,NYN,,19820408,19821003
harrb101,1985,NYN,,19850517,19851006
harrb101,1986,NYN,,19860408,19861027
harrb101,1987,NYN,,19870407,19871004
harrb101,1988,NYN,,19880404,19881012
harrb101,1989,NYN,,19890403,19891001
harrb101,1990,NYN,,19900409,19900528
harrl001,2007,WAS,Hitting,20070511,20070930
harrl001,2008,WAS,Hitting,20080330,20080928
harrl001,2015,MIA,Hitting,20150406,20151004
harrl001,2016,MIA,3B,20160405,20161002
harrl101,1951,CHA,,19510417,19510930
harrl101,1952,CHA,,19520415,19520928
harrl101,1953,CHA,,19530414,19530927
harrl101,1954,CHA,,19540413,19540925
harrl101,1955,BAL,3B,19550411,19550925
harrl101,1956,BAL,3B,19560417,19560930
harrl101,1957,BAL,3B,19570415,19570929
harrl101,1958,BAL,3B,19580415,19580928
harrl101,1959,BAL,3B,19590409,19590927
harrl101,1960,BAL,3B,19600419,19601002
harrl101,1961,BAL,3B,19610411,19610831
harrl101,1962,HOU,,19620410,19620930
harrl101,1963,HOU,,19630409,19630929
harrl101,1964,HOU,,19640413,19640918
harrt001,1989,TEX,1B,19890404,19891001
harrt001,1990,TEX,1B,19900409,19901003
harrt001,1991,TEX,1B,19910408,19911006
harrt001,1992,TEX,Bench,19920406,19920708
harrt001,1996,CLE,3B,19960402,19961005
harrt001,1998,DET,Hitting,19980731,19980927
harrt001,2000,COL,Bench,20000403,20001001
harrt001,2001,COL,Bench,20010402,20011007
harrt001,2002,COL,Bench,20020401,20020428
harrt001,2002,COL,3B,20020429,20020929
harrt001,2013,DET,Hitting,20130401,20131019
harrw001,2021,CHN,3B,20210401,20211003
harrw001,2022,CHN,3B,20220407,20221005
harrw001,2023,CHN,3B,20230330,20231001
harrw001,2024,CHN,3B,20240328,20240929
hartc105,1979,CLE,,19790405,19790930
hartc105,1987,MIL,Pitching,19870406,19871004
hartc105,1988,MIL,Pitching,19880404,19881002
hartc105,1989,MIL,Pitching,19890403,19891001
hartg102,1929,CLE,,19290416,19291006
hartg102,1930,CLE,,19300417,19300928
hartg102,1931,CLE,,19310414,19310927
hartg102,1932,PIT,,19320412,19320925
hartg102,1933,PIT,,19330412,19331001
hartg102,1934,SLA,,19340417,19340930
hartg102,1935,SLA,,19350416,19350929
hartg102,1936,SLA,,19360414,19360926
hartg102,1946,NY1,,19460416,19460929
hartg103,1965,KC1,,19650412,19651003
hartg103,1966,KC1,,19660412,19661002
hartj002,2023,MIA,Hitting,20230330,20231004
hartj002,2024,MIA,Hitting,20240328,20240929
hartj801,1988,BAL,3B,19880404,19881002
hartr101,1969,LAN,,19690407,19691002
hartr101,1970,LAN,,19700407,19701001
hartr101,1971,LAN,,19710405,19710930
hartr101,1972,LAN,,19720415,19721004
hartr101,1973,ATL,,19730406,19730520
haseb001,2004,BOS,1B,20040506,20040721
haseb001,2005,BOS,Bullpen,20050403,20051007
haseb001,2006,BOS,1B,20060403,20061001
haseb001,2023,ANA,3B,20230330,20231001
haslc801,2017,CHA,Bullpen,20170402,20171001
haslc801,2018,CHA,Bullpen,20180329,20181001
haslc801,2019,CHA,Bullpen,20190329,20190929
haslc801,2020,CHA,Pitching,20200723,20200927
haslc801,2021,CHA,Bullpen,20210401,20211003
haslc801,2022,CHA,Bullpen,20220408,20221005
haslc801,2023,CHA,Bullpen,20230330,20231001
hassr001,1993,COL,1B,19930405,19931003
hassr001,1994,COL,Bench,19940404,19940811
hassr001,1995,COL,3B,19950426,19951007
hassr001,1996,SLN,,19960401,19961017
hassr001,2005,SEA,Bench,20050404,20051002
hassr001,2006,SEA,Bench,20060403,20060912
hatcb001,1998,TBA,1B,19980331,19980927
hatcb001,1999,TBA,1B,19990405,19991003
hatcb001,2000,TBA,3B,20000403,20001001
hatcb001,2001,TBA,3B,20010403,20010417
hatcb001,2001,TBA,Bench,20010418,20011007
hatcb001,2002,TBA,Bench,20020402,20020929
hatcb001,2003,TBA,1B,20030331,20030928
hatcb001,2004,TBA,1B,20040330,20041003
hatcb001,2005,TBA,1B,20050404,20051002
hatcb001,2006,CIN,1B,20060403,20061001
hatcb001,2007,CIN,1B,20070402,20070930
hatcb001,2008,CIN,1B,20080331,20080928
hatcb001,2009,CIN,1B,20090406,20091004
hatcb001,2010,CIN,1B,20100405,20101010
hatcb001,2011,CIN,1B,20110331,20110928
hatcb001,2012,CIN,1B,20120405,20121003
hatcb001,2013,CIN,1B,20130401,20131001
hatcb001,2014,CIN,1B,20140331,20140928
hatcb001,2015,CIN,1B,20150406,20151004
hatcb001,2016,CIN,3B,20160404,20161002
hatcb001,2017,CIN,3B,20170402,20171001
hatcb001,2018,CIN,3B,20180329,20181001
hatcb001,2020,MIA,1B,20200723,20200927
hatcm001,1993,TEX,,19930405,19931003
hatcm001,1994,TEX,,19940404,19940810
hatcm001,1998,LAN,Hitting,19980625,19980927
hatcm001,2000,ANA,Hitting,20000403,20001001
hatcm001,2001,ANA,Hitting,20010403,20011007
hatcm001,2002,ANA,Hitting,20020331,20020929
hatcm001,2003,ANA,Hitting,20030330,20030928
hatcm001,2004,ANA,Hitting,20040406,20041008
hatcm001,2005,ANA,Hitting,20050405,20051016
hatcm001,2006,ANA,Hitting,20060403,20061001
hatcm001,2007,ANA,Hitting,20070402,20071007
hatcm001,2008,ANA,Hitting,20080331,20081006
hatcm001,2009,ANA,Hitting,20090406,20091025
hatcm001,2010,ANA,Hitting,20100405,20101003
hatcm001,2011,ANA,Hitting,20110331,20110928
hatcm001,2012,ANA,Hitting,20120406,20120515
hatff101,1977,DET,3B,19770407,19771002
hatff101,1978,DET,3B,19780407,19781001
hattg101,1973,HOU,,19730406,19730930
hattg101,1974,HOU,,19740405,19741002
hawka001,2008,TEX,Pitching,20080802,20080928
hawka001,2009,TEX,Bullpen,20090406,20091004
hawka001,2010,TEX,Bullpen,20100405,20101101
hawka001,2011,TEX,Bullpen,20110401,20111028
hawka001,2012,TEX,Bullpen,20120406,20121003
hawka001,2013,TEX,Bullpen,20130331,20130930
hawka001,2014,TEX,Bullpen,20140331,20140928
hawka001,2015,TEX,Bullpen,20150406,20151014
hayeb001,2022,TEX,Bullpen,20220408,20221005
hayeb001,2023,TEX,Bullpen,20230330,20231101
hayeb001,2024,TEX,Bullpen,20240328,20240929
hayeb101,1998,COL,Bullpen,19980331,19980927
hayeb101,2015,SFN,1B,20150406,20151004
hayeb101,2016,SFN,1B,20160404,20161011
haynj101,1953,WS1,,19530416,19530927
haynj101,1954,WS1,,19540413,19540926
haynj101,1955,WS1,,19550411,19550925
haywr101,1955,CHN,,19550523,19550925
hebnr001,1989,BOS,Hitting,19890403,19891001
hebnr001,1990,BOS,Hitting,19900409,19901010
hebnr001,1991,BOS,Hitting,19910408,19911006
hebnr001,2001,PHI,Hitting,20010402,20011007
hedmd801,2021,ARI,Hitting,20210610,20211003
hedmd801,2022,ARI,Hitting,20220407,20221005
hedmd801,2023,ARI,Hitting,20230330,20231101
hedmd801,2024,ARI,Hitting,20240328,20240929
heffd101,1958,KC1,,19580415,19580928
heffd101,1959,KC1,,19590410,19590927
heffd101,1960,KC1,,19600419,19601002
heffd101,1961,DET,1B,19610411,19611001
heffd101,1964,NYN,,19640414,19641004
heffd101,1965,NYN,,19650412,19651003
heffd101,1967,CAL,,19670411,19671001
heffd101,1968,CAL,,19680410,19680929
hefnj001,2019,MIN,Pitching,20190329,20190929
hefnj001,2020,NYN,Pitching,20200723,20200927
hefnj001,2021,NYN,Pitching,20210405,20211003
hefnj001,2022,NYN,Pitching,20220407,20221009
hefnj001,2023,NYN,Pitching,20230330,20231001
hefnj001,2024,NYN,Pitching,20240329,20241020
hegaj101,1960,NYA,,19600729,19601013
hegaj101,1961,NYA,,19610411,19611009
hegaj101,1962,NYA,,19620410,19621016
hegaj101,1963,NYA,,19630409,19631006
hegaj101,1964,NYA,,19640416,19641015
hegaj101,1965,NYA,,19650412,19651003
hegaj101,1966,NYA,,19660412,19661002
hegaj101,1967,NYA,,19670410,19671001
hegaj101,1968,NYA,,19680410,19680929
hegaj101,1969,NYA,,19690407,19691001
hegaj101,1970,NYA,,19700407,19700930
hegaj101,1971,NYA,,19710406,19710930
hegaj101,1972,NYA,,19720416,19721004
hegaj101,1973,NYA,,19730406,19730930
hegaj101,1974,DET,Bullpen,19740405,19741002
hegaj101,1975,DET,Bullpen,19750410,19750928
hegaj101,1976,DET,Bullpen,19760410,19761003
hegaj101,1977,DET,Bullpen,19770407,19771002
hegaj101,1978,DET,Bullpen,19780407,19781001
hegaj101,1979,NYA,,19790405,19790930
hegaj101,1980,NYA,,19800410,19801010
heilh101,1932,CIN,,19320412,19320925
heisa101,1966,HOU,,19660412,19661002
heisa101,1967,HOU,,19670411,19671001
heisa101,1980,SDN,,19800410,19801005
helmt101,1981,TEX,,19810409,19811004
helmt101,1982,TEX,,19820410,19821003
helmt101,1983,CIN,,19830404,19831002
helmt101,1984,CIN,,19840402,19840930
helmt101,1985,CIN,,19850408,19851006
helmt101,1986,CIN,,19860407,19861005
helmt101,1987,CIN,,19870406,19871004
helmt101,1988,CIN,,19880404,19880501
helmt101,1988,CIN,,19880601,19881002
helmt101,1989,CIN,,19890403,19890821
hemsr101,1954,PHA,,19540413,19540926
hemsr101,1961,WS2,,19610410,19611001
hemsr101,1962,WS2,,19620409,19620930
hemus101,1962,NYN,3B,19620411,19620930
hemus101,1963,NYN,,19630409,19630929
hemus101,1964,CLE,,19640414,19641004
hemus101,1965,CLE,,19650413,19651003
hende103,1978,BAL,Bullpen,19780407,19781001
hende103,1979,BAL,Bullpen,19790406,19791017
hende103,1980,BAL,Bullpen,19800410,19801005
hende103,1981,BAL,Bullpen,19810410,19811004
hende103,1982,BAL,Bullpen,19820405,19821003
hende103,1983,BAL,Bullpen,19830404,19831002
hende103,1984,BAL,Bullpen,19840402,19840930
hende103,1985,BAL,Bullpen,19850408,19851006
hende103,1986,BAL,Bullpen,19860407,19861005
hende103,1987,BAL,Bullpen,19870406,19871004
hende103,1988,BAL,Bullpen,19880404,19881002
hende103,1989,BAL,Bullpen,19890403,19891001
hende103,1990,BAL,Bullpen,19900409,19901003
hende103,1991,BAL,Bullpen,19910408,19911006
hende103,1992,BAL,Bullpen,19920406,19921004
hende103,1993,BAL,Bullpen,19930405,19931003
hende103,1994,BAL,Bullpen,19940404,19940810
hende103,1995,BAL,Bullpen,19950426,19951001
hende103,1996,BAL,Bullpen,19960402,19961013
hende103,1997,BAL,Bullpen,19970402,19970928
hende103,1998,BAL,Bullpen,19980331,19980927
hende103,1999,BAL,Bullpen,19990405,19991003
hende103,2000,BAL,Bullpen,20000403,20001001
hende103,2001,BAL,Bullpen,20010402,20011006
hende103,2002,BAL,Bullpen,20020401,20020929
hende103,2003,BAL,Bullpen,20030331,20030928
hende103,2004,BAL,Bullpen,20040404,20041003
hende103,2005,BAL,Bullpen,20050404,20051002
hendg001,1996,SLN,Hitting,19960401,19961017
hendg001,1997,SLN,Hitting,19970401,19970928
hendg001,1998,ANA,1B,19980401,19980927
hendg001,1999,ANA,1B,19990406,19991003
hendg001,2003,LAN,Hitting,20030804,20030928
hendg001,2006,TBA,1B,20060403,20061001
hendg001,2007,TBA,1B,20070402,20070930
hendg001,2008,TBA,1B,20080331,20081027
hendg001,2009,TBA,1B,20090407,20091004
hendg001,2010,TBA,1B,20100406,20101012
hendg001,2011,TBA,1B,20110401,20111004
hendg001,2012,TBA,1B,20120406,20121003
hendg001,2013,TBA,1B,20130402,20131008
hendg001,2014,TBA,1B,20140331,20140928
hendj001,2022,MIL,Bullpen,20220407,20221005
hendj001,2023,MIL,Bullpen,20230330,20231004
hendj001,2024,MIL,Pitching,20240329,20241003
hendr001,2007,NYN,1B,20070712,20070930
hendr801,1998,PHI,Bullpen,19980331,19980927
hendr801,1999,PHI,Bullpen,19990405,19991003
hendr801,2000,PHI,Bullpen,20000404,20001001
hendr801,2001,PHI,Bullpen,20010402,20011007
hendr801,2002,PHI,Bullpen,20020401,20020929
hendr801,2003,PHI,Bullpen,20030331,20030928
hendr801,2004,PHI,Bullpen,20040405,20041003
hendr801,2005,PHI,Bullpen,20050404,20051002
hendr801,2006,PHI,Bullpen,20060403,20061001
hendr801,2007,PHI,Bullpen,20070402,20071006
hendr801,2008,PHI,Bullpen,20080331,20080928
hends001,1994,HOU,,19940404,19940811
hends001,1995,HOU,,19950426,19951001
hends001,1996,HOU,,19960401,19960929
hends001,1998,TBA,Hitting,19980331,19980927
hends001,2006,TBA,Hitting,20060403,20061001
hends001,2007,TBA,Hitting,20070402,20070930
hends001,2008,TBA,Hitting,20080331,20081027
hends001,2009,TBA,Hitting,20090407,20091004
hends001,2013,PHI,Hitting,20130401,20130929
hends001,2014,PHI,Hitting,20140331,20140928
hends001,2015,PHI,Hitting,20150406,20151004
hends001,2016,PHI,Hitting,20160404,20161002
henlb001,2014,WAS,3B,20140331,20141007
henlb001,2015,WAS,3B,20150406,20151004
henlb001,2016,WAS,3B,20160404,20161013
henlb001,2017,WAS,3B,20170402,20171001
henlb001,2018,WAS,3B,20180329,20181001
henlb001,2019,WAS,3B,20190329,20190929
henlb001,2020,WAS,3B,20200723,20200927
henlb001,2021,WAS,3B,20210405,20211003
henng101,1950,PIT,,19500418,19501001
henrd002,2013,KCA,Bullpen,20130401,20130929
henrd002,2014,KCA,Bullpen,20140331,20141029
henrd002,2015,KCA,Bullpen,20150406,20151101
henrd002,2016,KCA,Bullpen,20160403,20161002
henrd002,2017,KCA,Bullpen,20170402,20171001
henrt101,1951,NYA,,19510417,19511010
henrt101,1957,NY1,,19570416,19570929
henrt101,1958,DET,1B,19580415,19580928
henrt101,1959,DET,1B,19590410,19590927
hentp001,2011,TOR,Bullpen,20110401,20110928
hentp001,2013,TOR,Bullpen,20130402,20130929
hergm001,2018,SFN,Bullpen,20180329,20181001
hergm001,2019,SFN,Bullpen,20190329,20190929
hergm001,2020,ARI,Pitching,20200723,20200927
hergm001,2021,ARI,Pitching,20210401,20211003
hermb101,1952,BRO,,19520415,19521007
hermb101,1953,BRO,,19530414,19531005
hermb101,1954,BRO,,19540413,19540926
hermb101,1955,BRO,,19550413,19551004
hermb101,1956,BRO,,19560417,19561010
hermb101,1957,BRO,,19570416,19570929
hermb101,1958,MLN,,19580415,19581009
hermb101,1959,MLN,,19590410,19590929
hermb101,1960,BOS,3B,19600418,19601002
hermb101,1961,BOS,3B,19610411,19611001
hermb101,1962,BOS,3B,19620410,19620930
hermb101,1963,BOS,3B,19630409,19630928
hermb101,1964,BOS,3B,19640416,19641002
hermb101,1967,CAL,,19670411,19671001
hermb101,1978,SDN,,19780407,19781001
hermb101,1979,SDN,,19790405,19790930
hermb102,1951,PIT,,19510416,19510526
hernc801,1992,CAL,,19920407,19921004
hernc801,1993,CAL,Pitching,19930406,19931003
hernc801,1994,CAL,Pitching,19940405,19940810
hernc801,1995,CAL,Pitching,19950426,19951002
hernc801,1996,CAL,Pitching,19960402,19960804
hernc801,2004,TBA,Pitching,20040330,20041003
hernc801,2005,TBA,Pitching,20050404,20051002
hernc801,2006,DET,Pitching,20060403,20061027
hernc801,2007,DET,Pitching,20070402,20070930
hernc801,2008,DET,Pitching,20080331,20080929
hernc801,2009,CLE,Bullpen,20090406,20091004
hernc801,2013,MIA,Pitching,20130401,20130929
hernc801,2014,MIA,Pitching,20140331,20140928
hernc801,2015,MIA,Pitching,20150406,20151004
hernc801,2017,ATL,Pitching,20170402,20171001
hernc801,2018,ATL,Pitching,20180329,20181001
hernc801,2019,NYN,Bullpen,20190329,20190619
hernj001,2019,BAL,,20190329,20190929
hernj001,2020,BAL,Hitting,20200723,20200927
hernj001,2021,BAL,Hitting,20210401,20211003
hernj001,2022,BAL,,20220408,20221005
hernj001,2023,BAL,,20230330,20231010
hernj001,2024,BAL,,20240328,20241002
hernl001,1992,DET,Hitting,19920406,19921004
hernl001,1993,DET,Hitting,19930405,19931003
hernl001,1994,DET,Hitting,19940404,19940811
hernl001,1995,DET,Hitting,19950426,19951001
hernl001,1996,DET,Hitting,19960401,19960929
hernl001,1997,DET,Hitting,19970401,19970928
hernl001,1998,DET,Hitting,19980331,19980730
hernr002,2024,OAK,,20240328,20240929
hernr801,2015,MIN,Hitting,20150406,20151004
hernr801,2016,MIN,Hitting,20160404,20161002
hernr801,2017,MIN,Hitting,20170402,20171001
hernr801,2018,MIN,Hitting,20180329,20181001
hernr801,2019,MIN,Hitting,20190329,20190929
hernr801,2020,MIN,Hitting,20200723,20200927
hernr801,2021,MIN,Hitting,20210401,20211003
hernr801,2022,MIN,Hitting,20220408,20221005
hernr801,2023,MIN,Hitting,20230330,20231011
hernr801,2024,MIN,Hitting,20240328,20240929
herso001,2002,TEX,Pitching,20020621,20020929
herso001,2003,TEX,Pitching,20030330,20030928
herso001,2004,TEX,Pitching,20040405,20041003
herso001,2005,TEX,Pitching,20050405,20051002
herzw101,1965,KC1,,19650412,19651003
herzw101,1966,NYN,,19660415,19661002
herzw101,1974,CAL,,19740405,19740626
herzw101,1974,CAL,,19740701,19741002
herzw101,1975,CAL,,19750407,19750724
hessm001,2021,DET,,20210611,20211003
hessm001,2022,DET,Hitting,20220408,20221005
hezeb801,2023,ANA,Pitching,20230330,20231001
hiatj101,1981,CHN,Bullpen,19810409,19811004
hickj801,2004,HOU,Pitching,20040716,20041021
hickj801,2005,HOU,Pitching,20050405,20051026
hickj801,2006,HOU,Pitching,20060403,20061001
hickj801,2007,TBA,Pitching,20070402,20070930
hickj801,2008,TBA,Pitching,20080331,20081027
hickj801,2009,TBA,Pitching,20090407,20091004
hickj801,2010,TBA,Pitching,20100406,20101012
hickj801,2011,TBA,Pitching,20110401,20111004
hickj801,2012,TBA,Pitching,20120406,20121003
hickj801,2013,TBA,Pitching,20130402,20131008
hickj801,2014,TBA,Pitching,20140331,20140928
hickj801,2015,TBA,Pitching,20150406,20151004
hickj801,2016,TBA,Pitching,20160403,20161002
hickj801,2017,TBA,Pitching,20170402,20171001
hickj801,2018,CHN,Pitching,20180329,20181001
hickj801,2020,WAS,Pitching,20200723,20200927
hickj801,2021,WAS,Pitching,20210405,20211003
hickj801,2022,WAS,Pitching,20220407,20221005
hickj801,2023,WAS,Pitching,20230330,20231001
hickj801,2024,WAS,Pitching,20240328,20240929
higha101,1937,BRO,,19370420,19371003
higha101,1938,BRO,,19380419,19380526
hillc101,1973,TEX,,19730407,19730930
hillc101,1976,KCA,,19760409,19761014
hillc101,1977,KCA,,19770407,19771009
hillc101,1978,KCA,,19780408,19781007
hillc101,1979,KCA,,19790405,19790930
hillc101,1981,SLN,,19810411,19811004
hillc101,1982,SLN,,19820406,19821020
hillc101,1983,SLN,3B,19830405,19831002
hillc101,1985,SFN,3B,19850409,19851006
hillc101,1990,NYN,,19900409,19901003
hillg001,2007,COL,1B,20070402,20071028
hillg001,2008,COL,1B,20080401,20080928
hillg001,2009,COL,1B,20090406,20091012
hillg001,2010,COL,1B,20100405,20101003
hillg001,2011,COL,1B,20110401,20110928
hillg001,2012,COL,1B,20120406,20121003
hillm001,1988,HOU,,19880405,19881002
hillm001,1991,NYA,,19910408,19911006
hillp801,1992,TEX,1B,19920716,19921004
hillp801,1993,TEX,1B,19930405,19931003
hillp801,1994,TEX,1B,19940404,19940810
hillp801,1995,TEX,1B,19950715,19951001
hillp801,1997,DET,3B,19970401,19970928
hillp801,1998,DET,3B,19980331,19980927
hillp801,1999,DET,,19990405,19991002
hillp801,2000,MON,1B,20000403,20001001
hillp801,2001,MON,1B,20010402,20011007
hillp801,2002,FLO,1B,20020402,20020929
hillp801,2003,FLO,1B,20030331,20031025
hillp801,2004,FLO,1B,20040406,20041003
hillp801,2005,FLO,1B,20050405,20051002
hillp801,2006,FLO,1B,20060403,20061001
hillp801,2009,PIT,1B,20090406,20091004
hillp801,2011,FLO,1B,20110401,20110928
hillp801,2013,MIA,1B,20130401,20130929
hillp801,2014,MIA,1B,20140331,20140928
hillp801,2015,MIA,1B,20150406,20151004
hillp801,2016,MIA,1B,20160405,20161002
hillp801,2017,MIA,1B,20170402,20171001
hillp801,2018,MIA,1B,20180329,20181001
hillp801,2019,SEA,1B,20190329,20190929
hillp801,2020,SEA,,20200723,20200927
hillp801,2021,SEA,1B,20210401,20211003
hillp801,2022,SEA,,20220408,20221015
hillt801,2011,LAN,Bench,20110331,20110928
hillt801,2012,LAN,Bench,20120405,20121003
hillt801,2013,LAN,Bench,20130401,20130929
hillt801,2015,HOU,Bench,20150406,20151014
hillt801,2016,HOU,Bench,20160405,20161002
hillt801,2019,MIA,1B,20190329,20190929
hillt801,2020,MIA,3B,20200723,20200927
hillt801,2021,MIA,3B,20210401,20211003
hillt802,2018,MIA,Bullpen,20180329,20181001
hiltd101,1987,MIL,1B,19870406,19871004
hiltd101,1988,MIL,1B,19880404,19881002
himsv801,1960,CHN,Pitching,19600507,19601002
himsv801,1961,CHN,Pitching,19610504,19610802
himsv801,1962,CHN,Pitching,19620410,19620528
hincb101,1923,PIT,,19230417,19231007
hineb801,1984,SEA,Hitting,19840404,19840831
hineb801,1985,LAN,Hitting,19850409,19851016
hineb801,1986,LAN,Hitting,19860407,19861005
hineb801,1988,LAN,Hitting,19880404,19881020
hineb801,1989,LAN,Hitting,19890403,19891001
hineb801,1990,LAN,Hitting,19900409,19901003
hineb801,1991,LAN,Hitting,19910410,19911006
hineb801,1992,LAN,Hitting,19920406,19921004
hineb801,1993,LAN,Hitting,19930405,19931003
hineb801,1994,HOU,,19940404,19940811
hineb802,1991,CAL,1B,19910409,19911006
hineb802,2009,SEA,3B,20090406,20091004
hineb802,2021,ANA,1B,20210401,20211003
hinkg101,1939,DET,,19390418,19391001
hinse001,2014,CHN,1B,20140331,20140928
hinse001,2015,CHN,Hitting,20150405,20151021
hinse001,2016,CHN,Hitting,20160404,20161102
hinse001,2017,CHN,Hitting,20170402,20171001
hinse001,2018,ANA,Hitting,20180329,20181001
hinse001,2019,ARI,Hitting,20190329,20190929
hinse001,2020,ARI,Hitting,20200723,20200927
hinse001,2021,ARI,Hitting,20210401,20210609
hinse001,2023,NYN,Hitting,20230330,20231001
hisll101,1992,TOR,Hitting,19920406,19921024
hisll101,1993,TOR,Hitting,19930406,19931023
hisll101,1994,TOR,Hitting,19940404,19940811
hisll101,1995,TOR,Hitting,19950426,19951001
hitcb101,1955,DET,3B,19550412,19550925
hitcb101,1956,DET,3B,19560417,19560930
hitcb101,1957,DET,3B,19570416,19570929
hitcb101,1958,DET,3B,19580415,19580928
hitcb101,1959,DET,3B,19590410,19590927
hitcb101,1960,DET,3B,19600419,19600802
hitcb101,1960,DET,3B,19600804,19601002
hitcb101,1966,ATL,,19660412,19660808
hoakd101,1967,PHI,,19670411,19671001
hoffg001,1999,LAN,Bullpen,19990405,19990525
hoffg001,1999,LAN,3B,19990526,19991003
hoffg001,2000,LAN,3B,20000403,20001001
hoffg001,2001,LAN,3B,20010402,20011007
hoffg001,2002,LAN,3B,20020402,20020929
hoffg001,2003,LAN,3B,20030331,20030928
hoffg001,2004,LAN,3B,20040405,20041010
hoffg001,2005,LAN,3B,20050405,20051002
hoffg001,2006,SDN,3B,20060403,20061008
hoffg001,2007,SDN,3B,20070403,20071001
hoffg001,2008,SDN,3B,20080331,20080928
hoffg001,2009,SDN,3B,20090406,20091004
hoffg001,2010,SDN,3B,20100405,20101003
hoffg001,2011,SDN,3B,20110331,20110928
hoffg001,2012,SDN,3B,20120405,20121003
hoffg001,2013,SDN,3B,20130401,20130929
hoffg001,2014,SDN,3B,20140330,20140928
hoffg001,2015,SDN,3B,20150406,20151004
hoffg001,2016,SDN,3B,20160404,20161002
hoffg001,2017,SDN,3B,20170402,20171001
hoffg001,2018,SDN,3B,20180329,20181001
hoffg001,2019,SDN,3B,20190329,20190929
hoffg001,2020,SDN,3B,20200723,20200927
hofmb101,1966,KC1,,19660412,19661002
hofmb101,1967,KC1,,19670411,19671001
hofmb101,1968,WS2,,19680410,19680929
hofmb101,1969,OAK,,19690408,19691002
hofmb101,1970,OAK,,19700407,19701001
hofmb101,1971,CLE,,19710406,19710929
hofmb101,1972,CLE,,19720415,19721003
hofmb101,1974,OAK,,19740710,19741017
hofmb101,1975,OAK,,19750408,19751007
hofmb101,1978,OAK,,19780407,19781001
hofmf101,1938,SLA,,19380419,19381002
hofmf101,1939,SLA,,19390422,19391001
hofmf101,1940,SLA,,19400416,19400929
hofmf101,1941,SLA,,19410416,19410928
hofmf101,1942,SLA,,19420414,19420920
hofmf101,1943,SLA,,19430421,19431003
hofmf101,1944,SLA,,19440418,19441009
hofmf101,1945,SLA,,19450417,19450930
hofmf101,1946,SLA,,19460416,19460929
hofmf101,1947,SLA,,19470415,19470928
hofmf101,1948,SLA,,19480420,19481003
hofmf101,1949,SLA,,19490419,19491002
hofmf101,1951,SLA,,19510417,19510715
holkw101,1940,SLA,,19400416,19400929
holla101,1957,SLN,,19570429,19570929
holla101,1958,SLN,,19580415,19580928
holld002,2020,KCA,1B,20200723,20200927
holld002,2022,KCA,1B,20220407,20221005
holld002,2023,KCA,1B,20230330,20231001
holld002,2024,KCA,1B,20240328,20241010
holmb002,2016,TEX,Bullpen,20160404,20161009
holmb002,2017,TEX,Bullpen,20170402,20171001
holmd001,2015,COL,Bullpen,20150406,20151004
holmd001,2016,COL,Bullpen,20160404,20161002
holmd001,2017,COL,Bullpen,20170402,20171001
holmd001,2018,COL,Bullpen,20180329,20181001
holmd001,2019,COL,Bullpen,20190329,20190929
holmd001,2020,BAL,Bullpen,20200723,20200927
holmd001,2021,BAL,Pitching,20210401,20211003
holmd001,2022,BAL,Pitching,20220408,20221005
holmd001,2023,BAL,Pitching,20230330,20231010
holmd001,2024,CHN,Bullpen,20240328,20240929
holmd801,1994,TOR,Bullpen,19940404,19940811
holmd801,1995,TOR,Bullpen,19950426,19951001
holmd802,1984,NYA,,19840618,19840930
holmd802,1985,NYA,,19850507,19851006
holtc801,2021,BAL,Pitching,20210401,20211003
holtc801,2022,BAL,Pitching,20220408,20221005
holtc801,2023,BAL,Pitching,20230330,20231010
holtg801,1948,PIT,,19480419,19481003
holtg801,1949,PIT,,19490419,19491002
holtg801,1950,PIT,,19500418,19500628
holtg801,1961,CHN,Pitching,19610411,19610528
honer001,2006,LAN,Pitching,20060403,20061007
honer001,2007,LAN,Pitching,20070402,20070930
honer001,2008,LAN,Pitching,20080331,20081015
honer001,2009,LAN,Pitching,20090406,20091021
honer001,2010,LAN,Pitching,20100405,20101003
honer001,2011,LAN,Pitching,20110331,20110928
honer001,2012,LAN,Pitching,20120405,20121003
honer001,2013,LAN,Pitching,20130401,20130929
honer001,2014,LAN,Pitching,20140323,20141007
honer001,2015,LAN,Pitching,20150406,20151015
honer001,2016,LAN,Pitching,20160404,20161022
honer001,2017,LAN,Pitching,20170402,20171001
honer001,2018,LAN,Pitching,20180329,20181001
honer001,2019,LAN,Pitching,20190329,20190929
hookc001,2019,MIL,Pitching,20190329,20190929
hookc001,2020,MIL,Pitching,20200723,20200927
hookc001,2021,MIL,Pitching,20210401,20211003
hookc001,2022,MIL,Pitching,20220407,20221005
hookc001,2023,MIL,Pitching,20230330,20231004
hookc001,2024,MIL,Pitching,20240329,20241003
hootb001,2000,HOU,Pitching,20000623,20001001
hootb001,2001,HOU,Pitching,20010403,20011012
hootb001,2002,HOU,Pitching,20020402,20020929
hootb001,2003,HOU,Pitching,20030401,20030928
hootb001,2004,HOU,Pitching,20040405,20040711
hoovp001,2023,KCA,Bench,20230330,20231001
hoovp001,2024,KCA,Bench,20240328,20241010
hoppj102,1954,DET,,19540413,19540926
hoppj102,1956,SLN,,19560417,19560930
hornr101,1958,CHN,,19580415,19580927
hornr101,1959,CHN,,19590411,19590927
hornr101,1962,NYN,,19620411,19620930
hortw101,1985,NYA,,19850430,19851006
hortw101,1986,CHA,,19860407,19860508
hoscv801,1968,BAL,Bullpen,19680410,19680927
hoscv801,1969,OAK,Bullpen,19690408,19691002
hoscv801,1970,OAK,Bullpen,19700407,19701001
hoscv801,1971,OAK,Bullpen,19710405,19711005
hoscv801,1972,OAK,Bullpen,19720415,19721022
hoscv801,1973,OAK,Bullpen,19730406,19730930
hoscv801,1974,OAK,Bullpen,19740404,19740709
hoscv801,1976,CAL,1B,19760409,19761003
hoscv801,1984,NYN,,19840402,19840930
hoscv801,1985,NYN,,19850409,19851006
hoscv801,1986,NYN,,19860408,19861027
hoscv801,1987,NYN,,19870407,19871004
hottt001,2019,CHN,Pitching,20190329,20190929
hottt001,2020,CHN,Pitching,20200723,20200927
hottt001,2021,CHN,Pitching,20210401,20211003
hottt001,2022,CHN,Pitching,20220407,20221005
hottt001,2023,CHN,Pitching,20230330,20231001
hottt001,2024,CHN,Pitching,20240328,20240929
hougc001,1998,LAN,Pitching,19980625,19980927
hougc001,1999,LAN,Pitching,19990405,19990525
hougc001,2001,NYN,Pitching,20010403,20011007
hougc001,2002,NYN,Pitching,20020401,20020929
houkr101,1953,NYA,,19530806,19531005
houkr101,1954,NYA,,19540413,19540926
houkr101,1958,NYA,,19580415,19581009
houkr101,1959,NYA,,19590412,19590927
houkr101,1960,NYA,,19600419,19601013
housj001,2019,CIN,3B,20190329,20190929
housj001,2020,CIN,3B,20200723,20200927
housj001,2021,CIN,3B,20210401,20211003
housj001,2022,CIN,3B,20220407,20221005
housj001,2023,CIN,3B,20230330,20231001
housj001,2024,CIN,3B,20240328,20240929
houst101,1985,TEX,Pitching,19850523,19851006
houst101,1986,TEX,Pitching,19860408,19861005
houst101,1987,TEX,Pitching,19870406,19871004
houst101,1988,TEX,Pitching,19880404,19881002
houst101,1989,TEX,Pitching,19890404,19891001
houst101,1990,TEX,Pitching,19900409,19901003
houst101,1991,TEX,Pitching,19910408,19911006
houst101,1992,TEX,Pitching,19920406,19921004
howae101,1969,NYA,,19690407,19691001
howae101,1970,NYA,,19700407,19700930
howae101,1971,NYA,,19710406,19710930
howae101,1972,NYA,,19720416,19721004
howae101,1973,NYA,,19730406,19730930
howae101,1974,NYA,,19740406,19741002
howae101,1975,NYA,,19750408,19750928
howae101,1976,NYA,,19760408,19761021
howae101,1977,NYA,,19770407,19771018
howae101,1978,NYA,,19780408,19781017
howae101,1979,NYA,,19790405,19790930
howaf102,1977,MIL,Hitting,19770407,19771002
howaf102,1978,MIL,1B,19780407,19781001
howaf102,1979,MIL,1B,19790405,19790930
howaf102,1980,MIL,1B,19800410,19800420
howaf102,1980,MIL,3B,19800421,19801005
howaf102,1982,NYN,,19820408,19821003
howaf102,1983,NYN,,19830405,19830602
howaf102,1984,NYN,,19840402,19840930
howaf102,1985,MIL,Hitting,19850409,19851006
howaf102,1986,MIL,Hitting,19860407,19861005
howaf102,1987,SEA,1B,19870407,19871004
howaf102,1988,SEA,Hitting,19880404,19881002
howaf102,1989,NYA,,19890404,19890817
howaf102,1991,NYA,,19910408,19911006
howaf102,1992,NYA,,19920407,19921004
howaf102,1993,NYA,,19930405,19931003
howaf102,1994,NYN,,19940404,19940811
howaf102,1995,NYN,,19950426,19951001
howaf102,1996,NYN,,19960401,19960929
howaf102,1998,TBA,Bench,19980331,19980927
howaf102,1999,TBA,Bench,19990405,19991003
howak801,2021,NYN,Hitting,20210504,20211003
howea001,1985,TEX,,19850522,19851006
howea001,1986,TEX,,19860408,19861005
howea001,1987,TEX,,19870406,19871004
howea001,1988,TEX,,19880404,19881002
howea001,1995,COL,Hitting,19950426,19951007
howea001,2007,TEX,Bench,20070402,20070930
howea001,2008,TEX,Bench,20080331,20080928
howed801,2023,TOR,Pitching,20230330,20231004
howed801,2024,TOR,Pitching,20240328,20240929
howej002,2009,ARI,Hitting,20090508,20091004
howej002,2010,ARI,Hitting,20100405,20101003
howek001,2008,LAN,Bullpen,20080331,20081015
howek001,2009,LAN,Bullpen,20090406,20091021
howek001,2010,LAN,Bullpen,20100405,20101003
howek001,2011,LAN,Bullpen,20110331,20110928
howek001,2012,LAN,Bullpen,20120405,20121003
howek001,2013,LAN,Pitching,20130401,20130929
howek001,2014,LAN,Pitching,20140323,20141007
howek001,2015,LAN,Pitching,20150406,20151015
howld101,1919,DET,,19190425,19190928
howld101,1921,DET,,19210414,19211002
howld101,1922,DET,,19220412,19221001
howsd101,1969,NYA,,19690407,19691001
howsd101,1970,NYA,,19700407,19700930
howsd101,1971,NYA,,19710406,19710930
howsd101,1972,NYA,,19720416,19721004
howsd101,1973,NYA,,19730406,19730930
howsd101,1974,NYA,,19740406,19741002
howsd101,1975,NYA,,19750408,19750928
howsd101,1976,NYA,,19760408,19761021
howsd101,1977,NYA,,19770407,19771018
howsd101,1978,NYA,,19780408,19780723
howsd101,1978,NYA,,19780725,19781017
hrinw101,1974,MON,1B,19740410,19741001
hrinw101,1975,MON,1B,19750407,19750928
hrinw101,1977,BOS,Hitting,19770407,19771001
hrinw101,1978,BOS,Hitting,19780407,19781002
hrinw101,1979,BOS,Hitting,19790405,19790930
hrinw101,1980,BOS,Hitting,19800410,19801005
hrinw101,1981,BOS,Hitting,19810410,19811004
hrinw101,1982,BOS,Hitting,19820410,19821003
hrinw101,1983,BOS,Hitting,19830405,19831002
hrinw101,1984,BOS,Hitting,19840402,19840930
hrinw101,1985,BOS,Hitting,19850408,19851006
hrinw101,1986,BOS,Hitting,19860407,19861027
hrinw101,1987,BOS,Hitting,19870406,19871004
hrinw101,1988,BOS,Hitting,19880404,19881002
hrinw101,1989,CHA,,19890404,19891001
hrinw101,1990,CHA,,19900409,19901003
hrinw101,1991,CHA,,19910408,19911006
hrinw101,1992,CHA,,19920407,19921004
hrinw101,1993,CHA,,19930406,19931012
hrinw101,1994,CHA,,19940404,19940810
hrinw101,1995,CHA,,19950426,19951001
hubbd801,2024,OAK,Bullpen,20240328,20240929
hubbg001,1999,ATL,1B,19990405,19991027
hubbg001,2000,ATL,1B,20000403,20001007
hubbg001,2001,ATL,1B,20010402,20011021
hubbg001,2002,ATL,1B,20020401,20021007
hubbg001,2003,ATL,1B,20030331,20031005
hubbg001,2004,ATL,1B,20040406,20041011
hubbg001,2005,ATL,1B,20050405,20051009
hubbg001,2006,ATL,1B,20060403,20061001
hubbg001,2007,ATL,1B,20070402,20070930
hubbg001,2008,ATL,1B,20080330,20080928
hubbg001,2009,ATL,1B,20090405,20091004
hubbg001,2010,ATL,1B,20100405,20101011
hubbj801,1993,SLN,,19930406,19931003
hubbj801,1998,TOR,,19980401,19980927
hudgd101,1999,OAK,Hitting,19990405,19991003
hudgd101,2003,OAK,Hitting,20030531,20031006
hudgd101,2004,OAK,Hitting,20040405,20041003
hudgd101,2005,OAK,Hitting,20050404,20051002
hudgd101,2011,NYN,Hitting,20110401,20110928
hudgd101,2012,NYN,Hitting,20120405,20121003
hudgd101,2013,NYN,Hitting,20130401,20130929
hudgd101,2014,NYN,Hitting,20140331,20140526
hudgd101,2015,HOU,Hitting,20150406,20151014
hudgd101,2016,HOU,Hitting,20160405,20161002
hudgd101,2017,HOU,Hitting,20170402,20171001
hudgd101,2018,HOU,Hitting,20180329,20181001
hudgd101,2020,TOR,Bench,20200723,20200927
hudgd101,2021,TOR,Bench,20210401,20211003
hudgd101,2023,TOR,Hitting,20230330,20231004
hudlw101,1957,DET,Pitching,19570416,19570929
hudlw101,1958,DET,Pitching,19580415,19580928
hudlw101,1959,DET,Pitching,19590410,19590927
hudsk001,2020,CLE,,20200723,20200927
hudsk001,2021,CLE,3B,20210731,20211003
hudsk001,2023,BOS,1B,20230330,20231001
hudsk001,2024,BOS,3B,20240328,20240929
hudss101,1961,WS2,,19610410,19611001
hudss101,1962,WS2,,19620409,19620930
hudss101,1963,WS2,,19630408,19630929
hudss101,1964,WS2,,19640413,19641004
hudss101,1965,WS2,,19650412,19651003
hudss101,1968,WS2,,19680410,19680929
hudss101,1969,WS2,,19690407,19691001
hudss101,1970,WS2,,19700406,19701001
hudss101,1971,WS2,,19710405,19710930
hudss101,1972,TEX,Pitching,19720415,19721004
hudss101,1973,TEX,Pitching,19730908,19730913
hudss101,1975,TEX,Pitching,19750721,19750928
hudss101,1976,TEX,Pitching,19760409,19761003
hudss101,1977,TEX,Pitching,19770407,19771002
hudss101,1978,TEX,Pitching,19780408,19781001
hughb102,1937,CIN,,19370913,19371003
hulsr101,1931,BOS,,19310414,19310927
hulsr101,1932,BOS,,19320411,19320925
hulsr101,1933,BOS,,19330413,19331001
humet001,1996,CIN,Bullpen,19960402,19960929
humet001,1997,CIN,Bullpen,19970401,19970928
humet001,1998,CIN,Bullpen,19980331,19980927
humet001,1999,CIN,Bullpen,19990405,19991004
humet001,2000,CIN,Bullpen,20000403,20001001
humet001,2001,CIN,Bullpen,20010402,20011007
humet001,2002,CIN,Bullpen,20020401,20020929
humet001,2003,CIN,Bullpen,20030331,20030928
humet001,2004,CIN,Bullpen,20040405,20041003
humet001,2005,CIN,Bullpen,20050404,20051002
humet001,2006,CIN,Pitching,20060403,20061001
humet001,2007,CIN,Bullpen,20070402,20070930
hundr101,1977,CHN,Bullpen,19770407,19771002
huntb105,1964,BAL,3B,19640414,19641003
huntb105,1965,BAL,3B,19650413,19651003
huntb105,1966,BAL,3B,19660412,19661009
huntb105,1967,BAL,3B,19670411,19671001
huntb105,1968,BAL,3B,19680410,19680927
huntb105,1969,BAL,3B,19690408,19691016
huntb105,1970,BAL,3B,19700407,19701015
huntb105,1971,BAL,3B,19710407,19711017
huntb105,1972,BAL,3B,19720416,19721003
huntb105,1973,BAL,3B,19730406,19731011
huntb105,1974,BAL,3B,19740405,19741009
huntb105,1975,BAL,3B,19750410,19750928
huntb105,1976,BAL,3B,19760409,19761003
huntb105,1977,BAL,3B,19770407,19770627
huntn101,1920,SLN,,19200414,19201003
huntn101,1928,PHI,,19280411,19280930
huntn101,1929,PHI,,19290418,19291005
huntn101,1930,PHI,,19300415,19300928
huntn101,1933,PHI,,19330413,19330725
huppd001,2005,WAS,3B,20050404,20051002
hurdc001,1997,COL,Hitting,19970401,19970928
hurdc001,1998,COL,Hitting,19980331,19980927
hurdc001,1999,COL,Hitting,19990404,19991003
hurdc001,2000,COL,Hitting,20000403,20001001
hurdc001,2001,COL,Hitting,20010402,20011007
hurdc001,2002,COL,Hitting,20020401,20020425
hurdc001,2010,TEX,Hitting,20100405,20101101
hydeb801,2010,FLO,Bench,20100623,20101003
hydeb801,2011,FLO,Bench,20110401,20110618
hydeb801,2011,FLO,Bench,20110620,20110928
hydeb801,2014,CHN,Bench,20140331,20140928
hydeb801,2015,CHN,1B,20150405,20151021
hydeb801,2016,CHN,1B,20160404,20161102
hydeb801,2017,CHN,1B,20170402,20171001
hydeb801,2018,CHN,Bench,20180329,20181001
hyert001,2016,LAN,Hitting,20160404,20161022
hyert001,2017,LAN,Hitting,20170402,20171001
hyert001,2018,BOS,Hitting,20180329,20181028
hyert001,2019,BOS,Hitting,20190329,20190929
hyert001,2020,BOS,Hitting,20200723,20200927
hyert001,2021,BOS,Hitting,20210401,20211003
hyert001,2022,TEX,Hitting,20220408,20221005
hyert001,2023,TEX,Hitting,20230330,20231101
hyert001,2024,TEX,Hitting,20240328,20240929
iapoa801,2016,TEX,Hitting,20160404,20161009
iapoa801,2017,TEX,Hitting,20170402,20171001
iapoa801,2018,TEX,Hitting,20180329,20181001
iapoa801,2019,CHN,Hitting,20190329,20190929
iapoa801,2020,CHN,Hitting,20200723,20200927
iapoa801,2021,CHN,Hitting,20210401,20211003
iapoa801,2024,DET,1B,20240328,20241012
ilslb001,2013,SLN,Bullpen,20130401,20131030
ilslb001,2014,SLN,Bullpen,20140331,20141016
ilslb001,2015,SLN,Bullpen,20150405,20151013
ilslb001,2016,SLN,Bullpen,20160403,20161002
ilslb001,2017,SLN,Bullpen,20170402,20171001
iorgg001,1996,TOR,,19960401,19960929
iorgg001,2001,TOR,,20010401,20011007
iorgg001,2002,TOR,,20020401,20020602
iorgg001,2008,MIL,3B,20080916,20081005
iorgg001,2011,MIL,1B,20110331,20111016
iorgg001,2012,MIL,1B,20120406,20121003
iorgg001,2013,MIL,1B,20130401,20130929
iorgg001,2014,MIL,1B,20140331,20140928
isaal801,1987,CLE,Bullpen,19870716,19871004
isaal801,1988,CLE,Bullpen,19880404,19881002
isaal801,1989,CLE,Bullpen,19890403,19891001
isaal801,1990,CLE,Bullpen,19900412,19901003
isaal801,1991,CLE,Bullpen,19910408,19911006
isaal801,1994,CLE,Bullpen,19940404,19940810
isaal801,1995,CLE,Bullpen,19950427,19951028
isaal801,1996,CLE,Bullpen,19960402,19961005
isaal801,1997,CLE,Bullpen,19970402,19971026
isaal801,1998,CLE,Bullpen,19980331,19981013
isaal801,1999,CLE,Bullpen,19990406,19991011
isaal801,2000,CLE,Bullpen,20000403,20001001
isaal801,2001,CLE,Bullpen,20010402,20011007
isaal801,2002,CLE,Bullpen,20020331,20020929
isaal801,2003,CLE,Bullpen,20030331,20030928
isaal801,2004,CLE,Bullpen,20040405,20041003
isaal801,2005,CLE,Bullpen,20050404,20051002
isaal801,2006,CLE,Bullpen,20060402,20061001
isaal801,2007,CLE,Bullpen,20070402,20071021
isaal801,2008,CLE,Bullpen,20080331,20080928
jacka101,1977,BOS,Pitching,19770407,19771001
jacka101,1978,BOS,Pitching,19780407,19781002
jacka101,1979,BOS,Pitching,19790405,19790930
jacka101,1989,BAL,Pitching,19890403,19891001
jacka101,1990,BAL,Pitching,19900409,19901003
jacka101,1991,BAL,Pitching,19910408,19911006
jacka101,1999,NYN,,19990606,19991004
jacka101,2000,NYN,,20000329,20001026
jackg101,1983,PIT,,19830405,19831002
jackg101,1984,PIT,,19840403,19840930
jackg101,1985,PIT,Pitching,19850409,19851006
jackg101,1994,CIN,,19940403,19940811
jackg101,1995,CIN,,19950426,19951014
jackr002,1995,CHA,1B,19950602,19951001
jackr002,1996,CHA,1B,19960331,19960929
jackr002,1997,CHA,1B,19970401,19970816
jackr002,1997,CHA,Hitting,19970817,19970928
jackr002,1998,CHA,Hitting,19980331,19980522
jackr002,1999,MIL,1B,19990405,19991003
jackr002,2003,BOS,Hitting,20030331,20031016
jackr002,2004,BOS,Hitting,20040404,20041003
jackr002,2005,BOS,Hitting,20050403,20051007
jackr002,2006,BOS,Hitting,20060403,20061001
jacks102,1982,ATL,,19820406,19821010
jacks102,1983,ATL,,19830404,19831002
jacks102,1997,SFN,3B,19970401,19971003
jacks102,1998,SFN,Bench,19980331,19980928
jacks102,1999,SFN,3B,19990405,19991003
jacks102,2000,SFN,3B,20000403,20001008
jacks102,2001,SFN,3B,20010402,20011007
jacks102,2002,SFN,3B,20020402,20021027
jackt101,1938,NY1,,19380716,19381002
jackt101,1939,NY1,,19390418,19391001
jackt101,1940,NY1,,19400416,19400929
jackt101,1947,NY1,,19470415,19470928
jackt101,1948,NY1,,19480420,19481003
jacob001,2007,CIN,Hitting,20070402,20070930
jacob001,2008,CIN,Hitting,20080331,20080928
jacob001,2009,CIN,Hitting,20090406,20091004
jacob001,2010,CIN,Hitting,20100405,20101010
jacob001,2011,CIN,Hitting,20110331,20110928
jacob001,2012,CIN,Hitting,20120405,20121003
jacob001,2013,CIN,Hitting,20130401,20131001
jacob001,2015,TOR,Hitting,20150406,20151023
jacob001,2016,TOR,Hitting,20160403,20161019
jacob001,2017,TOR,Hitting,20170402,20171001
jacob001,2018,TOR,Hitting,20180329,20181001
jagee801,2021,CIN,Pitching,20210401,20211003
jagee801,2022,CIN,Pitching,20220407,20221005
jansl101,1954,NY1,,19540709,19541002
jansl101,1955,NY1,,19550413,19550925
jansl101,1961,SFN,Pitching,19610411,19611001
jansl101,1962,SFN,Pitching,19620410,19621016
jansl101,1963,SFN,Pitching,19630409,19630929
jansl101,1964,SFN,Pitching,19640414,19641004
jansl101,1965,SFN,Pitching,19650412,19651003
jansl101,1966,SFN,Pitching,19660412,19661002
jansl101,1967,SFN,Pitching,19670411,19671001
jansl101,1968,SFN,Pitching,19680410,19680929
jansl101,1969,SFN,Pitching,19690407,19691002
jansl101,1970,SFN,Pitching,19700407,19701001
jansl101,1971,SFN,Pitching,19710406,19711006
jansl101,1972,CHN,Pitching,19720415,19721004
jansl101,1973,CHN,Pitching,19730406,19731001
jarar801,1990,HOU,Hitting,19900409,19901003
jarar801,1991,HOU,Hitting,19910408,19911006
jarar801,1992,HOU,Hitting,19920407,19921004
jarar801,1993,HOU,Hitting,19930405,19931003
jarar801,1995,TEX,Hitting,19950426,19951001
jarar801,1996,TEX,Hitting,19960401,19961005
jarar801,1997,TEX,Hitting,19970401,19970928
jarar801,1998,TEX,Hitting,19980331,19981002
jarar801,1999,TEX,Hitting,19990405,19991009
jarar801,2000,TEX,Hitting,20000403,20001001
jarar801,2001,TEX,Hitting,20010401,20011007
jarar801,2002,TEX,Hitting,20020401,20020929
jarar801,2003,TEX,Hitting,20030330,20030928
jarar801,2004,TEX,Hitting,20040405,20041003
jarar801,2005,TEX,Hitting,20050405,20051002
jarar801,2006,TEX,Hitting,20060403,20061001
jarar801,2007,TEX,Hitting,20070402,20070930
jarar801,2008,TEX,Hitting,20080331,20080928
jarar801,2009,TEX,Hitting,20090406,20091004
jarar801,2010,CHN,Hitting,20100405,20101003
jarar801,2011,CHN,Hitting,20110401,20110928
jarar801,2012,CHN,Hitting,20120405,20120612
jarat801,2016,CIN,Hitting,20160404,20161002
jarat801,2017,CIN,Hitting,20170402,20171001
jarat801,2018,CIN,Hitting,20180329,20181001
jausd801,1997,BOS,1B,19970402,19970928
jausd801,1998,BOS,1B,19980401,19981003
jausd801,1999,BOS,1B,19990405,19991018
jausd801,2001,BOS,Bench,20010816,20011006
jausd801,2006,LAN,Bench,20060403,20061007
jausd801,2007,LAN,Bench,20070402,20070930
jausd801,2008,BAL,Bench,20080331,20080928
jausd801,2009,BAL,Bench,20090406,20091004
jausd801,2010,NYN,Bench,20100405,20101003
jausd801,2013,PIT,,20130401,20131009
jausd801,2014,PIT,,20140331,20141001
jausd801,2015,PIT,Bench,20150406,20151007
jausd801,2016,PIT,Bench,20160403,20161002
jausd801,2021,NYN,Bench,20210405,20211003
jay-j001,2023,MIA,1B,20230330,20231004
jay-j001,2024,MIA,1B,20240328,20240929
jenkf101,1995,CHN,Pitching,19950426,19951001
jenkf101,1996,CHN,Pitching,19960401,19960929
jenkm801,2012,CIN,Pitching,20120405,20121003
jenkm801,2013,CIN,Pitching,20130401,20131001
jenkm801,2014,CIN,Bullpen,20140331,20140928
jenkm801,2015,CIN,Bullpen,20150406,20151004
jenkm801,2016,CIN,Bullpen,20160404,20160703
jenkm801,2016,CIN,Pitching,20160704,20161002
jenkm801,2017,CIN,Pitching,20170402,20171001
jenkm801,2018,CIN,Pitching,20180329,20180418
jennh101,1921,NY1,,19210413,19211013
jennh101,1922,NY1,,19220412,19221008
jennh101,1923,NY1,,19230417,19231015
jennh101,1924,NY1,,19240415,19240520
jennh101,1924,NY1,,19240707,19241010
jennh101,1925,NY1,,19250414,19250503
jennh101,1925,NY1,,19250609,19251003
jensm001,2015,OAK,Hitting,20150406,20151004
jensm001,2016,OAK,Hitting,20160404,20161002
jensm001,2017,OAK,Hitting,20170402,20171001
jensm001,2018,OAK,Bullpen,20180329,20181001
jensm001,2019,OAK,Bullpen,20190329,20190929
jensm001,2020,OAK,Bullpen,20200723,20200927
jensm001,2021,OAK,Bullpen,20210401,20211003
jensm001,2022,OAK,Bullpen,20220408,20221005
jewet801,2000,PIT,3B,20000607,20001001
jewet801,2001,PIT,3B,20010403,20011007
jewet801,2002,PIT,3B,20020401,20020929
jewet801,2011,WAS,Bench,20110624,20110629
jewet801,2011,WAS,1B,20110701,20110928
jewet801,2012,WAS,1B,20120405,20121012
jewet801,2013,WAS,3B,20130401,20130929
jewet801,2014,SEA,Bench,20140331,20140928
jewet801,2015,SEA,Bench,20150406,20151004
jimej801,2019,SLN,Hitting,20190813,20190929
jimej801,2020,SLN,Hitting,20200723,20200927
jimej801,2021,SLN,Hitting,20210401,20211003
jirsj801,2024,CHA,3B,20240809,20240929
jirsm801,2006,KCA,Bench,20060922,20061001
jirsm801,2014,KCA,,20140331,20140529
jirsm801,2014,KCA,3B,20140530,20141029
jirsm801,2015,KCA,3B,20150406,20151101
jirsm801,2016,KCA,3B,20160403,20161002
jirsm801,2017,KCA,3B,20170402,20171001
jirsm801,2018,KCA,3B,20180329,20181001
jirsm801,2019,KCA,3B,20190329,20190929
johnc003,2023,CHA,Hitting,20230330,20231001
johnc003,2024,WAS,Hitting,20240328,20240929
johnd002,2015,TOR,Bullpen,20150406,20151023
johnd002,2016,TOR,Bullpen,20160403,20161019
johnd002,2017,TOR,Bullpen,20170402,20171001
johnd002,2018,TOR,Bullpen,20180329,20181001
johnd002,2019,TOR,Bullpen,20190329,20190929
johnd103,1979,CAL,Hitting,19790404,19791006
johnd103,1980,CAL,Hitting,19800411,19801005
johnd103,1981,NYN,,19810409,19811004
johnd103,1982,PHI,,19820408,19821003
johnd103,1983,PHI,,19830405,19831016
johnd103,1984,PHI,,19840403,19840930
johnd103,1985,SEA,Hitting,19850409,19851006
johnd103,1986,SEA,Hitting,19860408,19861005
johnd103,1987,CHA,,19870406,19871004
johnd103,1989,CAL,,19890404,19891001
johnd103,1990,CAL,Hitting,19900409,19901003
johnd103,1991,CAL,Hitting,19910409,19911006
johnd106,1960,SLN,,19600614,19601002
johnd106,1961,SLN,,19610411,19610705
johnd106,1962,BAL,,19620410,19620930
johnd106,1968,BOS,Pitching,19680410,19680929
johnd106,1969,BOS,Pitching,19690408,19691001
johnd106,1981,TEX,,19810409,19811004
johnd106,1982,TEX,,19820410,19820729
johnd106,1983,NYN,,19830405,19831002
johnd106,1993,NYN,,19930521,19931003
johnd801,2016,MIL,Pitching,20160404,20161002
johnd801,2017,MIL,Pitching,20170402,20171001
johnd801,2018,MIL,Pitching,20180329,20181001
johnd801,2019,CIN,Pitching,20190329,20190929
johnd801,2020,CIN,Pitching,20200723,20200919
johnd801,2021,CIN,Pitching,20210401,20211003
johnd801,2022,CIN,Pitching,20220407,20221005
johnd801,2023,CIN,Pitching,20230330,20231001
johnd801,2024,CIN,Pitching,20240328,20240929
johnh001,2007,NYN,1B,20070401,20070708
johnh001,2007,NYN,Hitting,20070712,20070930
johnh001,2008,NYN,Hitting,20080331,20080928
johnh001,2009,NYN,Hitting,20090406,20091004
johnh001,2010,NYN,Hitting,20100405,20101003
johnh001,2014,SEA,Hitting,20140331,20140928
johnh001,2015,SEA,Hitting,20150406,20150619
johnj107,1931,BRO,,19310414,19310927
johnj801,2022,TEX,1B,20220815,20221005
johnk002,2021,MIA,1B,20210401,20211003
johnk002,2022,MIA,1B,20220408,20221005
johnl101,1995,MIL,Hitting,19950426,19951001
johnl101,1996,MIL,Hitting,19960402,19960929
johnl101,1997,MIL,Hitting,19970401,19970928
johnl101,1998,MIL,Hitting,19980331,19980808
johnl101,1999,KCA,Hitting,19990405,19991002
johnl101,2000,KCA,Hitting,20000403,20001001
johnl101,2001,KCA,Hitting,20010402,20011007
johnl101,2002,KCA,Hitting,20020401,20020929
johnl101,2003,SEA,Hitting,20030401,20030928
johnl101,2014,NYN,Hitting,20140527,20140928
johnm801,2024,TBA,1B,20240328,20240929
johnr002,2010,BOS,1B,20100404,20100731
johnr002,2011,BOS,1B,20110401,20110928
johnr103,1935,CHN,Pitching,19350416,19351007
johnr103,1936,CHN,Pitching,19360414,19360927
johnr103,1937,CHN,Pitching,19370420,19371003
johnr103,1938,CHN,Pitching,19380419,19381009
johnr103,1939,CHN,Pitching,19390421,19391001
johnr103,1944,CHN,Pitching,19440418,19440430
johnr103,1944,CHN,Pitching,19440507,19441001
johnr103,1945,CHN,Pitching,19450417,19451010
johnr103,1946,CHN,Pitching,19460416,19460929
johnr103,1947,CHN,Pitching,19470415,19470928
johnr103,1948,CHN,Pitching,19480420,19481003
johnr103,1949,CHN,Pitching,19490419,19491002
johnr103,1950,CHN,Pitching,19500418,19501001
johnr103,1951,CHN,,19510417,19510930
johnr103,1952,CHN,,19520415,19520928
johnr103,1953,CHN,,19530414,19530927
johns101,1937,PHI,,19370419,19371003
johns101,1938,PHI,,19380419,19381002
johns101,1939,PHI,,19390419,19391001
johns101,1940,PHI,,19400416,19400929
johns101,1941,PHI,,19410415,19410928
johns103,1949,BSN,,19490418,19491002
johnt102,1993,MON,Bench,19930405,19931003
johnt102,1994,MON,Bench,19940404,19940811
johnt102,1995,BOS,Bench,19950426,19951006
johnt102,1996,BOS,Bench,19960401,19960929
johnw001,1998,CHA,,19980331,19980927
johnw001,1999,CHA,,19990405,19991003
johnw001,2000,CHA,,20000403,20001006
johnw001,2001,CHA,,20010402,20011007
johnw001,2002,CHA,,20020401,20020929
johnw801,2019,MIN,Pitching,20190329,20190929
johnw801,2020,MIN,Pitching,20200723,20200927
johnw801,2021,MIN,Pitching,20210401,20211003
johnw801,2022,MIN,Pitching,20220408,20220630
joneb001,2000,TEX,,20000510,20001001
joneb001,2001,TEX,,20010401,20011007
joneb001,2006,TEX,1B,20060403,20061001
joneb001,2014,TEX,Hitting,20140331,20140928
joneb001,2015,TEX,Hitting,20150406,20151014
jonec103,1985,ATL,,19850409,19851006
jonec103,1988,ATL,,19880523,19881002
jonec103,1989,ATL,Hitting,19890404,19891001
jonec103,1990,ATL,Hitting,19900411,19901003
jonec103,1991,ATL,Hitting,19910410,19911027
jonec103,1992,ATL,Hitting,19920407,19921024
jonec103,1993,ATL,Hitting,19930405,19931013
jonec103,1994,ATL,Hitting,19940404,19940811
jonec103,1995,ATL,Hitting,19950426,19951028
jonec103,1996,ATL,Hitting,19960401,19961026
jonec103,1997,ATL,Hitting,19970401,19971014
jonec103,1998,ATL,Hitting,19980331,19981014
jonec103,1999,CLE,Hitting,19990406,19991011
jonec103,2000,CLE,Hitting,20000403,20001001
jonec103,2001,CLE,Hitting,20010402,20011007
joned101,1976,HOU,,19760408,19761002
joned101,1977,HOU,,19770408,19771002
joned101,1978,HOU,,19780406,19781001
joned101,1979,HOU,,19790406,19790930
joned101,1980,HOU,,19800410,19801012
joned101,1981,HOU,,19810409,19811004
joned101,1982,HOU,,19820406,19821003
joned101,1984,SDN,,19840403,19841014
joned101,1985,SDN,,19850409,19851006
joned101,1986,SDN,,19860407,19861005
joned101,1987,SDN,,19870406,19871004
joneg101,1966,HOU,,19660412,19661002
joneg101,1967,HOU,,19670411,19670708
joneg801,1998,OAK,1B,19980401,19980927
joneg801,2014,CHN,3B,20140331,20140928
joneg801,2015,CHN,3B,20150405,20151021
joneg801,2016,CHN,3B,20160404,20161102
joneg801,2017,CHN,3B,20170402,20171001
joneg801,2022,DET,1B,20220408,20221005
joneg801,2023,DET,3B,20230330,20231001
joneg801,2024,DET,,20240328,20241012
jonej001,1995,DET,Bullpen,19950426,19951001
jonej001,1998,DET,,19980905,19980927
jonej001,1999,DET,Bullpen,19990405,19991002
jonej001,2000,DET,Bullpen,20000907,20001001
jonej001,2002,DET,Bullpen,20020409,20020929
jonej001,2007,DET,Bullpen,20070402,20070930
jonej001,2008,DET,Bullpen,20080331,20080929
jonej001,2009,DET,Bullpen,20090406,20091006
jonej001,2010,DET,Bullpen,20100405,20101003
jonej001,2011,DET,Bullpen,20110331,20110703
jonej001,2011,DET,Pitching,20110704,20111015
jonej001,2012,DET,Pitching,20120405,20121028
jonej001,2013,DET,Pitching,20130401,20131019
jonej001,2014,DET,Pitching,20140331,20141005
jonej001,2015,DET,Pitching,20150406,20151004
jonej003,2016,WAS,Hitting,20160404,20161013
jonej003,2017,WAS,Hitting,20170402,20171001
jonej801,1987,KCA,,19870406,19871004
jonej801,1992,KCA,,19920406,19921004
jonej801,1997,PIT,,19970401,19970928
jonej801,1998,PIT,,19980401,19980927
jonej801,1999,PIT,,19990405,19991003
jonej801,2000,PIT,,20000404,20000606
jonej801,2005,KCA,1B,20050404,20050619
jonel001,1991,KCA,1B,19910408,19911006
jonel001,1992,KCA,1B,19920406,19921004
jonel001,2001,FLO,1B,20010402,20010528
jonel001,2001,FLO,3B,20010529,20011007
jonel001,2004,BOS,1B,20040404,20041003
jonel001,2005,BOS,1B,20050403,20051007
jonet801,2004,ARI,1B,20040702,20041003
jonnb101,1935,PHI,,19350416,19350929
jonnb101,1942,NY1,,19420414,19420926
jonnb101,1943,NY1,,19430422,19431003
jonnb101,1944,NY1,,19440418,19441001
jonnb101,1945,NY1,,19450417,19450930
jonnb101,1946,NY1,,19460416,19460929
joset001,2024,SEA,Hitting,20240328,20240929
joshv101,1998,CHA,Hitting,19980523,19980927
joshv101,1999,CHA,,19990405,19991003
joshv101,2000,CHA,,20000403,20001006
joshv101,2001,CHA,,20010402,20010519
joshv101,2009,CHN,Hitting,20090614,20091004
joynw001,2007,SDN,Hitting,20070731,20071001
joynw001,2008,SDN,Hitting,20080331,20080922
joynw001,2013,PHI,Hitting,20130401,20130815
joynw001,2013,PHI,1B,20130816,20130929
joynw001,2014,DET,Hitting,20140331,20141005
joynw001,2015,DET,Hitting,20150406,20151004
joynw001,2016,DET,Hitting,20160405,20161002
judgj101,1945,WS1,,19450529,19450923
judgj101,1946,WS1,,19460416,19460929
jurgb101,1947,CHN,,19470415,19470928
jurgb101,1948,CHN,,19480420,19481003
jurgb101,1956,WS1,,19560417,19560930
jurgb101,1957,WS1,,19570415,19570929
jurgb101,1958,WS1,,19580414,19580928
jurgb101,1959,WS1,,19590409,19590703
kaatj101,1984,CIN,Pitching,19840824,19840930
kaatj101,1985,CIN,,19850408,19851006
kahnl801,1955,SLN,,19550528,19550925
kanzj801,2023,HOU,Hitting,20230330,20231023
kanzj801,2024,HOU,Hitting,20240328,20241002
kaplb801,2022,PHI,Pitching,20220408,20221105
kaplb801,2023,PHI,Pitching,20230330,20231024
kaplb801,2024,PHI,Pitching,20240329,20241009
karss001,2019,MIL,Bullpen,20190329,20190929
karss001,2020,MIL,Bullpen,20200723,20200927
karss001,2021,MIL,Bullpen,20210401,20211003
karss001,2024,ANA,Bullpen,20240328,20240929
kattr101,1959,SLN,,19590410,19590927
kattr101,1960,SLN,,19600412,19600613
kattr101,1962,CLE,,19620410,19620930
katze801,2020,SFN,Pitching,20200723,20200927
katze801,2021,CHA,Pitching,20210401,20211003
katze801,2022,CHA,Pitching,20220408,20221005
katze801,2023,CHA,Pitching,20230330,20231001
katze801,2024,CHA,Pitching,20240328,20240929
kauft101,1947,SLN,,19470415,19470928
kauft101,1948,SLN,,19480420,19481003
kauft101,1949,SLN,,19490419,19491002
kauft101,1950,SLN,,19500418,19501001
kazat101,1969,DET,Pitching,19690826,19691001
keanj801,1959,SLN,,19590410,19590927
keanj801,1960,SLN,,19600412,19601002
keanj801,1961,SLN,,19610411,19610705
keefd101,1941,PHA,,19410415,19410928
keefd101,1943,PHA,,19430420,19431003
keefd101,1944,PHA,,19440418,19441001
keefd101,1945,PHA,,19450417,19450927
keefd101,1946,PHA,,19460416,19460929
keefd101,1947,PHA,,19470415,19470928
keefd101,1948,PHA,,19480419,19481003
keefd101,1949,PHA,,19490418,19491002
keefd101,1950,PHA,,19500418,19501001
keelb101,1946,BSN,,19460416,19460929
keelb101,1947,BSN,,19470415,19470928
keelb101,1948,BSN,,19480420,19481011
keelb101,1949,BSN,,19490418,19491002
keelb101,1950,BSN,,19500418,19501001
keelb101,1951,BSN,,19510417,19510930
keelb101,1952,BSN,,19520415,19520928
keelb101,1953,MLN,,19530413,19530927
keelb101,1954,MLN,,19540413,19540926
keelb101,1955,MLN,,19550412,19550925
keelb101,1956,MLN,,19560417,19560930
keelb101,1957,MLN,,19570416,19571010
keelw101,1912,BRO,,19120411,19121005
keelw101,1913,BRO,,19130409,19131003
keelw101,1914,BRF,,19140414,19141010
kellb002,2008,SFN,1B,20080331,20080928
kellb002,2009,SFN,1B,20090407,20091004
kellb002,2010,SFN,1B,20100405,20101101
kellb002,2011,SFN,1B,20110331,20110928
kellb002,2012,SFN,1B,20120406,20121028
kellb002,2013,SFN,1B,20130401,20130929
kellb002,2014,SFN,1B,20140331,20141029
kellb002,2015,SFN,3B,20150406,20151004
kellb002,2016,SFN,3B,20160404,20161011
kellc101,1957,NYA,,19570603,19571010
kellc101,1959,NYA,,19590530,19590621
kelld001,2019,HOU,1B,20190329,20190929
kelld001,2020,PIT,Bench,20200723,20200927
kelld001,2021,PIT,Bench,20210401,20211003
kelld001,2022,PIT,Bench,20220407,20221005
kelld001,2023,PIT,Bench,20230330,20231001
kelld001,2024,PIT,Bench,20240328,20240929
kelld801,2001,CLE,,20010402,20011007
kelld801,2002,CLE,Bullpen,20020331,20020929
kelld801,2003,CLE,Hitting,20030331,20030928
kelld802,2023,CHN,Hitting,20230330,20231001
kelld802,2024,CHN,Hitting,20240328,20240929
kellg101,1935,CIN,,19350416,19350929
kellg101,1936,CIN,,19360414,19360927
kellg101,1937,CIN,,19370420,19370912
kellg101,1938,BSN,,19380419,19381002
kellg101,1939,BSN,,19390419,19391001
kellg101,1940,BSN,,19400416,19400929
kellg101,1941,BSN,,19410415,19410928
kellg101,1942,BSN,,19420414,19420926
kellg101,1943,BSN,,19430424,19431003
kellg101,1947,CIN,,19470415,19470928
kellg101,1948,CIN,,19480419,19481003
kellj106,1926,BRO,,19260413,19260926
kellm101,1986,PIT,1B,19860408,19861005
kellm101,2003,DET,1B,20030331,20030928
kellm101,2004,DET,1B,20040405,20041003
kellm101,2005,DET,1B,20050404,20051002
kellm101,2009,NYA,1B,20090406,20091004
kellm101,2010,NYA,1B,20100404,20101022
kellm101,2011,NYA,1B,20110331,20111006
kellm101,2012,NYA,1B,20120406,20121018
kellm101,2013,NYA,1B,20130401,20130929
kellm101,2014,NYA,1B,20140401,20140928
kellm801,1930,CHA,,19300417,19300928
kellm801,1931,CHA,,19310414,19310927
kellm801,1934,CHN,,19340417,19340930
kellm801,1938,BSN,,19380419,19381002
kellm801,1939,BSN,,19390419,19391001
kellm801,1940,PIT,,19400416,19400929
kellm801,1941,PIT,,19410415,19410928
kellp102,2007,CIN,Bench,20070703,20070930
kellp102,2018,CIN,Bench,20180419,20181001
kellt101,1983,MIN,,19830405,19831002
kellt101,1984,MIN,,19840403,19840930
kellt101,1985,MIN,,19850409,19851006
kellt101,1986,MIN,,19860408,19860911
kendf101,1996,DET,Bullpen,19960401,19960714
kendf101,1996,DET,1B,19960715,19960929
kendf101,1997,DET,Bullpen,19970401,19970928
kendf101,1998,DET,Bullpen,19980331,19980927
kendf101,2000,COL,Bullpen,20000403,20001001
kendf101,2001,COL,Bullpen,20010402,20011007
kendf101,2002,COL,Bullpen,20020401,20020929
kendf101,2006,KCA,Bullpen,20060403,20061001
kendf101,2007,KCA,Bullpen,20070402,20070930
kennb104,1967,ATL,,19670411,19671001
kennk801,1992,MON,Bench,19920522,19921004
kerrj101,1983,MON,Bullpen,19830406,19831002
kerrj101,1984,MON,Bullpen,19840403,19840930
kerrj101,1985,MON,Bullpen,19850408,19851006
kerrj101,1986,MON,Bullpen,19860408,19861005
kerrj101,1992,MON,Pitching,19920406,19921004
kerrj101,1993,MON,Pitching,19930405,19931003
kerrj101,1994,MON,Pitching,19940404,19940811
kerrj101,1995,MON,Pitching,19950426,19951001
kerrj101,1996,MON,Pitching,19960402,19960929
kerrj101,1997,BOS,Pitching,19970402,19970928
kerrj101,1998,BOS,Pitching,19980401,19981003
kerrj101,1999,BOS,Pitching,19990405,19991018
kerrj101,2000,BOS,Pitching,20000404,20001001
kerrj101,2001,BOS,Pitching,20010402,20010815
kerrj101,2003,PHI,Pitching,20030331,20030928
kerrj101,2004,PHI,Pitching,20040405,20041003
kerrj101,2006,NYA,Bullpen,20060403,20061007
kerrj101,2007,NYA,Bullpen,20070402,20071008
kerrj101,2009,PIT,Pitching,20090406,20091004
kerrj101,2010,PIT,Pitching,20100405,20100807
kerrj102,1935,WS1,,19350417,19350929
kiekd001,2024,SLN,Pitching,20240328,20240929
killb101,1926,SLN,,19260413,19261010
killb101,1927,SLA,,19270415,19271002
killb101,1928,SLA,,19280411,19280930
killb101,1929,SLA,,19290416,19291006
killb101,1939,BRO,,19390418,19391001
killb101,1942,PHI,,19420414,19420927
kimmb101,1984,CIN,,19840402,19840930
kimmb101,1985,CIN,,19850408,19851006
kimmb101,1986,CIN,,19860407,19861005
kimmb101,1987,CIN,,19870406,19871004
kimmb101,1988,CIN,,19880404,19881002
kimmb101,1989,PIT,,19890404,19891001
kimmb101,1990,PIT,,19900409,19901012
kimmb101,1991,SDN,,19910409,19911006
kimmb101,1992,SDN,,19920406,19921004
kimmb101,1997,FLO,Bullpen,19970401,19971026
kimmb101,1998,FLO,Bullpen,19980331,19980927
kimmb101,1999,COL,Bench,19990404,19991003
kimmb101,2003,CHA,,20030331,20030928
kim-w801,1989,SFN,1B,19890403,19891028
kim-w801,1990,SFN,1B,19900411,19901003
kim-w801,1991,SFN,1B,19910409,19911006
kim-w801,1992,SFN,3B,19920406,19921004
kim-w801,1993,SFN,3B,19930406,19931003
kim-w801,1994,SFN,3B,19940404,19940810
kim-w801,1995,SFN,3B,19950426,19951001
kim-w801,1996,SFN,3B,19960401,19960929
kim-w801,1997,BOS,3B,19970402,19970928
kim-w801,1998,BOS,3B,19980401,19981003
kim-w801,1999,BOS,3B,19990405,19991018
kim-w801,2000,BOS,3B,20000404,20001001
kim-w801,2002,MON,,20020402,20020929
kim-w801,2003,CHN,3B,20030331,20031015
kim-w801,2004,CHN,3B,20040405,20041003
kingc101,1959,CIN,,19590409,19590803
kingc101,1965,PIT,Pitching,19650412,19651003
kingc101,1966,PIT,Pitching,19660412,19661002
kingc101,1967,PIT,Pitching,19670411,19671001
kingc101,1978,NYA,,19780719,19781017
kingc101,1981,NYA,Pitching,19810529,19811028
kingc101,1982,NYA,Pitching,19820611,19820718
kingc101,1988,NYA,Pitching,19880809,19881002
kippb001,2002,BOS,Bullpen,20020401,20020929
kippb001,2015,BOS,Bullpen,20150817,20151004
kirbw001,2011,BAL,1B,20110401,20110928
kirbw001,2012,BAL,1B,20120406,20121012
kirbw001,2013,BAL,1B,20130402,20130929
kirbw001,2014,BAL,1B,20140331,20141015
kirbw001,2015,BAL,1B,20150406,20151004
kirbw001,2016,BAL,1B,20160404,20161004
kirbw001,2017,BAL,1B,20170402,20171001
kirbw001,2018,BAL,1B,20180329,20181001
kirbw001,2020,SDN,1B,20200723,20200927
kirbw001,2021,SDN,1B,20210401,20211003
kirbw001,2022,NYN,1B,20220407,20221009
kirbw001,2023,NYN,1B,20230330,20231001
kisob001,1992,KCA,Bullpen,19920406,19921004
kisob001,1993,KCA,Bullpen,19930405,19931003
kisob001,1994,KCA,Pitching,19940404,19940810
kisob001,1995,KCA,Pitching,19950426,19951001
kisob001,1996,KCA,Pitching,19960402,19960929
kisob001,1997,KCA,Pitching,19970402,19970928
kisob001,1998,KCA,Pitching,19980331,19980927
kisob001,1999,BAL,Pitching,19990405,19991003
kissg801,1969,SLN,,19690408,19691002
kissg801,1970,SLN,,19700408,19701001
kissg801,1971,SLN,,19710406,19710930
kissg801,1972,SLN,,19720415,19721004
kissg801,1973,SLN,,19730406,19730930
kissg801,1974,SLN,,19740405,19741001
kissg801,1975,SLN,,19750407,19750928
kitth801,1971,HOU,,19710405,19710930
kitth801,1972,HOU,,19720415,19721004
kitth801,1973,HOU,,19730406,19730930
kitth801,1974,HOU,,19740405,19741002
kitth801,1975,HOU,,19750407,19750928
kitth801,1981,SLN,Pitching,19810411,19811004
kitth801,1982,SLN,Pitching,19820406,19821020
kitth801,1983,SLN,Pitching,19830405,19831002
kleic101,1941,PHI,,19410415,19410928
kleic101,1942,PHI,,19420414,19420927
kleic101,1943,PHI,,19430424,19431003
kleic101,1944,PHI,,19440418,19441001
kleic101,1945,PHI,,19450417,19450930
kleil101,1960,CHN,,19600412,19600504
kleil101,1961,CHN,,19610411,19610831
kleil101,1961,CHN,,19610911,19611001
kleil101,1962,CHN,,19620410,19620821
kleil101,1963,CHN,3B,19630409,19630929
kleil101,1964,CHN,1B,19640414,19641004
klust101,1970,CIN,,19700406,19701015
klust101,1971,CIN,,19710405,19710930
klust101,1972,CIN,,19720415,19721004
klust101,1973,CIN,,19730405,19731010
klust101,1974,CIN,,19740404,19741002
klust101,1975,CIN,,19750407,19751022
klust101,1976,CIN,,19760408,19761021
klust101,1977,CIN,,19770406,19771002
klust101,1978,CIN,,19780406,19781001
klust101,1983,CIN,,19830404,19831002
knabo101,1918,CHN,,19180416,19180911
knabo101,1919,CHN,,19190424,19190928
knapr801,2009,DET,Pitching,20090406,20091006
knapr801,2010,DET,Pitching,20100405,20101003
knapr801,2011,DET,Pitching,20110331,20110703
knapr801,2022,TBA,Pitching,20220408,20221008
knapr801,2023,TBA,Pitching,20230330,20231004
knapr801,2024,TBA,Pitching,20240328,20240929
knifc801,2002,ARI,Pitching,20020401,20021005
knifc801,2003,ARI,Pitching,20030331,20030928
knifc801,2004,ARI,Pitching,20040406,20041003
knigr001,1993,CIN,Hitting,19930524,19931003
knigr001,1994,CIN,3B,19940403,19940811
knigr001,1995,CIN,Bench,19950426,19951014
knigr001,2002,CIN,Bench,20020401,20020929
knigr001,2003,CIN,Bench,20030331,20030727
knigr001,2003,CIN,3B,20030729,20030928
knoob101,1977,CHA,,19770407,19771002
knoob101,1978,CHA,,19780407,19781001
knoob101,1979,CAL,3B,19790404,19791006
knoob101,1980,CAL,3B,19800411,19801005
knoob101,1981,CAL,1B,19810409,19811004
knoob101,1982,CAL,1B,19820406,19821010
knoob101,1983,CAL,1B,19830405,19831002
knoob101,1984,CAL,1B,19840402,19840930
knoob101,1985,CAL,1B,19850409,19851006
knoob101,1986,CAL,1B,19860408,19861015
knoob101,1987,CAL,,19870407,19871004
knoob101,1988,CAL,1B,19880404,19881002
knoob101,1989,CAL,,19890404,19891001
knoob101,1990,CAL,1B,19900409,19901003
knoob101,1991,CAL,3B,19910409,19911006
knoob101,1992,CAL,1B,19920407,19921004
knoob101,1993,CAL,1B,19930406,19931003
knoob101,1994,CAL,1B,19940405,19940516
knoob101,1994,CAL,Bench,19940519,19940810
knoob101,1995,CAL,Bench,19950426,19951002
knoob101,1996,CAL,1B,19960402,19960804
knoob101,2000,TOR,,20000403,20001001
knorr001,2006,WAS,Bullpen,20060616,20061001
knorr001,2009,WAS,Bullpen,20090406,20091004
knorr001,2012,WAS,Bench,20120405,20121012
knorr001,2013,WAS,Bench,20130401,20130929
knorr001,2014,WAS,Bench,20140331,20141007
knorr001,2015,WAS,Bench,20150406,20151004
knorr001,2020,WAS,1B,20200723,20200927
knorr001,2021,WAS,1B,20210405,20211003
knowd101,1983,SLN,,19830625,19830720
knowd101,1989,PHI,Pitching,19890404,19891001
knowd101,1990,PHI,Pitching,19900410,19901003
koenf801,1970,CAL,1B,19700407,19701001
koenf801,1971,CAL,,19710406,19710930
koenf801,1976,SLN,,19760409,19761003
koenf801,1977,TEX,,19770407,19771002
koenf801,1978,TEX,,19780408,19781001
koenf801,1979,TEX,,19790407,19790930
koenf801,1980,TEX,,19800410,19801005
koenf801,1981,TEX,,19810409,19811004
koenf801,1982,TEX,,19820410,19821003
koenf801,1983,CHN,1B,19830406,19831002
koenf801,1985,CLE,,19850913,19851006
kotsm001,2015,SDN,Hitting,20150406,20151004
kotsm001,2016,OAK,Bench,20160404,20161002
kotsm001,2017,OAK,Bench,20170402,20170618
kotsm001,2021,OAK,3B,20210401,20211003
kranr801,2002,CHN,Bullpen,20020401,20020929
kranr801,2006,FLO,Pitching,20060403,20061001
kranr801,2007,FLO,Pitching,20070402,20070930
kranr801,2008,BAL,Pitching,20080331,20080928
kranr801,2009,BAL,Pitching,20090406,20091004
kranr801,2010,BAL,Pitching,20100406,20101003
kranr801,2011,MIL,Pitching,20110331,20111016
kranr801,2012,MIL,Pitching,20120406,20121003
kranr801,2013,MIL,Pitching,20130401,20130929
kranr801,2014,MIL,Pitching,20140331,20140928
kranr801,2015,MIL,Pitching,20150406,20151004
kranr801,2016,PHI,Bullpen,20160404,20161002
kranr801,2018,PHI,Pitching,20180329,20181001
kranr801,2019,ATL,Pitching,20190329,20190929
kranr801,2020,ATL,Pitching,20200723,20200927
kranr801,2021,ATL,Pitching,20210401,20211003
kranr801,2022,ATL,Pitching,20220407,20221015
kranr801,2023,ATL,Pitching,20230330,20231012
kranr801,2024,ATL,Pitching,20240329,20241002
kresr101,1940,DET,,19400416,19401008
kresr101,1946,NY1,,19460416,19460929
kresr101,1947,NY1,,19470415,19470928
kresr101,1948,NY1,,19480420,19481003
kresr101,1949,NY1,,19490419,19491002
kresr101,1953,CLE,,19530414,19530927
kresr101,1954,CLE,,19540413,19541002
kresr101,1955,CLE,,19550412,19550925
kresr101,1956,CLE,,19560417,19560930
kresr101,1957,CLE,,19570416,19570929
kresr101,1958,CLE,,19580415,19580928
kresr101,1959,CLE,,19590410,19590927
kresr101,1960,CLE,,19600419,19601002
kresr101,1961,LAA,,19610411,19611001
kresr101,1962,NYN,,19620411,19620930
krolj801,1977,SLN,,19770407,19771002
krolj801,1978,SLN,,19780407,19780425
krolj801,1978,SLN,,19780429,19781001
krolj801,1979,SLN,,19790406,19790930
krolj801,1980,SLN,,19800410,19800607
krolj801,1980,SLN,,19800609,19801005
krolj801,1981,SDN,,19810409,19811004
krolj801,1982,SDN,,19820406,19821003
krolj801,1983,SDN,,19830405,19831002
krolj801,1984,SDN,,19840403,19841014
krolj801,1985,SDN,,19850409,19851006
krolj801,1986,SDN,,19860407,19861005
kuehk801,1977,MIN,,19770409,19771002
kuehk801,1978,MIN,,19780405,19781001
kuehk801,1979,MIN,,19790406,19790930
kuehk801,1980,MIN,,19800410,19801005
kuehk801,1981,MIN,,19810409,19811004
kuehk801,1982,MIN,,19820406,19821003
kuenh101,1971,MIL,Hitting,19710406,19710930
kuenh101,1972,MIL,Hitting,19720415,19721004
kuenh101,1973,MIL,Hitting,19730406,19730930
kuenh101,1974,MIL,Hitting,19740405,19741002
kuenh101,1975,MIL,Hitting,19750408,19750927
kuenh101,1976,MIL,Hitting,19760408,19761003
kuenh101,1977,MIL,1B,19770407,19771002
kuenh101,1978,MIL,Hitting,19780407,19781001
kuenh101,1979,MIL,Hitting,19790405,19790930
kuenh101,1980,MIL,Hitting,19800410,19801005
kuenh101,1981,MIL,Hitting,19810411,19811004
kuenh101,1982,MIL,Hitting,19820409,19820601
kuntr001,1989,SEA,1B,19890403,19891001
kuntr001,1990,SEA,1B,19900409,19901003
kuntr001,1991,SEA,1B,19910409,19911006
kuntr001,1992,SEA,1B,19920406,19921004
kuntr001,1995,FLO,1B,19950425,19951001
kuntr001,1996,FLO,1B,19960401,19960929
kuntr001,1999,FLO,1B,19990405,19991003
kuntr001,2000,FLO,1B,20000403,20001001
kuntr001,2003,PIT,1B,20030331,20030928
kuntr001,2004,PIT,1B,20040405,20041003
kuntr001,2005,PIT,1B,20050404,20051002
kuntr001,2008,KCA,1B,20080331,20080928
kuntr001,2009,KCA,1B,20090407,20091004
kuntr001,2012,KCA,1B,20120804,20121003
kuntr001,2013,KCA,1B,20130401,20130929
kuntr001,2014,KCA,1B,20140331,20141029
kuntr001,2015,KCA,1B,20150406,20151101
kuntr001,2016,KCA,1B,20160403,20161002
kuntr001,2017,KCA,1B,20170402,20171001
kuntr001,2021,KCA,1B,20210401,20211003
kuntr001,2022,KCA,,20220407,20221005
kusna101,1980,CHA,Bullpen,19800410,19801005
kusna101,1981,CHA,Bullpen,19810410,19811004
kusna101,1982,CHA,Bullpen,19820411,19821003
kusna101,1983,CHA,Bullpen,19830404,19831002
kusna101,1984,CHA,Bullpen,19840402,19840930
kusna101,1985,CHA,Bullpen,19850409,19851006
kusna101,1986,CHA,Bullpen,19860407,19861005
kusna101,1987,CHA,,19870406,19871004
kusna101,1989,OAK,Bullpen,19890403,19891028
kusna101,1990,OAK,Bullpen,19900409,19901020
kusna101,1991,OAK,Bullpen,19910409,19911006
kusna101,1992,OAK,Bullpen,19920406,19921014
kusna101,1993,OAK,Bullpen,19930405,19931003
kusna101,1994,OAK,Bullpen,19940405,19940811
kusna101,1995,OAK,Bullpen,19950426,19951001
kusna101,1997,CHA,Bullpen,19970401,19970928
kusna101,1998,CHA,Bullpen,19980331,19980927
kusna101,1999,CHA,Bullpen,19990405,19991003
kusna101,2000,CHA,Bullpen,20000403,20001006
kusna101,2001,CHA,Bullpen,20010402,20011007
kusna101,2002,CHA,Bullpen,20020401,20020929
kusna101,2003,CHA,Bullpen,20030331,20030928
kusna101,2004,CHA,Bullpen,20040405,20041003
kusna101,2005,CHA,Bullpen,20050404,20051002
kusna101,2006,CHA,Bullpen,20060402,20061001
kusna101,2007,CHA,Bullpen,20070402,20070930
kyles801,2009,MIL,Bullpen,20090407,20091004
kyles801,2010,MIL,Bullpen,20100405,20101003
kyles801,2011,MIL,Bullpen,20110331,20111016
kyles801,2012,MIL,Bullpen,20120406,20120729
lachb801,1995,CAL,Bullpen,19950426,19951002
lachb801,1996,CAL,,19960402,19960929
lachm101,1984,CAL,Pitching,19840402,19840930
lachm101,1985,CAL,Pitching,19850409,19851006
lachm101,1986,CAL,Pitching,19860408,19861015
lachm101,1987,CAL,Pitching,19870407,19871004
lachm101,1988,CAL,Pitching,19880404,19881002
lachm101,1989,CAL,Pitching,19890404,19891001
lachm101,1990,CAL,Pitching,19900409,19901003
lachm101,1991,CAL,Pitching,19910409,19911006
lachm101,1992,CAL,Pitching,19920407,19921004
lachm101,1993,FLO,Pitching,19930405,19931003
lachm101,1994,FLO,Pitching,19940405,19940518
lachm101,1997,ANA,Pitching,19970402,19970928
lachm101,1998,ANA,Pitching,19980401,19980927
lachm101,2000,COL,Pitching,20000403,20001001
lachm101,2001,COL,Pitching,20010402,20011007
lachr101,1985,BOS,3B,19850408,19851006
lachr101,1986,BOS,3B,19860407,19861027
lachr101,1987,OAK,1B,19870407,19871004
lachr101,1988,OAK,1B,19880404,19881020
lachr101,1989,OAK,3B,19890403,19891028
lachr101,1990,OAK,3B,19900409,19901020
lachr101,1991,OAK,3B,19910409,19911006
lachr101,1992,OAK,3B,19920406,19921014
lachr101,1997,SLN,3B,19970401,19970928
lachr101,1998,SLN,3B,19980331,19980927
lachr101,1999,SLN,3B,19990405,19991003
lachr101,2000,CHN,Bench,20000329,20001001
lachr101,2001,CHN,Bench,20010402,20011007
lachr101,2002,CHN,Bench,20020401,20020929
lachr101,2003,SEA,Bench,20030401,20030928
lachr101,2004,SEA,Bench,20040406,20041003
lachr101,2005,OAK,Bench,20050404,20051002
lachr101,2006,OAK,1B,20060403,20061014
lachr101,2007,OAK,3B,20070402,20070930
lachr101,2013,COL,1B,20130401,20130929
lakea101,1963,BOS,Bullpen,19630409,19630928
lakea101,1964,BOS,Bullpen,19640416,19641004
lakea101,1967,BOS,Bullpen,19670412,19671012
lakea101,1968,BOS,Bullpen,19680410,19680929
lakea101,1969,BOS,Bullpen,19690408,19690609
laket001,2017,ARI,Hitting,20170402,20171001
laket001,2018,ARI,Hitting,20180329,20181001
laket001,2019,SEA,Hitting,20190329,20190929
laket001,2020,SEA,Hitting,20200723,20200927
laket001,2021,SEA,Hitting,20210401,20211003
lamog101,1986,PIT,3B,19860408,19861005
lamog101,1987,PIT,3B,19870407,19871004
lamog101,1988,PIT,3B,19880405,19881002
lamog101,1989,PIT,3B,19890404,19891001
lamog101,1990,PIT,3B,19900409,19901012
lamog101,1991,PIT,3B,19910408,19911017
lamog101,1996,PIT,3B,19960401,19960929
lamog101,2001,BOS,3B,20010402,20011006
lamog101,2002,HOU,3B,20020402,20020929
lamog101,2003,HOU,3B,20030401,20030928
lamog101,2004,HOU,3B,20040405,20041021
lamog101,2006,DET,3B,20060403,20061027
lamog101,2007,DET,3B,20070402,20070930
lamog101,2008,DET,3B,20080331,20080929
lamog101,2009,DET,3B,20090406,20091006
lamog101,2010,DET,3B,20100405,20101003
lamog101,2011,DET,3B,20110331,20111015
lamog101,2012,DET,3B,20120405,20121028
lamog101,2013,DET,Bench,20130401,20131019
lamog101,2014,DET,Bench,20140331,20141005
lamog101,2015,DET,Bench,20150406,20151004
lamog101,2016,DET,Bench,20160405,20161002
lamog101,2017,DET,Bench,20170402,20171001
lamot801,2023,CIN,Hitting,20230330,20231001
lamot801,2024,CIN,Hitting,20240328,20240929
landg101,1925,CIN,,19250414,19251004
landg101,1926,CIN,,19260413,19260926
landg101,1927,CIN,,19270412,19271002
landg101,1928,CIN,,19280411,19280930
landg101,1929,CHN,,19290416,19291014
landr001,1989,MON,1B,19890404,19891001
landr001,1990,MON,,19900409,19901003
landr001,1991,MON,,19910408,19911006
landr001,1996,NYN,,19960827,19960929
landr001,2002,DET,Hitting,20020409,20020929
lanej001,2016,MIL,Hitting,20160404,20161002
lanej001,2017,MIL,Hitting,20170402,20171001
lanej001,2018,MIL,Hitting,20180329,20181001
lanej001,2019,MIL,Hitting,20190329,20190929
lanej001,2020,MIL,1B,20200723,20200927
lanej001,2021,MIL,3B,20210401,20211003
lanej001,2022,MIL,3B,20220407,20221005
lanej001,2023,MIL,3B,20230330,20231004
lanej001,2024,MIL,3B,20240329,20241003
langr001,2000,TOR,Pitching,20000403,20000724
langr001,2010,TOR,Bullpen,20100405,20101003
lanih101,1981,SLN,,19810411,19811004
lanih101,1982,SLN,,19820406,19821020
lanih101,1983,SLN,,19830405,19831002
lanih101,1984,SLN,,19840403,19840930
lanih101,1985,SLN,,19850409,19851027
lanih101,1990,PHI,,19900410,19901003
lanih101,1991,PHI,,19910408,19911006
lansc001,1994,OAK,,19940405,19940811
lansc001,1995,OAK,,19950426,19951001
lansc001,1997,SLN,,19970401,19970928
lansc001,1998,SLN,Bench,19980331,19980927
lansc001,2008,SFN,Hitting,20080331,20080928
lansc001,2009,SFN,Hitting,20090407,20091004
lansc001,2011,COL,Hitting,20110401,20110928
lansc001,2012,COL,Hitting,20120406,20121003
larod101,1989,CHA,,19890404,19891001
larod101,1990,CHA,,19900409,19901003
larod101,1991,CHA,,19910408,19911006
larod101,1992,NYN,,19920406,19921004
larod101,1993,NYN,,19930405,19930519
larut101,1978,CHA,,19780701,19781001
lasot101,1973,LAN,,19730406,19730929
lasot101,1974,LAN,,19740405,19741017
lasot101,1975,LAN,,19750407,19750928
lasot101,1976,LAN,,19760409,19760928
latha101,1900,CIN,,19000726,19000919
latha101,1909,NY1,,19090415,19091007
latha101,1910,NY1,,19100414,19101011
latha101,1911,NY1,,19110412,19111026
lau-c101,1969,BAL,Bullpen,19690408,19691016
lau-c101,1970,OAK,Hitting,19700407,19701001
lau-c101,1971,KCA,Hitting,19710406,19710929
lau-c101,1972,KCA,Hitting,19720415,19721004
lau-c101,1973,KCA,Hitting,19730406,19730930
lau-c101,1974,KCA,Hitting,19740405,19741002
lau-c101,1975,KCA,Hitting,19750407,19750928
lau-c101,1976,KCA,Hitting,19760409,19761014
lau-c101,1977,KCA,Hitting,19770407,19771009
lau-c101,1978,KCA,Hitting,19780408,19781007
lau-c101,1979,NYA,,19790405,19790930
lau-c101,1980,NYA,,19800410,19801010
lau-c101,1981,NYA,,19810409,19811028
lau-c101,1982,CHA,,19820411,19821003
lau-c101,1983,CHA,,19830404,19831002
laudb101,1925,CHA,,19250414,19251004
lavac101,1951,BRO,,19510417,19511003
lavac101,1952,BRO,,19520415,19521007
lavac101,1953,BRO,,19530414,19531005
lavac101,1955,WS1,,19550411,19550925
lavac101,1956,WS1,,19560417,19560930
lavac101,1957,WS1,,19570415,19570506
lavac101,1962,NYN,1B,19620411,19620930
lavac101,1963,NYN,,19630409,19630929
lavac101,1964,SFN,1B,19640414,19641004
lavac101,1965,SFN,1B,19650412,19651003
lavac101,1966,SFN,1B,19660412,19661002
lavac101,1967,SFN,,19670411,19671001
lawsd801,2022,NYA,Hitting,20220408,20221023
lawsd801,2023,NYA,Hitting,20230330,20230709
law-v101,1968,PIT,Pitching,19680410,19680929
law-v101,1969,PIT,Pitching,19690408,19691002
lazzt101,1938,CHN,,19380419,19381009
learr801,2010,BOS,1B,20100801,20101003
learr801,2013,MIA,Bench,20130401,20130929
learr801,2014,MIA,Bench,20140331,20140928
learr801,2015,MIA,Bench,20150406,20150517
lecrm001,2014,WAS,Bullpen,20140331,20141007
lecrm001,2015,WAS,Bullpen,20150406,20151004
lefej001,1978,LAN,1B,19780920,19781017
lefej001,2002,SFN,1B,20020402,20021027
lefej001,2003,SFN,Hitting,20030331,20031004
lefej001,2004,SFN,Hitting,20040405,20041003
lefej001,2005,SFN,Hitting,20050405,20051002
lefej001,2006,SFN,Hitting,20060403,20061001
lefej001,2007,SFN,Hitting,20070403,20070930
lefej001,2012,SFN,Hitting,20120406,20121028
lefej001,2013,SFN,Hitting,20130401,20130929
lefej001,2014,SFN,Hitting,20140331,20141029
lefej001,2015,SFN,Hitting,20150406,20150430
lefej101,1979,LAN,Hitting,19790405,19790930
lefej101,1980,SFN,Hitting,19800410,19801005
lefej101,1981,SFN,Hitting,19810409,19811004
lefej101,1982,SFN,Hitting,19820406,19821003
lefej101,1987,OAK,3B,19870407,19871004
lefej101,1988,OAK,3B,19880404,19881020
lefej101,1994,OAK,Hitting,19940405,19940811
lefej101,1995,OAK,Hitting,19950426,19951001
lefej101,1998,MIL,Hitting,19980810,19980927
lefej101,1999,MIL,Hitting,19990405,19990811
lefej101,2002,CIN,,20020401,20020929
lefej101,2009,SDN,Hitting,20090406,20090730
lehmd801,2023,LAN,Bench,20230330,20231011
lehmd801,2024,LAN,Bench,20240320,20241030
leica801,2023,CIN,Pitching,20230330,20231001
leica801,2024,CIN,Pitching,20240328,20240929
leifl101,1921,SLA,,19210413,19211002
leifl101,1922,SLA,,19220412,19221001
leifl101,1923,SLA,,19230418,19231007
leifl101,1924,BOS,,19240415,19240930
leifl101,1925,BOS,,19250414,19251002
leifl101,1926,BOS,,19260413,19260926
leifl101,1927,DET,,19270415,19271002
leifl101,1928,DET,,19280411,19280930
leipt801,2014,TOR,1B,20140331,20140928
leipt801,2015,TOR,1B,20150406,20151023
leipt801,2016,TOR,1B,20160403,20161019
leipt801,2017,TOR,1B,20170402,20171001
leipt801,2018,TOR,1B,20180329,20181001
leipt801,2019,TOR,1B,20190329,20190929
leipt801,2024,SDN,3B,20240320,20241011
lemob101,1960,CLE,,19600419,19601002
lemob101,1961,PHI,,19610411,19611001
lemob101,1967,CAL,,19670411,19671001
lemob101,1968,CAL,,19680410,19680929
lemob101,1970,KCA,,19700407,19700608
lemob101,1976,NYA,Pitching,19760408,19761021
lemoj101,1965,MIN,,19650412,19651014
lemoj101,1966,MIN,,19660412,19661002
lemoj101,1967,MIN,,19670411,19671001
lemoj101,1981,MIN,,19810409,19811004
lemoj101,1982,MIN,,19820406,19821003
lemoj101,1983,MIN,,19830405,19831002
lemoj101,1984,MIN,,19840403,19840930
lenhd101,1970,BOS,1B,19700407,19700930
lenhd101,1971,BOS,1B,19710406,19710929
lenhd101,1972,BOS,1B,19720415,19721004
lenhd101,1973,BOS,1B,19730406,19730930
leond103,1954,CHN,Pitching,19540413,19540926
leond103,1955,CHN,Pitching,19550411,19550925
leond103,1956,CHN,Pitching,19560417,19560930
leppd101,1968,PIT,Bullpen,19680410,19680929
leppd101,1969,PIT,Bullpen,19690408,19691002
leppd101,1970,PIT,1B,19700407,19701005
leppd101,1971,PIT,1B,19710406,19711017
leppd101,1972,PIT,1B,19720415,19721011
leppd101,1973,PIT,1B,19730406,19731001
leppd101,1974,PIT,,19740405,19741009
leppd101,1975,PIT,,19750410,19751007
leppd101,1976,PIT,1B,19760410,19761003
leppd101,1977,TOR,,19770407,19771002
leppd101,1978,TOR,,19780407,19781001
leppd101,1979,TOR,,19790405,19790930
leppd101,1980,HOU,,19800410,19801012
leppd101,1981,HOU,,19810409,19811004
leppd101,1982,HOU,,19820406,19821003
leppd101,1983,HOU,,19830405,19831002
leppd101,1984,HOU,,19840403,19840930
leppd101,1985,HOU,,19850409,19850528
lettj801,1986,CIN,Bench,19860407,19861005
lettj801,1987,CIN,Bench,19870406,19871004
lettj801,1988,CIN,Bench,19880404,19881002
lettj801,1989,CIN,Bench,19890403,19891001
lettj801,1996,CIN,Bench,19960402,19960929
lettj801,1997,TOR,,19970401,19970928
lettj801,1998,TOR,Bench,19980401,19980927
lettj801,1999,TOR,Bench,19990406,19991003
lettj801,2001,LAN,Bullpen,20010402,20011007
lettj801,2002,LAN,Bullpen,20020402,20020929
lettj801,2003,LAN,Bullpen,20030331,20030928
lettj801,2004,LAN,Bullpen,20040405,20041010
lettj801,2005,LAN,Bench,20050405,20051002
lettj801,2006,PIT,Bench,20060403,20061001
lettj801,2007,PIT,Bench,20070402,20070930
lettj801,2010,WAS,Bullpen,20100405,20101003
lettj801,2011,WAS,Bullpen,20110331,20110928
lettj801,2012,WAS,Bullpen,20120405,20121012
lettj801,2013,WAS,Bullpen,20130401,20130929
levad801,2013,BOS,Bullpen,20130401,20131030
levad801,2014,BOS,Bullpen,20140331,20140928
levad801,2015,BOS,Bullpen,20150406,20150816
levad801,2015,BOS,Bench,20150817,20151004
levad801,2016,BOS,Bullpen,20160405,20161010
levad801,2017,BOS,Bullpen,20170402,20171001
levad801,2018,BOS,Pitching,20180329,20181028
levad801,2019,BOS,Pitching,20190329,20190929
levyl801,1957,PIT,,19570416,19570929
levyl801,1958,PIT,,19580415,19580928
levyl801,1959,PIT,,19590409,19590927
levyl801,1960,PIT,,19600412,19601013
levyl801,1961,PIT,,19610411,19611001
levyl801,1962,PIT,,19620410,19620930
levyl801,1963,PIT,,19630408,19630929
lewid101,1932,BSN,,19320412,19320925
lewid101,1933,BSN,,19330416,19331001
lewid101,1934,BSN,,19340417,19340930
lewid101,1935,BSN,,19350416,19350929
lewij102,1973,SLN,,19730406,19730930
lewij102,1974,SLN,,19740405,19741001
lewij102,1975,SLN,,19750407,19750928
lewij102,1976,SLN,,19760409,19761003
lewij102,1984,SLN,,19840727,19840930
lewij102,1985,SLN,,19850409,19851027
lewij102,1986,SLN,,19860408,19861005
lewij102,1987,SLN,,19870407,19871025
lewij102,1988,SLN,,19880404,19881002
lewij102,1989,SLN,,19890403,19891001
leylj801,1982,CHA,3B,19820411,19821003
leylj801,1983,CHA,3B,19830404,19831002
leylj801,1984,CHA,3B,19840402,19840930
leylj801,1985,CHA,3B,19850409,19851006
leyvn801,1984,SLN,1B,19840403,19840930
leyvn801,1985,SLN,1B,19850409,19851027
leyvn801,1986,SLN,3B,19860408,19861005
leyvn801,1987,SLN,3B,19870407,19871025
leyvn801,1988,SLN,3B,19880404,19881002
leyvn801,1993,TOR,3B,19930715,19931023
leyvn801,1994,TOR,3B,19940404,19940811
leyvn801,1995,TOR,3B,19950426,19951001
leyvn801,1996,TOR,3B,19960401,19960929
leyvn801,1997,TOR,3B,19970401,19970928
leyvn801,2007,MIL,3B,20070402,20070930
leyvn801,2008,TOR,3B,20080620,20080928
leyvn801,2009,TOR,3B,20090406,20091004
leyvn801,2010,TOR,Bench,20100405,20101003
leyvn801,2011,PIT,3B,20110401,20110928
leyvn801,2012,PIT,3B,20120405,20121003
leyvn801,2013,PIT,3B,20130401,20131009
leyvn801,2014,PIT,3B,20140331,20141001
leyvn801,2015,PIT,1B,20150406,20151007
leyvn801,2016,PIT,1B,20160403,20161002
lidds801,2002,MIN,Bench,20020401,20021013
lidds801,2003,MIN,Bench,20030331,20031005
lidds801,2004,MIN,Bench,20040405,20041009
lidds801,2005,MIN,Bench,20050404,20051002
lidds801,2006,MIN,Bench,20060404,20061006
lidds801,2007,MIN,Bench,20070402,20070930
lidds801,2008,MIN,Bench,20080331,20080930
lidds801,2009,MIN,Bench,20090406,20091011
lidds801,2010,MIN,Bench,20100405,20101009
lidds801,2011,MIN,Bench,20110401,20110928
lidds801,2012,MIN,3B,20120406,20121003
lidds801,2018,DET,Bench,20180329,20181001
lidds801,2019,DET,Bench,20190329,20190929
lillb101,1967,HOU,,19670411,19671001
lillb101,1973,HOU,,19730406,19730930
lillb101,1974,HOU,,19740405,19741002
lillb101,1975,HOU,,19750407,19750928
lillb101,1976,HOU,,19760408,19761002
lillb101,1977,HOU,,19770408,19771002
lillb101,1978,HOU,,19780406,19781001
lillb101,1979,HOU,,19790406,19790930
lillb101,1980,HOU,,19800410,19801012
lillb101,1981,HOU,,19810409,19811004
lillb101,1982,HOU,,19820406,19820809
lillb101,1986,SFN,Bench,19860408,19861005
lillb101,1987,SFN,Bench,19870406,19871014
lillb101,1988,SFN,Bench,19880404,19881002
lillb101,1989,SFN,Bench,19890403,19891028
lillb101,1990,SFN,Bench,19900411,19901003
lillb101,1991,SFN,Bench,19910409,19911006
lillb101,1992,SFN,Bench,19920406,19921004
lillb101,1993,SFN,Bench,19930406,19931003
lillb101,1994,SFN,Bench,19940404,19940810
lillb101,1995,SFN,Bench,19950426,19951001
lillb101,1996,SFN,Bench,19960401,19960929
lilld001,2011,SLN,Bullpen,20110331,20110819
lilld001,2011,SLN,Pitching,20110820,20111028
lilld001,2012,SLN,Pitching,20120404,20121022
lilld001,2013,SLN,Pitching,20130401,20131030
lilld001,2014,SLN,Pitching,20140331,20141016
lilld001,2015,SLN,Pitching,20150405,20151013
lilld001,2016,SLN,Pitching,20160403,20161002
lilld001,2017,SLN,Pitching,20170402,20171001
lilld001,2018,WAS,Pitching,20180329,20181001
lilld001,2019,WAS,Pitching,20190329,20190502
linaj801,1994,HOU,,19940404,19940811
linaj801,1995,HOU,,19950426,19951001
linaj801,1996,HOU,,19960401,19960929
linar801,2019,TBA,3B,20190329,20190929
linar801,2020,TBA,3B,20200723,20200927
linar801,2021,TBA,3B,20210401,20211003
linar801,2022,TBA,3B,20220408,20221008
linar801,2023,TBA,Bench,20230330,20231004
linar801,2024,TBA,Bench,20240328,20240929
lindd801,2020,SFN,Hitting,20200723,20200927
lindd801,2021,SFN,Hitting,20210401,20211003
lindd801,2022,SFN,Hitting,20220408,20221005
lindd801,2023,SFN,Hitting,20230330,20231001
lindd801,2024,PHI,Hitting,20240329,20241009
lindj103,1997,PIT,,19970401,19970928
lindj103,1998,PIT,,19980401,19980927
lindj103,1999,PIT,,19990405,19991003
lindj103,2000,PIT,,20000404,20000606
lipoj101,1968,CLE,,19680410,19680927
lipoj101,1969,CLE,,19690408,19691001
lipoj101,1970,CLE,,19700407,19701001
lipoj101,1971,CLE,,19710406,19710729
listp001,2009,WAS,3B,20090406,20091004
listp001,2010,WAS,3B,20100405,20101003
listp001,2011,CHN,Bench,20110401,20110928
listp001,2012,CHN,3B,20120405,20121003
listp001,2014,HOU,3B,20140401,20140928
littb001,1997,CHA,1B,19970817,19970928
littb001,1998,CHA,,19980331,19980927
littb001,1999,CHA,,19990405,19991003
littb001,2000,CHA,,20000403,20001006
littg801,1996,SDN,,19960401,19961005
littg801,1997,BOS,Bench,19970402,19970928
littg801,1998,BOS,Bench,19980401,19981003
littg801,1999,BOS,Bench,19990405,19991018
littg801,2000,CLE,,20000403,20001001
littg801,2001,CLE,,20010402,20011007
litwd101,1951,CIN,,19510416,19510930
livej801,2014,PIT,Hitting,20140331,20141001
livej801,2015,PIT,Hitting,20150406,20151007
livej801,2016,PIT,Hitting,20160403,20161002
livej801,2017,PIT,Hitting,20170402,20171001
livej801,2018,PIT,Hitting,20180329,20181001
livej801,2019,MIA,Hitting,20190329,20190929
livip101,1919,PHA,,19190602,19190929
llenw101,1988,TOR,,19880404,19881002
lobeb801,1952,CLE,,19520415,19520928
lobeb801,1953,CLE,,19530414,19530927
lobeb801,1954,CLE,,19540413,19541002
lobeb801,1955,CLE,,19550412,19550925
lobeb801,1956,CLE,,19560417,19560930
lobeh101,1928,NY1,,19280411,19280930
lobeh101,1934,PHI,,19340417,19340930
lobeh101,1935,PHI,,19350416,19350929
lobeh101,1936,PHI,,19360414,19360927
lobeh101,1937,PHI,,19370419,19371003
lobeh101,1938,PHI,,19380419,19381001
lobeh101,1939,PHI,,19390419,19391001
lobeh101,1940,PHI,,19400416,19400929
lobeh101,1941,PHI,,19410415,19410928
lobeh101,1943,CIN,,19430421,19431003
lobeh101,1944,CIN,,19440418,19441001
lockw101,1960,CIN,,19600412,19601002
lockw101,1961,SFN,Hitting,19610411,19611001
lockw101,1962,SFN,3B,19620410,19621016
lockw101,1963,SFN,3B,19630409,19630929
lockw101,1964,SFN,3B,19640414,19641004
lockw101,1966,CHN,3B,19660412,19661002
lodid101,1961,KC1,,19610411,19611001
lodid101,1962,KC1,,19620410,19620930
lolls101,1964,BAL,Bullpen,19640414,19641003
lolls101,1965,BAL,Bullpen,19650413,19651003
lolls101,1966,BAL,Bullpen,19660412,19661009
lolls101,1967,BAL,Bullpen,19670411,19671001
lolls101,1968,OAK,,19680410,19680929
lombg001,2016,LAN,1B,20160404,20161022
lombg001,2017,LAN,1B,20170402,20171001
lombg001,2018,LAN,1B,20180329,20181001
lombg001,2019,LAN,1B,20190329,20190929
lombg001,2020,LAN,1B,20200723,20200927
lombg001,2021,DET,Bench,20210401,20211003
lombg001,2022,DET,Bench,20220408,20221005
lombg001,2023,DET,Bench,20230330,20231001
lombg001,2024,DET,Bench,20240328,20241012
longd101,1963,NYA,,19630802,19631006
longd801,2008,PIT,Hitting,20080331,20080928
longd801,2009,PIT,Hitting,20090406,20091004
longd801,2010,PIT,Hitting,20100405,20101003
longd801,2014,CIN,Hitting,20140331,20140928
longd801,2015,CIN,Hitting,20150406,20151004
longd801,2016,CIN,Hitting,20160404,20161002
longd801,2017,CIN,Hitting,20170402,20171001
longd801,2018,CIN,Hitting,20180329,20181001
longd801,2019,BAL,Hitting,20190329,20190929
longd801,2020,BAL,Hitting,20200723,20200927
longd801,2021,BAL,Hitting,20210401,20211003
longk801,2007,NYA,Hitting,20070402,20071008
longk801,2008,NYA,Hitting,20080401,20080928
longk801,2009,NYA,Hitting,20090406,20091004
longk801,2010,NYA,Hitting,20100404,20101022
longk801,2011,NYA,Hitting,20110331,20111006
longk801,2012,NYA,Hitting,20120406,20121018
longk801,2013,NYA,Hitting,20130401,20130929
longk801,2014,NYA,Hitting,20140401,20140928
longk801,2015,NYN,Hitting,20150406,20151101
longk801,2016,NYN,Hitting,20160403,20161005
longk801,2017,NYN,Hitting,20170402,20171001
longk801,2018,WAS,Hitting,20180329,20181001
longk801,2019,WAS,Hitting,20190329,20190929
longk801,2020,WAS,Hitting,20200723,20200927
longk801,2021,WAS,Hitting,20210405,20211003
longk801,2022,PHI,Hitting,20220408,20221105
longk801,2023,PHI,Hitting,20230330,20231024
longk801,2024,PHI,Hitting,20240329,20241009
lonnj101,1971,CHA,,19710407,19710930
lonnj101,1972,CHA,,19720415,19721004
lonnj101,1973,CHA,,19730407,19730930
lonnj101,1974,CHA,,19740405,19741002
lonnj101,1975,CHA,,19750408,19750928
lonnj101,1976,OAK,1B,19760409,19761003
lonnj101,1977,PIT,,19770407,19771002
lonnj101,1978,PIT,,19780407,19781001
lonnj101,1979,PIT,,19790406,19791017
lonnj101,1980,PIT,,19800410,19801005
lonnj101,1981,PIT,,19810409,19811004
lonnj101,1982,PIT,,19820410,19821003
lonnj101,1983,PIT,,19830405,19831002
lonnj101,1984,PIT,,19840403,19840930
lopae101,1960,NYA,,19600419,19601013
lopae101,1961,MIN,,19610411,19611001
lopae101,1962,KC1,Pitching,19620410,19620930
lopae101,1965,KC1,Pitching,19650606,19651003
loped001,1988,TEX,1B,19880404,19881002
loped001,1989,TEX,,19890404,19891001
loped001,1990,TEX,,19900409,19901003
loped001,1991,TEX,,19910408,19911006
loped001,1992,BAL,1B,19920406,19921004
loped001,1993,BAL,1B,19930405,19931003
loped001,1994,BAL,1B,19940404,19940810
loped001,1995,SDN,1B,19950426,19951001
loped001,1996,SDN,1B,19960401,19961005
loped001,1997,SDN,1B,19970401,19970928
loped001,1998,SDN,1B,19980331,19980927
loped001,1999,SDN,1B,19990404,19991003
loped001,2003,SDN,1B,20030331,20030928
loped001,2004,SDN,1B,20040405,20041003
loped001,2005,SDN,1B,20050404,20051008
loped001,2006,WAS,1B,20060403,20061001
loped001,2007,PHI,1B,20070402,20071006
loped001,2008,PHI,1B,20080331,20080928
loped001,2009,PHI,1B,20090405,20091104
loped001,2010,PHI,1B,20100405,20101023
loped001,2011,LAN,1B,20110331,20110928
loped001,2012,LAN,1B,20120405,20121003
loped001,2013,LAN,1B,20130401,20130929
loped001,2014,LAN,1B,20140323,20141007
loped001,2015,LAN,1B,20150406,20151015
loped001,2016,WAS,1B,20160404,20161013
loped001,2017,WAS,1B,20170402,20171001
lopej801,1996,SFN,Bullpen,19960401,19960929
lopej801,1997,SFN,Bullpen,19970401,19971003
lopej801,1998,SFN,Bullpen,19980331,19980928
lopej801,1999,SFN,Bullpen,19990405,19991003
lopej801,2000,SFN,Bullpen,20000403,20001008
lopej801,2001,SFN,Bullpen,20010402,20011007
lopej801,2002,SFN,Bullpen,20020402,20021027
lopej801,2003,CHN,Bullpen,20030331,20031015
lopej801,2004,CHN,Bullpen,20040405,20041003
lopej801,2005,CHN,Bullpen,20050404,20051002
lopej801,2006,CHN,Bullpen,20060403,20061001
lopej801,2008,CIN,Bullpen,20080331,20080928
lopej801,2009,CIN,Bullpen,20090406,20091004
lopej801,2010,CIN,Bullpen,20100405,20101010
lopej801,2011,CIN,Bullpen,20110331,20110928
lopej801,2012,CIN,Bullpen,20120405,20121003
lopej801,2013,CIN,Bullpen,20130401,20131001
lopem001,2023,PIT,,20230330,20231001
lopem001,2024,PIT,,20240328,20240929
lopeo801,2020,HOU,1B,20200723,20200927
lopeo801,2021,HOU,1B,20210401,20211003
lopeo801,2022,HOU,1B,20220407,20221105
lopeo801,2023,HOU,1B,20230330,20231023
lopeo801,2024,HOU,Bench,20240328,20241002
lorem001,2019,CHN,Bench,20190329,20190929
lovut001,2011,TOR,1B,20110401,20110928
lovut001,2012,TOR,1B,20120405,20121003
lovut001,2013,BOS,Bench,20130401,20131030
lovut001,2014,BOS,Bench,20140331,20140928
lovut001,2015,BOS,Bench,20150406,20150813
lovut001,2016,BOS,Bench,20160405,20161010
loweq801,1972,CHN,Bullpen,19720415,19721004
lowrp101,1960,PHI,,19600530,19601002
lowrp101,1961,PHI,,19610411,19611001
lowrp101,1962,PHI,,19620409,19620930
lowrp101,1963,PHI,,19630409,19630929
lowrp101,1964,PHI,,19640414,19641004
lowrp101,1965,PHI,,19650412,19651003
lowrp101,1966,PHI,,19660413,19661002
lowrp101,1967,SFN,3B,19670411,19671001
lowrp101,1968,SFN,3B,19680410,19680929
lowrp101,1969,MON,Hitting,19690408,19691002
lowrp101,1970,CHN,3B,19700407,19701001
lowrp101,1971,CHN,3B,19710406,19710930
lowrp101,1972,CAL,,19720415,19721004
lowrp101,1977,CHN,3B,19770407,19771002
lowrp101,1978,CHN,3B,19780407,19781001
lowrp101,1979,CHN,3B,19790405,19790923
lowrp101,1981,CHN,,19810409,19811004
luccf801,1973,TEX,,19730917,19730930
luccf801,1974,TEX,,19740404,19741002
luccf801,1975,TEX,,19750408,19750720
luccf801,1979,TEX,,19790407,19790930
luccf801,1980,TEX,,19800410,19801005
lum-m101,1985,CHA,,19850409,19851006
lum-m101,1988,KCA,Hitting,19880404,19881002
lum-m101,1989,KCA,Hitting,19890403,19891001
lumpj101,1971,OAK,1B,19710405,19711005
lundd001,2020,PHI,Pitching,20200723,20200927
lundd001,2021,PHI,Bullpen,20210401,20211003
lundd001,2022,PHI,Bullpen,20220408,20221105
lundd001,2023,PHI,Bullpen,20230330,20231024
lundd102,1957,DET,1B,19570416,19570929
lundd102,1958,DET,,19580415,19580928
lundr801,2023,DET,Pitching,20230330,20231001
lundr801,2024,DET,Pitching,20240328,20241012
luqud101,1936,NY1,,19360414,19361006
luqud101,1937,NY1,,19370420,19371010
luqud101,1941,NY1,,19410415,19410928
luqud101,1942,NY1,,19420414,19420926
luqud101,1943,NY1,,19430422,19431003
luqud101,1944,NY1,,19440418,19441001
luqud101,1945,NY1,,19450417,19450930
lutzj101,1972,CLE,,19720415,19721003
lutzj101,1973,CLE,,19730407,19730929
luzig001,1993,OAK,Hitting,19930405,19931003
luzig001,1995,KCA,Hitting,19950426,19951001
luzig001,1996,KCA,Hitting,19960402,19960929
luzig001,1997,KCA,Hitting,19970402,19970706
lyone101,1976,MIN,,19760409,19761003
lyont102,1949,DET,,19490419,19491002
lyont102,1950,DET,,19500418,19501001
lyont102,1951,DET,,19510417,19510930
lyont102,1952,DET,,19520415,19520928
lyont102,1953,DET,,19530414,19530927
lyont102,1954,BRO,,19540413,19540926
mabrj001,2012,SLN,Hitting,20120404,20121022
mabrj001,2013,SLN,Hitting,20130401,20131030
mabrj001,2014,SLN,Hitting,20140331,20141016
mabrj001,2015,SLN,Hitting,20150405,20151013
mabrj001,2016,SLN,Hitting,20160403,20161002
mabrj001,2017,SLN,Hitting,20170402,20171001
mabrj001,2018,SLN,Hitting,20180329,20180714
mabrj001,2021,KCA,,20210401,20211003
mabrj001,2022,KCA,,20220407,20221005
mabrj001,2023,MIA,Hitting,20230330,20231004
mabrj001,2024,MIA,Hitting,20240328,20240929
machk101,1986,MON,,19860408,19861005
machk101,1987,MON,Bullpen,19870406,19871004
machk101,1988,MON,Bullpen,19880404,19881002
machk101,1989,MON,Bullpen,19890404,19891001
machk101,1990,MON,Bullpen,19900409,19901003
machk101,1991,MON,Bullpen,19910408,19911006
machk101,1992,CAL,Bullpen,19920407,19921004
machk101,1993,CAL,3B,19930406,19931003
machk101,1994,CAL,3B,19940405,19940810
machk101,1999,OAK,Bench,19990405,19991003
machk101,2000,OAK,Bench,20000403,20001008
machk101,2001,OAK,Bench,20010402,20011015
machk101,2002,OAK,Bench,20020401,20021006
macid801,2022,SDN,1B,20220407,20221023
macid801,2023,SDN,1B,20230330,20231001
macid801,2024,SDN,1B,20240320,20241011
macke101,1924,PHA,,19240415,19240927
macke101,1925,PHA,,19250414,19251003
macke101,1926,PHA,,19260413,19260927
macke101,1927,PHA,,19270412,19271002
macke101,1928,PHA,,19280411,19280930
macke101,1929,PHA,,19290417,19291014
macke101,1930,PHA,,19300415,19301008
macke101,1931,PHA,,19310414,19311010
macke101,1932,PHA,,19320412,19320925
macke101,1933,PHA,,19330412,19331001
macke101,1934,PHA,,19340417,19340930
macke101,1935,PHA,,19350417,19350929
macke101,1936,PHA,,19360414,19360927
macke101,1937,PHA,,19370419,19370903
macke101,1938,PHA,,19380418,19381002
macke101,1939,PHA,,19390420,19390628
macke101,1940,PHA,,19400416,19400929
macke101,1941,PHA,,19410415,19410928
macke101,1943,PHA,,19430420,19431003
macke101,1944,PHA,,19440418,19441001
macke101,1945,PHA,,19450417,19450927
macke101,1946,PHA,,19460416,19460929
macke101,1947,PHA,,19470415,19470928
macke101,1948,PHA,,19480419,19481003
macke101,1949,PHA,,19490418,19491002
macke101,1950,PHA,,19500418,19501001
mackg101,1980,KCA,,19800410,19801021
mackg101,1981,KCA,,19810410,19811005
mackg101,1982,CHN,3B,19820405,19821003
mackg101,1986,SFN,3B,19860408,19861005
mackg101,1987,SFN,,19870406,19871014
mackg101,1988,SFN,,19880404,19881002
mackg101,1991,CLE,1B,19910711,19911006
mackp101,1997,MON,3B,19970401,19970928
mackp101,1998,MON,3B,19980401,19980927
mackp101,1999,MON,3B,19990405,19991003
mackp101,2000,MON,3B,20000403,20001001
mackp101,2003,PIT,Bench,20030331,20030928
mackp101,2004,PIT,Bench,20040405,20041003
mackp101,2005,PIT,Bench,20050404,20050905
mackp101,2009,PHI,Bench,20090405,20091104
mackp101,2010,PHI,Bench,20100405,20101023
mackp101,2011,PHI,Bench,20110401,20111007
mackp101,2012,PHI,Bench,20120405,20121003
mackp101,2014,PHI,3B,20140331,20140928
mackp101,2015,PHI,3B,20150406,20150625
maddj801,1994,CAL,Bullpen,19940517,19940810
maddj801,1995,CAL,1B,19950426,19951002
maddj801,1996,CAL,Bench,19960402,19960929
maddj801,1997,ANA,Bench,19970402,19970928
maddj801,1998,ANA,Bench,19980401,19980927
maddj801,1999,ANA,Bench,19990406,19990902
maddj801,2000,ANA,Bench,20000403,20001001
maddj801,2001,ANA,Bench,20010403,20011007
maddj801,2002,ANA,Bench,20020331,20020929
maddj801,2003,ANA,Bench,20030330,20030928
maddj801,2004,ANA,Bench,20040406,20041008
maddj801,2005,ANA,Bench,20050405,20051016
maddm002,2003,MIL,Pitching,20030331,20030928
maddm002,2004,MIL,Pitching,20040405,20041003
maddm002,2005,MIL,Pitching,20050404,20051002
maddm002,2006,MIL,Pitching,20060403,20061001
maddm002,2007,MIL,Pitching,20070402,20070930
maddm002,2008,MIL,Pitching,20080331,20081005
maddm002,2009,TEX,Pitching,20090406,20091004
maddm002,2010,TEX,Pitching,20100405,20101101
maddm002,2011,TEX,Pitching,20110401,20111028
maddm002,2012,TEX,Pitching,20120406,20121003
maddm002,2013,TEX,Pitching,20130331,20130930
maddm002,2014,TEX,Pitching,20140331,20140928
maddm002,2015,TEX,Pitching,20150406,20151014
maddm002,2016,WAS,Pitching,20160404,20161013
maddm002,2017,WAS,Pitching,20170402,20171001
maddm002,2018,SLN,Pitching,20180329,20181001
maddm002,2019,SLN,Pitching,20190329,20190929
maddm002,2020,SLN,Pitching,20200723,20200927
maddm002,2021,SLN,Pitching,20210401,20211003
maddm002,2022,SLN,Pitching,20220407,20221008
maddm002,2023,TEX,Pitching,20230330,20231101
maddm002,2024,TEX,Pitching,20240328,20240929
madlb001,2000,DET,Hitting,20000403,20001001
madlb001,2001,DET,Hitting,20010403,20011007
magab801,2021,ATL,Hitting,20210401,20211003
magab801,2022,ATL,Hitting,20220407,20221015
magab801,2024,ATL,Hitting,20240329,20241002
magad001,2003,SDN,Hitting,20030331,20030928
magad001,2004,SDN,Hitting,20040405,20041003
magad001,2005,SDN,Hitting,20050404,20051008
magad001,2006,SDN,Hitting,20060403,20060614
magad001,2007,BOS,Hitting,20070402,20070930
magad001,2008,BOS,Hitting,20080325,20081019
magad001,2009,BOS,Hitting,20090407,20091004
magad001,2010,BOS,Hitting,20100404,20101003
magad001,2011,BOS,Hitting,20110401,20110928
magad001,2012,BOS,Hitting,20120405,20121003
magad001,2013,TEX,Hitting,20130331,20130930
magad001,2014,TEX,Hitting,20140331,20140928
magad001,2015,TEX,Hitting,20150406,20151014
magad001,2016,ARI,Hitting,20160404,20161002
magad001,2017,ARI,Hitting,20170402,20171001
magad001,2018,ARI,Hitting,20180329,20181001
magad001,2019,COL,Hitting,20190329,20190929
magad001,2020,COL,Hitting,20200723,20200927
magad001,2021,COL,Hitting,20210401,20211003
magad001,2022,COL,Hitting,20220408,20221005
magls101,1960,BOS,Pitching,19600418,19601002
magls101,1961,BOS,Pitching,19610411,19611001
magls101,1962,BOS,Pitching,19620410,19620930
magls101,1966,BOS,Pitching,19660412,19660927
magls101,1967,BOS,Pitching,19670412,19671012
magls101,1969,SE1,Pitching,19690408,19691002
mahoj101,1972,CHA,,19720415,19721004
mahoj101,1973,CHA,,19730407,19730930
mahoj101,1974,CHA,,19740405,19741002
mahoj101,1975,CHA,,19750408,19750928
mahoj101,1976,CHA,,19760409,19761003
mahoj101,1985,SEA,3B,19850409,19851006
mahoj101,1986,SEA,3B,19860408,19860507
maiem001,2018,KCA,1B,20180329,20181001
maiem001,2019,KCA,1B,20190329,20190929
majtr801,1988,ATL,,19880523,19881002
majtr801,1989,ATL,,19890404,19891001
majtr801,1990,ATL,,19900411,19901003
makip801,2021,MIN,Bullpen,20210401,20211003
makip801,2022,MIN,Bullpen,20220408,20220630
makip801,2022,MIN,Pitching,20220701,20221005
makip801,2023,MIN,Pitching,20230330,20231011
makip801,2024,MIN,Pitching,20240328,20240929
malao801,2010,TOR,1B,20100405,20101003
mallj801,2010,FLO,Hitting,20100623,20101003
mallj801,2011,FLO,Hitting,20110401,20110608
mallj801,2013,HOU,Hitting,20130402,20130929
mallj801,2014,HOU,Hitting,20140401,20140928
mallj801,2015,CHN,Hitting,20150405,20151021
mallj801,2016,CHN,Hitting,20160404,20161102
mallj801,2017,CHN,Hitting,20170402,20171001
mallj801,2018,PHI,Hitting,20180329,20181001
mallj801,2019,PHI,Hitting,20190329,20190812
mallj801,2020,ANA,Hitting,20200723,20200927
mallj801,2021,ANA,Hitting,20210401,20211003
mallj801,2022,ANA,Hitting,20220407,20221005
mallj801,2024,CHN,Hitting,20240328,20240929
malmh101,1963,BOS,1B,19630409,19630928
malmh101,1964,BOS,1B,19640416,19641004
maloc801,2012,SLN,1B,20120404,20121022
maloc801,2013,SLN,1B,20130401,20131030
maloc801,2014,SLN,1B,20140331,20141016
maloc801,2015,SLN,1B,20150405,20151013
maloc801,2016,SLN,3B,20160403,20161002
maloc801,2017,SLN,3B,20170402,20170608
maloj801,1990,SDN,,19900712,19901003
maloj801,1999,FLO,Hitting,19990405,19991003
maloj801,2000,FLO,Hitting,20000403,20001001
maloj801,2001,FLO,Hitting,20010402,20011007
maloj801,2013,KCA,Hitting,20130401,20130529
maltg101,1962,MIN,,19620410,19620930
maltg101,1963,MIN,,19630409,19630928
maltg101,1964,MIN,,19640414,19641004
mancg101,1950,CIN,,19500418,19501001
mansd801,1992,CHA,,19920407,19921004
mansd801,1993,CHA,,19930406,19931012
mansd801,1994,CHA,,19940404,19940810
mansd801,1995,CHA,,19950426,19951001
mansd801,1996,CHA,,19960331,19960929
mansd801,1998,MIL,1B,19980331,19980809
mansd801,1998,MIL,3B,19980810,19980927
mansd801,1999,MIL,3B,19990405,19991003
mansd801,2000,DET,3B,20000403,20001001
mansd801,2001,DET,Bench,20010403,20011007
mansd801,2002,DET,3B,20020402,20020408
mansd801,2005,HOU,3B,20050405,20051026
mansd801,2006,HOU,3B,20060403,20061001
mansd801,2007,HOU,3B,20070402,20070930
manst801,2020,CLE,3B,20200723,20200927
manst801,2021,BAL,3B,20210401,20211003
manst801,2022,BAL,3B,20220408,20221005
manst801,2023,BAL,3B,20230330,20231010
manst801,2024,BAL,3B,20240328,20241002
mantj001,2006,PIT,Hitting,20060403,20061001
mantj001,2007,PIT,Hitting,20070402,20070930
mantj001,2012,CHA,Hitting,20120406,20121003
mantj001,2013,CHA,Hitting,20130401,20130929
mantm101,1970,NYA,,19700830,19700930
manuc101,1988,CLE,,19880404,19881002
manuc101,1989,CLE,,19890403,19891001
manuc101,1994,CLE,,19940404,19940810
manuc101,1995,CLE,,19950427,19951028
manuc101,1996,CLE,,19960402,19961005
manuc101,1997,CLE,,19970402,19971026
manuc101,1998,CLE,,19980331,19981013
manuc101,1999,CLE,,19990406,19991011
manuc101,2019,PHI,Hitting,20190813,20190929
manuh101,1954,WS1,,19540413,19540926
manuj101,1991,MON,3B,19910604,19911006
manuj101,1992,MON,3B,19920406,19921004
manuj101,1993,MON,3B,19930405,19931003
manuj101,1994,MON,3B,19940404,19940811
manuj101,1995,MON,3B,19950426,19951001
manuj101,1996,MON,3B,19960402,19960929
manuj101,1997,FLO,Bench,19970401,19971026
manuj101,2005,NYN,1B,20050404,20051002
manuj101,2006,NYN,Bench,20060403,20061001
manuj101,2007,NYN,Bench,20070401,20070930
manuj101,2008,NYN,Bench,20080331,20080616
marim101,1950,SLN,,19500418,19501001
marim101,1954,CHA,,19540413,19540913
mario801,2019,TEX,Bullpen,20190329,20190929
mario801,2020,PIT,Pitching,20200723,20200927
mario801,2021,PIT,Pitching,20210401,20211003
mario801,2022,PIT,Pitching,20220407,20221005
mario801,2023,PIT,Pitching,20230330,20231001
mario801,2024,PIT,Pitching,20240328,20240929
marmo801,2017,SLN,1B,20170402,20171001
marmo801,2018,SLN,1B,20180329,20181001
marmo801,2019,SLN,Bench,20190329,20190929
marmo801,2020,SLN,Bench,20200723,20200927
marmo801,2021,SLN,Bench,20210401,20211003
marrc801,2021,PIT,Hitting,20210401,20211003
marrc801,2022,PIT,Hitting,20220407,20221005
marrc801,2023,PIT,Hitting,20230330,20231001
marrc801,2024,PIT,Hitting,20240328,20240929
marsj101,1974,CHN,3B,19740409,19740724
martb105,1965,MIN,,19650412,19651014
martb105,1966,MIN,,19660412,19661002
martb105,1967,MIN,,19670411,19671001
martb105,1968,MIN,,19680410,19680526
martd001,2013,HOU,Bullpen,20130402,20130929
martd002,2007,TBA,1B,20070402,20070930
martd002,2008,TBA,Bench,20080331,20081027
martd002,2009,TBA,Bench,20090407,20091004
martd002,2010,TBA,Bench,20100406,20101012
martd002,2011,TBA,Bench,20110401,20111004
martd002,2012,TBA,Bench,20120406,20121003
martd002,2013,TBA,Bench,20130402,20131008
martd002,2014,TBA,Bench,20140331,20140928
martd002,2015,CHN,Bench,20150405,20151021
martd002,2016,CHN,Bench,20160404,20161102
martd002,2017,CHN,Bench,20170402,20171001
marte001,2015,SEA,Hitting,20150620,20151004
marte001,2016,SEA,Hitting,20160404,20161002
marte001,2017,SEA,Hitting,20170402,20171001
marte001,2018,SEA,Hitting,20180329,20181001
marte001,2024,SEA,Hitting,20240823,20240929
marte801,2020,OAK,Hitting,20200723,20200927
marte801,2021,OAK,Hitting,20210401,20211003
marte801,2022,OAK,1B,20220408,20221005
marte801,2023,OAK,3B,20230330,20231001
marte801,2024,OAK,3B,20240328,20240929
martf101,1961,CHN,Pitching,19610802,19611001
martf101,1962,CHN,Pitching,19620410,19620821
martf101,1963,CHN,Pitching,19630409,19630929
martf101,1964,CHN,Pitching,19640414,19641004
martf101,1979,CHA,,19790406,19790930
martg801,2019,TOR,Hitting,20190329,20190929
martg801,2020,TOR,Hitting,20200723,20200927
martg801,2021,TOR,Hitting,20210401,20211003
martg801,2022,TOR,Hitting,20220408,20221008
martg801,2023,TOR,Hitting,20230330,20231004
martg801,2024,TOR,Hitting,20240328,20240929
martj103,1980,KCA,,19800410,19801021
martj103,1981,KCA,,19810410,19811005
martj103,1982,KCA,,19820405,19821003
martj103,1983,KCA,,19830404,19831002
martj103,1984,KCA,,19840403,19841005
martj103,1985,KCA,,19850408,19851027
martj103,1986,KCA,,19860408,19861005
martj103,1987,KCA,,19870406,19871004
martj103,1988,CHN,1B,19880405,19881002
martj103,1989,CHN,1B,19890404,19891009
martj103,1990,CHN,1B,19900410,19901003
martj103,1991,CHN,1B,19910409,19911006
martj103,1992,CHN,1B,19920407,19921004
martj103,1993,CHN,1B,19930405,19931003
martj103,1994,CHN,1B,19940404,19940810
martj107,1974,CHN,Bullpen,19740409,19741002
martj801,2021,SFN,Pitching,20210401,20211003
martj801,2022,SFN,Pitching,20220408,20221005
martj801,2023,SFN,Pitching,20230330,20231001
martj801,2024,SFN,Pitching,20240328,20240929
martm102,1984,SEA,3B,19840901,19840930
martm102,1985,SEA,1B,19850409,19851006
martm102,1986,SEA,1B,19860408,19860507
martm102,1986,SEA,1B,19860509,19861005
martm102,1992,SEA,3B,19920406,19921004
martp103,1956,CHN,,19560417,19560930
martt002,2013,MIA,Hitting,20130401,20130728
mashd001,2022,ANA,,20220407,20220606
mashd001,2022,ANA,1B,20220607,20221005
mashd001,2023,ANA,1B,20230330,20231001
mashj801,2016,TEX,Hitting,20160404,20161009
mashj801,2017,TEX,Hitting,20170402,20171001
mashj801,2018,TEX,Hitting,20180329,20181001
masom001,2004,KCA,Pitching,20040630,20041003
masom801,2000,SLN,Bullpen,20000403,20001016
masom801,2001,SLN,Bullpen,20010402,20011014
masom801,2002,SLN,Bullpen,20020401,20021014
masom801,2003,SLN,Bullpen,20030331,20030928
masom801,2004,SLN,Bullpen,20040405,20041027
masom801,2005,SLN,Bullpen,20050405,20051019
masom801,2006,SLN,Bullpen,20060403,20061001
masom801,2007,SLN,Bullpen,20070401,20070930
masom801,2008,SLN,Bullpen,20080401,20080928
masom801,2009,SLN,Bullpen,20090406,20091010
masom801,2010,SLN,Bullpen,20100405,20101003
mathc102,1919,NY1,,19190423,19190928
mathc102,1920,NY1,,19200414,19201003
mathd001,2020,TEX,Pitching,20200723,20200927
mathd001,2021,TEX,Pitching,20210401,20211003
mathd001,2022,TEX,Pitching,20220408,20221005
mathe101,1971,ATL,,19710405,19710930
mathe101,1972,ATL,,19720415,19720806
mathh801,1926,CLE,,19260413,19260927
mathh801,1927,CLE,,19270412,19271002
mathh801,1929,NYA,,19290418,19291006
mathj002,2020,CIN,Hitting,20200723,20200927
mathj002,2021,CIN,Hitting,20210401,20211003
mathj002,2022,ARI,Hitting,20220407,20221005
mathj002,2023,ARI,Hitting,20230330,20231101
mathj002,2024,ARI,Hitting,20240328,20240929
mathr801,1993,COL,Bullpen,19930405,19930901
mathr801,1995,COL,Bullpen,19950426,19951007
mathr801,2003,COL,Bullpen,20030401,20030928
mathr801,2004,COL,Bullpen,20040406,20041003
mathr801,2005,COL,Bullpen,20050404,20051002
mathr801,2006,COL,Bullpen,20060403,20061001
mathr801,2007,COL,Bullpen,20070402,20071028
mathr801,2008,COL,Bullpen,20080401,20080928
matlj101,1996,DET,Pitching,19960401,19960912
mattd001,2004,NYA,Hitting,20040330,20041003
mattd001,2005,NYA,Hitting,20050403,20051010
mattd001,2006,NYA,Hitting,20060403,20061007
mattd001,2007,NYA,Bench,20070402,20071008
mattd001,2008,LAN,Hitting,20080718,20081015
mattd001,2009,LAN,Hitting,20090406,20091021
mattd001,2010,LAN,Hitting,20100405,20101003
mattd001,2023,TOR,Bench,20230330,20231004
mattd001,2024,TOR,Bench,20240328,20240929
mattg001,1998,TOR,,19980401,19980927
mattg001,1999,TOR,,19990406,19991003
mattg001,2002,MIL,Hitting,20020402,20020929
mattg001,2003,CHN,Hitting,20030331,20031015
mattg001,2004,CHN,Hitting,20040405,20041003
mattg001,2005,CHN,1B,20050404,20051002
mattg001,2006,CHN,1B,20060403,20061001
maucg101,1995,KCA,Bench,19950426,19951001
maxvd101,1975,OAK,,19750408,19751007
maxvd101,1978,NYN,,19780407,19781001
maxvd101,1979,SLN,,19790406,19790930
maxvd101,1980,SLN,,19800410,19801005
maxvd101,1982,ATL,,19820406,19821010
maxvd101,1983,ATL,,19830404,19831002
maxvd101,1984,ATL,,19840403,19840930
maybj101,1989,KCA,,19890403,19891001
maybj101,1990,KCA,,19900409,19901003
may-d001,2016,SLN,Hitting,20160403,20161002
may-l101,1984,KCA,,19840403,19841005
may-l101,1985,KCA,,19850408,19851027
may-l101,1986,KCA,,19860408,19861005
may-l101,1988,CIN,,19880404,19881002
may-l101,1989,CIN,,19890403,19891001
may-l101,1992,KCA,,19920406,19921004
may-l101,1993,KCA,,19930405,19931003
may-l101,1994,KCA,,19940404,19940810
may-l101,1995,BAL,Hitting,19950426,19951001
may-l101,2001,TBA,1B,20010418,20011007
may-l101,2002,TBA,1B,20020402,20020929
may-m001,1987,PIT,,19870407,19871004
may-m001,1988,PIT,,19880405,19881002
may-m001,1989,PIT,,19890404,19891001
may-m001,1990,PIT,,19900409,19901012
may-m001,1991,PIT,,19910408,19911017
may-m001,1992,PIT,,19920406,19921014
may-m001,1993,PIT,Hitting,19930406,19931003
may-m001,1994,PIT,,19940404,19940811
may-m001,1995,PIT,,19950426,19951001
may-m001,1996,PIT,,19960401,19960929
may-m001,1997,FLO,Hitting,19970401,19971026
may-m001,1998,FLO,Hitting,19980331,19980927
may-m001,1999,COL,Pitching,19990404,19991003
may-m001,2002,TBA,Hitting,20020402,20020929
mayoe101,1951,BOS,3B,19510417,19510930
mayoe101,1952,PHI,,19520628,19520928
mayoe101,1953,PHI,,19530414,19530927
mayoe101,1954,PHI,,19540413,19540926
maysw101,1974,NYN,,19740406,19741002
maysw101,1975,NYN,,19750408,19750928
maysw101,1976,NYN,,19760409,19761003
maysw101,1977,NYN,,19770407,19771002
maysw101,1978,NYN,,19780407,19781001
maysw101,1979,NYN,,19790405,19790930
mazeb101,1973,PIT,,19730406,19731001
mazeb101,1979,SEA,3B,19790404,19790930
mazeb101,1980,SEA,3B,19800409,19801005
mazzl001,2000,NYA,1B,20000403,20001026
mazzl001,2001,NYA,1B,20010402,20011104
mazzl001,2002,NYA,1B,20020401,20021005
mazzl001,2003,NYA,1B,20030331,20030928
mazzl001,2006,NYA,Bench,20060403,20061007
mazzl801,1985,ATL,Pitching,19850409,19851006
mazzl801,1990,ATL,Pitching,19900622,19901003
mazzl801,1991,ATL,Pitching,19910410,19911027
mazzl801,1992,ATL,Pitching,19920407,19921024
mazzl801,1993,ATL,Pitching,19930405,19931013
mazzl801,1994,ATL,Pitching,19940404,19940811
mazzl801,1995,ATL,Pitching,19950426,19951028
mazzl801,1996,ATL,Pitching,19960401,19961026
mazzl801,1997,ATL,Pitching,19970401,19971014
mazzl801,1998,ATL,Pitching,19980331,19981014
mazzl801,1999,ATL,Pitching,19990405,19991027
mazzl801,2000,ATL,Pitching,20000403,20001007
mazzl801,2001,ATL,Pitching,20010402,20011021
mazzl801,2002,ATL,Pitching,20020401,20021007
mazzl801,2003,ATL,Pitching,20030331,20031005
mazzl801,2004,ATL,Pitching,20040406,20041011
mazzl801,2005,ATL,Pitching,20050405,20051009
mazzl801,2006,BAL,Pitching,20060403,20061001
mazzl801,2007,BAL,Pitching,20070402,20070930
mcbrg101,1925,DET,,19250414,19251004
mcbrg101,1926,DET,,19260413,19260926
mcbrg101,1929,DET,,19290416,19291006
mcbrk101,1975,MIL,Pitching,19750408,19750928
mccaj801,1919,CLE,,19190425,19190928
mccaj801,1920,CLE,,19200414,19201012
mccaj801,1921,CLE,,19210413,19211002
mccaj801,1922,CLE,,19220412,19221001
mccaj801,1923,CLE,,19230418,19231007
mccaj801,1924,CLE,,19240415,19240927
mccaj801,1925,CLE,,19250414,19251004
mccaj801,1926,CLE,,19260413,19260927
mccaj801,1930,BOS,,19300414,19300928
mccal101,2006,BAL,Bullpen,20060607,20061001
mccam801,2023,OAK,Bullpen,20230330,20231001
mccas001,2002,DET,Pitching,20020409,20020929
mccas001,2009,WAS,Pitching,20090602,20091004
mccas001,2010,WAS,Pitching,20100405,20101003
mccas001,2011,WAS,Pitching,20110331,20110928
mccas001,2012,WAS,Pitching,20120405,20121012
mccas001,2013,WAS,Pitching,20130401,20130929
mccas001,2014,WAS,Pitching,20140331,20141007
mccas001,2015,WAS,Pitching,20150406,20151004
mcclb001,1994,FLO,Bullpen,19940405,19940518
mcclb001,1994,FLO,Pitching,19940519,19940811
mcclb001,2006,KCA,Pitching,20060403,20061001
mcclb001,2007,KCA,Pitching,20070402,20070930
mcclb001,2008,KCA,Pitching,20080331,20080928
mcclb001,2009,KCA,Pitching,20090407,20091004
mcclb001,2010,KCA,Pitching,20100405,20101003
mcclb001,2011,KCA,Pitching,20110331,20110928
mcclb001,2012,BOS,Pitching,20120405,20120819
mcclb001,2014,PHI,Pitching,20140331,20140928
mcclb001,2015,PHI,Pitching,20150406,20151004
mcclb001,2016,PHI,Pitching,20160404,20161002
mcclb001,2017,PHI,Pitching,20170402,20171001
mcclb001,2020,MIN,Bullpen,20200723,20200927
mccll001,1997,PIT,,19970401,19970928
mccll001,1998,PIT,,19980401,19980927
mccll001,1999,PIT,,19990405,19991003
mccll001,2000,PIT,,20000404,20001001
mccll001,2006,DET,Bullpen,20060403,20061027
mccll001,2007,DET,Hitting,20070402,20070930
mccll001,2008,DET,Hitting,20080331,20080929
mccll001,2009,DET,Hitting,20090406,20091006
mccll001,2010,DET,Hitting,20100405,20101003
mccll001,2011,DET,Hitting,20110331,20111015
mccll001,2012,DET,Hitting,20120405,20121028
mccll001,2013,DET,Hitting,20130401,20131019
mccll001,2017,DET,Hitting,20170402,20171001
mccll001,2018,DET,Hitting,20180329,20181001
mccll001,2019,DET,Hitting,20190329,20190929
mccll001,2020,DET,Bench,20200723,20200927
mccof101,1956,CIN,,19560417,19560930
mccof101,1957,CIN,,19570416,19570929
mccom001,2024,SDN,Hitting,20240320,20241011
mccrt102,1975,CLE,,19750408,19750928
mccrt102,1979,CLE,,19790725,19790930
mccrt102,1980,CLE,,19800411,19801005
mccrt102,1981,CLE,,19810411,19811005
mccrt102,1982,CLE,,19820410,19821003
mccrt102,1983,SFN,Hitting,19830405,19831002
mccrt102,1984,SFN,Hitting,19840403,19840930
mccrt102,1985,SFN,Hitting,19850409,19851006
mccrt102,1989,BAL,Hitting,19890403,19891001
mccrt102,1990,BAL,Hitting,19900409,19901003
mccrt102,1991,BAL,Hitting,19910408,19911006
mccrt102,1992,NYN,Hitting,19920406,19921004
mccrt102,1993,NYN,Hitting,19930405,19931003
mccrt102,1994,NYN,Hitting,19940404,19940811
mccrt102,1995,NYN,Hitting,19950426,19951001
mccrt102,1996,NYN,Hitting,19960401,19960929
mccrt102,1997,HOU,Hitting,19970401,19971003
mccrt102,1998,HOU,Hitting,19980331,19981004
mccrt102,1999,HOU,Hitting,19990406,19990516
mccrt102,1999,HOU,Hitting,19990814,19991003
mccrt102,2000,HOU,Hitting,20000404,20000622
mccrt102,2002,MON,Hitting,20020402,20020929
mccrt102,2003,MON,Hitting,20030331,20030928
mccrt102,2004,MON,Hitting,20040406,20041003
mccrt102,2005,WAS,Hitting,20050404,20051002
mccuc101,1961,MIN,,19610411,19611001
mccuc101,1963,NYN,,19630409,19630929
mccuc101,1980,SDN,Bullpen,19800410,19801005
mccuc101,1981,SDN,Bullpen,19810409,19811004
mccuc101,1982,SDN,Bullpen,19820406,19820917
mccuc801,2021,LAN,1B,20210401,20211003
mccuc801,2022,LAN,1B,20220408,20221015
mccuc801,2023,LAN,1B,20230330,20231011
mccuc801,2024,LAN,1B,20240320,20241030
mcdem102,1968,CAL,,19680410,19680929
mcdem102,1969,CAL,,19690408,19691002
mcdom801,1948,PHI,,19480420,19481003
mcdom801,1949,PHI,,19490418,19491002
mcdom801,1950,PHI,,19500418,19501007
mcdom801,1951,PHI,,19510417,19510930
mcdom801,1952,PHI,,19520416,19520928
mcdom801,1953,PHI,,19530414,19530927
mcdom801,1954,PHI,,19540413,19540926
mcdom801,1955,PHI,,19550413,19550925
mcdom801,1956,PHI,,19560417,19560930
mcdom801,1957,PHI,,19570416,19570929
mcdor001,2006,ATL,Pitching,20060403,20061001
mcdor001,2007,ATL,Pitching,20070402,20070930
mcdor001,2008,ATL,Pitching,20080330,20080928
mcdor001,2009,ATL,Pitching,20090405,20091004
mcdor001,2010,ATL,Pitching,20100405,20101011
mcdor001,2011,ATL,Pitching,20110331,20110928
mcdor001,2012,ATL,Pitching,20120405,20121005
mcdor001,2013,ATL,Pitching,20130401,20131007
mcdor001,2014,ATL,Pitching,20140331,20140928
mcdor001,2015,ATL,Pitching,20150406,20151004
mcdor001,2016,ATL,Pitching,20160404,20161002
mcdor001,2017,BAL,Pitching,20170402,20171001
mcdor001,2018,BAL,Pitching,20180329,20181001
mcewj001,2012,CHA,3B,20120406,20121003
mcewj001,2013,CHA,3B,20130401,20130929
mcewj001,2014,CHA,3B,20140331,20140928
mcewj001,2015,CHA,3B,20150406,20151004
mcewj001,2016,CHA,3B,20160404,20161002
mcewj001,2017,CHA,Bench,20170402,20171001
mcewj001,2018,CHA,Bench,20180329,20181001
mcewj001,2019,CHA,Bench,20190329,20190929
mcewj001,2020,CHA,Bench,20200723,20200927
mcewj001,2021,CHA,3B,20210401,20211003
mcewj001,2022,CHA,3B,20220408,20221005
mcewj001,2023,SLN,Bench,20230330,20231001
mcgam801,1961,CLE,,19610411,19611001
mcgam801,1963,KC1,,19630409,19630929
mcgam801,1964,KC1,,19640414,19640611
mcgam801,1968,HOU,,19680410,19680929
mcgam801,1969,HOU,,19690408,19691002
mcgam801,1970,HOU,,19700407,19701001
mcgew001,2018,SLN,,20180329,20181001
mcgew001,2019,SLN,,20190329,20190929
mcgew001,2021,SLN,,20210401,20211003
mcgew001,2022,SLN,,20220407,20221008
mcgew001,2023,SLN,,20230330,20231001
mcgew001,2024,SLN,,20240328,20240929
mcgij101,1926,BRO,,19260413,19260926
mcguc801,2020,LAN,Pitching,20200723,20200927
mcguc801,2021,LAN,Pitching,20210401,20211003
mcguc801,2022,LAN,Pitching,20220408,20221015
mcguc801,2023,LAN,Pitching,20230330,20231011
mcguc801,2024,LAN,Pitching,20240320,20241030
mcgud101,1912,DET,,19120411,19121006
mcgud101,1913,DET,,19130410,19131005
mcgud101,1914,DET,,19140414,19141004
mcgud101,1915,DET,,19150414,19151003
mcgwm001,2010,SLN,Hitting,20100405,20101003
mcgwm001,2011,SLN,Hitting,20110331,20111028
mcgwm001,2012,SLN,Hitting,20120404,20121022
mcgwm001,2013,LAN,Hitting,20130401,20130929
mcgwm001,2014,LAN,Hitting,20140323,20141007
mcgwm001,2015,LAN,Hitting,20150406,20151015
mcgwm001,2016,SDN,Bench,20160404,20161002
mcgwm001,2017,SDN,Bench,20170402,20171001
mcgwm001,2018,SDN,Bench,20180329,20181001
mckaa801,2022,SEA,,20220408,20221015
mckad101,1984,OAK,Bullpen,19840525,19840930
mckad101,1985,OAK,Bullpen,19850409,19851006
mckad101,1986,OAK,1B,19860408,19861005
mckad101,1987,OAK,Bullpen,19870407,19871004
mckad101,1989,OAK,1B,19890403,19891028
mckad101,1990,OAK,1B,19900409,19901020
mckad101,1991,OAK,1B,19910409,19911006
mckad101,1992,OAK,1B,19920406,19921014
mckad101,1993,OAK,1B,19930405,19931003
mckad101,1994,OAK,1B,19940405,19940811
mckad101,1995,OAK,1B,19950426,19951001
mckad101,1996,SLN,1B,19960401,19961017
mckad101,1997,SLN,1B,19970401,19970928
mckad101,1998,SLN,1B,19980331,19980927
mckad101,1999,SLN,1B,19990405,19991003
mckad101,2000,SLN,1B,20000403,20001016
mckad101,2001,SLN,1B,20010402,20011014
mckad101,2002,SLN,1B,20020401,20021014
mckad101,2003,SLN,1B,20030331,20030928
mckad101,2004,SLN,1B,20040405,20041027
mckad101,2005,SLN,1B,20050405,20051019
mckad101,2006,SLN,1B,20060403,20061001
mckad101,2007,SLN,1B,20070401,20070930
mckad101,2008,SLN,1B,20080401,20080928
mckad101,2009,SLN,1B,20090406,20091010
mckad101,2010,SLN,1B,20100405,20101003
mckad101,2011,SLN,1B,20110331,20111028
mckad101,2012,CHN,1B,20120405,20121003
mckad101,2013,CHN,1B,20130401,20130929
mckad101,2014,ARI,1B,20140323,20140928
mckad101,2015,ARI,1B,20150406,20151004
mckad101,2016,ARI,1B,20160404,20161002
mckad101,2017,ARI,1B,20170402,20171001
mckad101,2018,ARI,1B,20180329,20181001
mckad101,2019,ARI,1B,20190329,20190929
mckad101,2020,ARI,1B,20200723,20200927
mckad101,2021,ARI,1B,20210401,20211003
mckad101,2022,ARI,1B,20220407,20221005
mckad101,2023,ARI,1B,20230330,20231101
mckad101,2024,ARI,1B,20240328,20240929
mckeb101,1922,PIT,,19220412,19220630
mckeb101,1927,SLN,,19270412,19271002
mckeb101,1947,CLE,,19470415,19470928
mckeb101,1948,CLE,3B,19480420,19481011
mckeb101,1949,CLE,,19490419,19491002
mckeb101,1952,BOS,Pitching,19520415,19520928
mckeb101,1953,BOS,Pitching,19530416,19530927
mckej801,1978,OAK,,19780407,19780521
mckej802,1947,PIT,Bullpen,19470415,19470928
mckej803,2022,CIN,Hitting,20220407,20221005
mckej803,2023,CIN,Hitting,20230330,20231001
mckej803,2024,CIN,Hitting,20240328,20240929
mclab101,2012,COL,Pitching,20120627,20121003
mclab101,2013,COL,Pitching,20130401,20130929
mclab101,2014,COL,Pitching,20140331,20140928
mclaj801,1986,TOR,3B,19860408,19861005
mclaj801,1987,TOR,3B,19870406,19871004
mclaj801,1988,TOR,3B,19880404,19881002
mclaj801,1989,TOR,3B,19890403,19891008
mclaj801,1990,TOR,3B,19900409,19901003
mclaj801,1991,BOS,Bullpen,19910408,19911006
mclaj801,1992,CIN,Bullpen,19920406,19921004
mclaj801,1993,SEA,Bullpen,19930406,19931003
mclaj801,1994,SEA,Bullpen,19940404,19940811
mclaj801,1995,SEA,Bench,19950427,19951002
mclaj801,1996,SEA,3B,19960331,19960929
mclaj801,1997,SEA,3B,19970401,19971005
mclaj801,1998,SEA,Bench,19980331,19980927
mclaj801,1999,SEA,Bench,19990405,19991003
mclaj801,2000,SEA,Bench,20000404,20001017
mclaj801,2001,SEA,Bench,20010402,20011022
mclaj801,2002,SEA,Bench,20020401,20020929
mclaj801,2003,TBA,Bench,20030331,20030928
mclaj801,2004,TBA,Bench,20040330,20041003
mclaj801,2005,TBA,Bench,20050404,20051002
mclaj801,2007,SEA,Bench,20070402,20070701
mclaj801,2010,WAS,Bench,20100405,20101003
mclaj801,2011,WAS,Bench,20110331,20110623
mclaj801,2016,PHI,,20160404,20161002
mclaj801,2017,PHI,Bullpen,20170402,20171001
mclic101,1965,PHI,Pitching,19650412,19651003
mclic101,1966,PHI,Pitching,19660413,19661002
mclic101,1969,MON,Pitching,19690408,19691002
mclic101,1970,MON,Pitching,19700406,19701001
mclic101,1971,MON,Pitching,19710406,19710930
mclic101,1972,MON,Pitching,19720415,19721004
mclic101,1973,MON,Pitching,19730406,19730930
mclic101,1974,MON,Pitching,19740410,19741001
mclic101,1975,MON,Pitching,19750407,19750928
mclic101,1976,MIL,Pitching,19760408,19761003
mclic101,1977,MIL,Pitching,19770407,19771002
mclic101,1978,MIL,Pitching,19780407,19781001
mclic101,1979,MIL,Pitching,19790405,19790930
mclic101,1980,MIL,Pitching,19800410,19801005
mclic101,1981,MIL,Pitching,19810411,19811004
mclic101,1982,MIL,Pitching,19820409,19821020
mcmad102,1972,SFN,Pitching,19720415,19721004
mcmad102,1973,SFN,Pitching,19730405,19730930
mcmad102,1974,SFN,Pitching,19740405,19741002
mcmad102,1975,SFN,Pitching,19750410,19750928
mcmad102,1976,MIN,Pitching,19760409,19761003
mcmad102,1977,MIN,Pitching,19770409,19771002
mcmad102,1980,SFN,Pitching,19800410,19801005
mcmad102,1981,SFN,Pitching,19810409,19811004
mcmad102,1982,SFN,Pitching,19820406,19821003
mcmad102,1983,CLE,Pitching,19830404,19831002
mcmad102,1984,CLE,Pitching,19840403,19840930
mcmad102,1985,CLE,Pitching,19850408,19850912
mcmir101,1970,MIL,1B,19700407,19701001
mcmir101,1971,MIL,1B,19710406,19710930
mcmir101,1972,MIL,1B,19720415,19720527
mcmir101,1972,MIL,1B,19720530,19721004
mcmir101,1973,NYN,,19730406,19731021
mcmir101,1974,NYN,,19740406,19741002
mcmir101,1975,NYN,,19750408,19750805
mcmir101,1976,NYN,,19760409,19761003
mcnaj801,1968,OAK,,19680410,19680929
mcnaj801,1969,OAK,,19690408,19690918
mcnaj801,1971,SFN,3B,19710406,19711006
mcnaj801,1972,SFN,3B,19720415,19721004
mcnaj801,1973,SFN,3B,19730405,19730930
mcnaj801,1978,CAL,3B,19780407,19781001
mcnee101,1931,SLA,,19310414,19310927
mcnee101,1936,WS1,,19360414,19360927
mcnee101,1937,WS1,,19370419,19371003
mcnej101,1984,NYA,,19840403,19840617
mcnej101,1988,BOS,Bullpen,19880715,19881002
mcrah001,1987,KCA,,19870406,19871004
mcrah001,1990,MON,Hitting,19900409,19901003
mcrah001,1991,MON,Hitting,19910408,19910523
mcrah001,1995,CIN,Hitting,19950426,19951014
mcrah001,1996,CIN,Hitting,19960402,19960929
mcrah001,1997,PHI,Hitting,19970401,19970928
mcrah001,1998,PHI,Hitting,19980331,19980927
mcrah001,1999,PHI,Hitting,19990405,19991003
mcrah001,2000,PHI,Hitting,20000404,20001001
mcrah001,2001,TBA,Bench,20010403,20010417
mcrah001,2005,SLN,Hitting,20050405,20051019
mcrah001,2006,SLN,Hitting,20060403,20061001
mcrah001,2007,SLN,Hitting,20070401,20070930
mcrah001,2008,SLN,Hitting,20080401,20080928
mcrah001,2009,SLN,Hitting,20090406,20091010
meacb001,2006,FLO,3B,20060403,20061001
meacb001,2007,SDN,1B,20070403,20071001
meacb001,2008,NYA,3B,20080401,20080928
meacb001,2010,HOU,1B,20100405,20101003
meacb001,2011,HOU,1B,20110401,20110928
meacb001,2012,HOU,1B,20120406,20120818
meacb001,2021,PHI,,20210401,20211003
meacb001,2022,PHI,,20220408,20220602
meccj801,2020,PIT,Bullpen,20200723,20200927
meccj801,2021,PIT,Bullpen,20210401,20211003
meccj801,2022,PIT,Bullpen,20220407,20221005
meccj801,2023,PIT,Bullpen,20230330,20231001
meccj801,2024,PIT,Bullpen,20240328,20240929
meinr801,2021,NYN,Pitching,20210405,20210922
mejis101,1993,SEA,1B,19930406,19931003
mejis101,1994,SEA,1B,19940404,19940811
mejis101,1995,SEA,1B,19950427,19951002
mejis101,1996,SEA,1B,19960331,19960929
mejis101,1997,SEA,1B,19970401,19971005
mejis101,1998,SEA,1B,19980331,19980927
mejis101,1999,SEA,1B,19990405,19991003
mejis101,2007,BAL,1B,20070402,20070930
meles101,1960,WS1,,19600418,19601002
meles101,1961,MIN,,19610411,19610605
meles101,1961,MIN,,19610613,19610622
melis101,1938,SLA,,19380419,19380926
melis101,1939,CLE,,19390421,19391001
melis101,1940,CLE,,19400416,19400929
melis101,1942,CLE,,19420414,19420927
melis101,1945,CLE,,19450417,19450928
melis101,1946,CLE,,19460416,19460929
melis101,1947,CLE,,19470415,19470928
melis101,1950,CLE,,19500418,19501001
melis101,1952,BOS,3B,19520415,19520928
melis101,1953,BOS,3B,19530416,19530927
melis101,1955,KC1,,19550412,19550925
melis101,1956,KC1,,19560417,19560930
melvb001,1999,MIL,Bench,19990405,19991003
melvb001,2000,DET,Bench,20000403,20001001
melvb001,2001,ARI,Bench,20010403,20011104
melvb001,2002,ARI,Bench,20020401,20021005
mendc801,2020,NYA,Bench,20200723,20200927
mendc801,2021,NYA,Bench,20210401,20211003
mendc801,2022,NYA,Bench,20220408,20221023
mendc801,2023,NYA,Bench,20230330,20231001
mendm103,1988,BAL,1B,19880404,19881002
menef001,2014,MIA,Hitting,20140331,20140928
menef001,2015,MIA,Hitting,20150406,20151004
menef001,2016,MIA,Hitting,20160405,20161002
menef001,2017,MIA,Hitting,20170402,20171001
menef001,2018,MIA,Hitting,20180329,20181001
menef001,2020,CHA,Hitting,20200723,20200927
menef001,2021,CHA,Hitting,20210401,20211003
menef001,2022,CHA,Hitting,20220408,20221005
menhp001,2019,WAS,Pitching,20190503,20190929
menhp001,2020,WAS,Pitching,20190723,20200927
menkd101,1980,TOR,,19800409,19801005
menkd101,1981,TOR,,19810409,19811004
menkd101,1983,HOU,,19830405,19831002
menkd101,1984,HOU,,19840403,19840930
menkd101,1985,HOU,,19850409,19851006
menkd101,1986,HOU,,19860408,19861015
menkd101,1987,HOU,,19870406,19871004
menkd101,1988,HOU,,19880405,19881002
menkd101,1989,PHI,,19890404,19891001
menkd101,1990,PHI,,19900410,19901003
menkd101,1991,PHI,,19910408,19911006
menkd101,1992,PHI,,19920407,19921004
menkd101,1993,PHI,,19930405,19931023
menkd101,1994,PHI,,19940404,19940811
menkd101,1995,PHI,,19950426,19951001
menkd101,1996,PHI,,19960402,19960929
menkd101,1997,CIN,,19970401,19970928
menkd101,1998,CIN,,19980331,19980927
menkd101,1999,CIN,,19990405,19991004
menkd101,2000,CIN,,20000403,20001001
mensh801,2022,TOR,Hitting,20220408,20221008
mensh801,2023,TOR,Hitting,20230330,20231004
mensh801,2024,TOR,Hitting,20240328,20240929
merco001,2003,ANA,Bullpen,20030330,20030928
merco001,2004,ANA,Bullpen,20040406,20041008
merco001,2005,ANA,Bullpen,20050405,20051016
merco001,2006,ANA,Bullpen,20060403,20061001
merco001,2007,ANA,Bullpen,20070402,20071007
merco001,2008,ANA,Bullpen,20080331,20081006
merco001,2009,ANA,Bullpen,20090406,20091025
merco001,2010,ANA,Bullpen,20100405,20101003
merkf101,1925,NYA,,19250616,19251003
merkf101,1926,NYA,,19260413,19261010
merrs801,1985,NYA,,19850408,19850506
merrs801,1986,NYA,,19860408,19861005
merrs801,1987,NYA,,19870406,19871004
metrc101,1962,CHN,,19620410,19620930
metrc101,1965,CHA,,19650413,19651003
metrc101,1969,KCA,,19690408,19691002
metrc101,1982,OAK,,19820406,19821003
meulh001,2010,SFN,Hitting,20100405,20101101
meulh001,2011,SFN,Hitting,20110331,20110928
meulh001,2012,SFN,Hitting,20120406,20121028
meulh001,2013,SFN,Hitting,20130401,20130929
meulh001,2014,SFN,Hitting,20140331,20141029
meulh001,2015,SFN,Hitting,20150406,20151004
meulh001,2016,SFN,Hitting,20160404,20161011
meulh001,2017,SFN,Hitting,20170402,20171001
meulh001,2018,SFN,Bench,20180329,20181001
meulh001,2019,SFN,Bench,20190329,20190929
meulh001,2020,NYN,Bench,20200723,20200927
meulh001,2022,NYA,Hitting,20220408,20221023
meulh001,2023,COL,Hitting,20230330,20231001
meulh001,2024,COL,Hitting,20240328,20240929
meusi101,1930,NY1,,19300415,19300928
meyeb103,1924,PHI,,19240415,19240928
meyeb103,1925,PHI,,19250414,19251003
meyeb103,1926,PHI,,19260413,19260929
meyeb103,1928,DET,,19280411,19280930
meyeb103,1929,DET,,19290416,19291006
meyeb103,1930,DET,,19300415,19300928
meyer101,1992,NYA,,19920407,19921004
michg101,1976,NYA,,19760615,19761021
michg101,1978,NYA,,19780408,19781017
michg101,1984,NYA,,19840403,19840930
michg101,1985,NYA,,19850408,19851006
michg101,1986,NYA,,19860408,19860612
michg101,1988,NYA,,19880623,19881002
michg101,1989,NYA,,19890818,19891001
michg101,1990,NYA,,19900606,19901003
milac101,1928,WS1,,19280410,19280930
milac101,1929,WS1,,19290417,19291006
milac101,1938,WS1,,19380418,19381002
milac101,1939,WS1,,19390420,19390930
milac101,1940,WS1,,19400416,19400929
milac101,1941,WS1,,19410414,19410928
milac101,1942,WS1,,19420414,19420923
milac101,1943,WS1,,19430420,19431003
milac101,1944,WS1,,19440418,19441001
milac101,1945,WS1,,19450417,19450526
milac101,1946,WS1,,19460416,19460929
milac101,1947,WS1,,19470415,19470928
milac101,1948,WS1,,19480419,19481003
milac101,1949,WS1,,19490418,19491002
milac101,1950,WS1,,19500418,19501001
milac101,1951,WS1,,19510417,19510930
milac101,1952,WS1,,19520415,19520928
miled801,1993,CIN,,19930405,19931003
milla001,2017,BAL,Bullpen,20170402,20171001
milla001,2018,BAL,Bullpen,20180329,20181001
milla101,1944,DET,1B,19440418,19441001
milla101,1945,DET,1B,19450417,19451010
milla101,1946,DET,,19460416,19460929
milla101,1947,DET,,19470415,19470928
milla101,1948,DET,,19480420,19481003
millb101,1997,PHI,1B,19970401,19970928
millb101,1998,PHI,1B,19980331,19980927
millb101,1999,PHI,1B,19990405,19991003
millb101,2000,PHI,1B,20000404,20001001
millb101,2003,MON,Bench,20030331,20030928
millb101,2004,BOS,Bench,20040404,20041003
millb101,2005,BOS,Bench,20050403,20051007
millb101,2006,BOS,Bench,20060403,20061001
millb101,2007,BOS,Bench,20070402,20070930
millb101,2008,BOS,Bench,20080325,20081019
millb101,2009,BOS,Bench,20090407,20091004
millb101,2013,CLE,3B,20130402,20131002
millb101,2014,CLE,Bench,20140331,20140928
millb101,2015,CLE,Bench,20150406,20151004
millb101,2016,CLE,Bench,20160405,20161102
millb101,2017,CLE,Bench,20170402,20171001
millb101,2018,CLE,Bench,20180329,20181001
millb101,2019,CLE,Bench,20190329,20190929
millb101,2020,CLE,Bench,20200723,20200927
millb106,1977,TOR,Pitching,19770407,19771002
millb106,1978,TOR,Pitching,19780407,19781001
millb106,1979,TOR,Pitching,19790405,19790930
millb106,1985,SFN,Pitching,19850409,19851006
millb108,1946,CLE,,19460416,19460929
millb108,1947,CHA,,19470415,19470928
millb108,1948,CHA,,19480420,19481003
millb108,1949,CHA,,19490419,19491002
millb108,1950,CHA,,19500418,19501001
millb108,1953,CIN,,19530413,19530918
millb108,1954,BOS,3B,19540413,19540926
millb110,1937,BOS,Bench,19370420,19371003
millb110,1938,DET,,19380419,19381002
millb110,1939,DET,,19390418,19391001
millb110,1940,DET,,19400416,19401008
millb110,1941,DET,,19410416,19410928
millb110,1942,CHA,,19420414,19420925
millb110,1943,CHA,,19430421,19431003
millb110,1944,CHA,,19440419,19441001
millb110,1945,CHA,,19450417,19450925
millb110,1946,CHA,,19460416,19460929
millb110,1947,CHA,,19470415,19470928
millb110,1948,CHA,,19480420,19481003
millb110,1949,CHA,,19490419,19491002
millb110,1950,PHA,,19500418,19501001
millb110,1951,PHA,,19510417,19510930
millb110,1952,PHA,,19520416,19520928
millb110,1953,PHA,,19530414,19530927
millb114,1965,SLN,,19650412,19651003
millb114,1966,SLN,,19660413,19661002
millb114,1967,SLN,,19670411,19671012
millb114,1968,SLN,,19680410,19681010
millb114,1969,SLN,,19690408,19691002
millb114,1970,SLN,,19700408,19701001
millb114,1976,SLN,Pitching,19760409,19761003
milld101,1987,CHA,Bullpen,19870406,19871004
milld101,1988,CHA,Pitching,19880404,19881002
milld101,2012,SLN,Bullpen,20120404,20121022
milld801,2012,CLE,Bullpen,20120405,20121003
millj801,2019,HOU,Bullpen,20190329,20190929
millj801,2020,HOU,Bullpen,20200723,20200927
millj801,2021,HOU,Pitching,20210401,20211003
millj801,2022,HOU,Pitching,20220407,20221105
millj801,2023,HOU,Pitching,20230330,20231023
millj801,2024,HOU,Pitching,20240328,20241002
millo103,1926,BRO,,19260413,19260926
millo103,1927,BRO,,19270412,19271002
millo103,1928,BRO,,19280411,19280930
millo103,1929,BRO,,19290418,19291005
millo103,1930,BRO,,19300415,19300928
millo103,1931,BRO,,19310414,19310927
millo103,1932,BRO,,19320412,19320925
millo103,1933,BRO,,19330413,19331001
millo103,1934,BRO,,19340417,19340930
millo103,1935,BRO,,19350416,19350929
millo103,1936,BRO,,19360414,19360927
millr801,1978,BAL,Pitching,19780407,19781001
millr801,1979,BAL,Pitching,19790406,19791017
millr801,1980,BAL,Pitching,19800410,19801005
millr801,1981,BAL,Pitching,19810410,19811004
millr801,1982,BAL,Pitching,19820405,19821003
millr801,1983,BAL,Pitching,19830404,19831002
millr801,1984,BAL,Pitching,19840402,19840930
millr801,1985,BAL,Pitching,19850408,19850620
millr801,1987,PIT,Pitching,19870407,19871004
millr801,1988,PIT,Pitching,19880405,19881002
millr801,1989,PIT,Pitching,19890404,19891001
millr801,1990,PIT,Pitching,19900409,19901012
millr801,1991,PIT,Pitching,19910408,19911017
millr801,1992,PIT,Pitching,19920406,19921014
millr801,1993,PIT,Pitching,19930406,19931003
millr801,1994,PIT,Pitching,19940404,19940811
millr801,1995,PIT,Pitching,19950426,19951001
millr801,1996,PIT,Pitching,19960401,19960929
millr801,1997,BAL,Pitching,19970402,19970928
millr801,2004,BAL,Pitching,20040627,20041003
millr801,2005,BAL,Pitching,20050404,20051002
minom101,1976,CHA,,19760409,19761003
minom101,1977,CHA,,19770407,19771002
minom101,1978,CHA,,19780407,19780629
minom101,1980,CHA,,19800410,19801005
mitcc102,1932,NY1,,19320624,19320925
mitcf101,1914,BSN,,19140414,19141013
mitcf101,1915,BSN,,19150414,19151007
mitcf101,1916,BSN,,19160412,19161005
mittg101,1978,CHN,Bullpen,19780526,19781001
mittg101,1979,OAK,Bullpen,19790406,19790930
mittg101,1980,OAK,Bullpen,19800410,19801005
mittg101,1981,OAK,Bullpen,19810409,19811015
mittg101,1982,OAK,Bullpen,19820406,19821003
mittg101,1988,NYA,,19880405,19880622
mizej001,2002,KCA,Bullpen,20020401,20020429
mizej001,2002,KCA,Bullpen,20020515,20020929
mizej001,2003,KCA,3B,20030331,20030928
mizej001,2004,KCA,3B,20040405,20041003
mizej001,2008,KCA,Bullpen,20080331,20080928
mizej001,2009,KCA,Bullpen,20090407,20091004
mizej001,2014,PHI,Hitting,20140331,20140928
mizej001,2015,PHI,Hitting,20150406,20150625
mizej001,2015,PHI,3B,20150626,20151004
mizej101,1961,KC1,,19610701,19611001
molib001,2013,SLN,Hitting,20130401,20131030
molib001,2014,TEX,1B,20140331,20140928
molip001,2000,MIN,,20000403,20001001
molip001,2001,MIN,,20010403,20011007
molip001,2004,SEA,Hitting,20040406,20041003
monbb101,1982,NYN,Pitching,19820408,19821003
monbb101,1983,NYN,Pitching,19830405,19831002
monbb101,1985,NYA,Pitching,19850803,19851006
monca101,1971,CHA,,19710407,19710930
monca101,1972,CHA,,19720415,19721004
monca101,1973,CHA,,19730407,19730930
monca101,1974,CHA,,19740405,19741002
monca101,1975,CHA,,19750408,19750928
monca101,1976,OAK,3B,19760409,19761003
monca101,1977,PIT,,19770407,19771002
monca101,1978,PIT,,19780407,19781001
monca101,1979,PIT,,19790406,19791017
monca101,1980,PIT,,19800410,19801005
monca101,1981,PIT,,19810409,19811004
monca101,1982,PIT,,19820410,19821003
monca101,1983,PIT,,19830405,19831002
monca101,1984,PIT,,19840403,19840930
monca101,1986,ATL,,19860408,19861005
monca101,1987,ATL,,19870407,19871004
monca101,1988,ATL,,19880405,19880522
moncj801,2023,TBA,Bullpen,20230330,20231004
moncj801,2024,TBA,Bullpen,20240328,20240929
montc001,2015,TBA,3B,20150406,20151004
montc001,2016,TBA,3B,20160403,20161002
montc001,2017,TBA,3B,20170402,20171001
montc001,2018,TBA,Bench,20180329,20181001
montc001,2023,CHA,Bench,20230330,20231001
montc001,2024,CHA,Bench,20240328,20240808
montr002,2002,NYA,,20020401,20021005
montr002,2003,NYA,,20030331,20030928
montr002,2004,NYA,,20040330,20041003
montr002,2005,NYA,Pitching,20050403,20051010
montr002,2006,NYA,Pitching,20060403,20061007
montr002,2008,NYA,Pitching,20080401,20080928
montr003,2022,ANA,Bench,20220407,20221005
montr003,2023,ANA,Bench,20230330,20231001
montr003,2024,ANA,Bench,20240328,20240929
moonw101,1969,SDN,,19690408,19691002
moorj102,1970,MIL,Bullpen,19700407,19701001
moorj102,1971,MIL,Bullpen,19710406,19710930
moorj102,1972,MIL,Bullpen,19720415,19721004
moorj102,1973,TEX,,19730407,19730930
moorj102,1974,TEX,,19740404,19741002
moorj102,1975,TEX,,19750723,19750928
moorj102,1976,TEX,,19760409,19761003
moorj102,1977,TOR,,19770407,19771002
moorj102,1978,TOR,,19780407,19781001
moorj102,1979,TOR,,19790405,19790930
moorj102,1980,TEX,,19800410,19801005
moorj102,1981,OAK,,19810409,19811015
moorj102,1982,OAK,,19820406,19821003
moorj102,1983,OAK,1B,19830404,19831002
moorj102,1984,OAK,1B,19840403,19840524
moorj102,1987,MON,3B,19870406,19871004
moorj102,1988,MON,3B,19880404,19881002
moorj102,1989,MON,3B,19890404,19891001
moorj102,1990,CIN,,19900409,19901020
moorj102,1991,CIN,,19910408,19911006
moorj102,1992,CIN,,19920406,19921004
moorj102,1993,TEX,,19930405,19931003
moorj102,1994,TEX,,19940404,19940810
moorj102,1996,COL,Bench,19960402,19960929
moorj102,1997,COL,Bench,19970401,19970928
moorj102,1998,COL,Bench,19980331,19980927
moorj102,2008,HOU,Bench,20080331,20080928
moorj102,2009,TEX,Bench,20090406,20091004
moorj102,2010,TEX,Bench,20100405,20101101
moorj102,2011,TEX,Bench,20110401,20111028
moorj102,2012,TEX,Bench,20120406,20121003
moorj102,2013,TEX,Bench,20130331,20130930
moort102,1949,SLN,,19490419,19491002
moort102,1950,SLN,,19500418,19501001
moort102,1951,SLN,,19510417,19510930
moort102,1952,SLN,,19520415,19520928
moort102,1956,SLN,,19560417,19560930
moort102,1957,SLN,,19570416,19570929
moort102,1958,SLN,,19580415,19580928
moraj001,1986,SFN,1B,19860408,19861005
moraj001,1987,SFN,Hitting,19870406,19871014
moraj001,1988,SFN,Hitting,19880404,19881002
moraj001,1990,CLE,,19900412,19901003
moraj001,1991,CLE,Hitting,19910408,19911006
moraj001,1992,CLE,,19920406,19921004
moraj001,1993,CLE,,19930405,19931003
moraj001,1995,FLO,Hitting,19950425,19951001
moraj001,1996,FLO,Hitting,19960401,19960707
moraj101,2002,MON,1B,20020402,20020929
moraj101,2003,MON,1B,20030331,20030928
moraj101,2004,MON,1B,20040406,20041003
moraj101,2007,WAS,1B,20070402,20070930
moraj101,2008,WAS,1B,20080330,20080928
moram001,2016,PHI,1B,20160404,20161002
moram001,2017,PHI,1B,20170402,20171001
morar102,1987,ATL,,19870407,19871004
morgj101,1972,PIT,Hitting,19720415,19721011
morgj101,1985,BOS,1B,19850408,19851006
morgj101,1986,BOS,Bullpen,19860407,19861027
morgj101,1987,BOS,3B,19870406,19871004
morgj101,1988,BOS,3B,19880404,19880710
morgk001,2021,MIN,Bench,20210401,20211003
morgt101,1972,CAL,Pitching,19720415,19721004
morgt101,1973,CAL,Pitching,19730406,19730930
morgt101,1974,CAL,Pitching,19740405,19740822
morgt101,1975,SDN,,19750410,19750928
morgt101,1979,NYA,Pitching,19790405,19790618
morgt101,1981,CAL,Pitching,19810409,19811004
morgt101,1982,CAL,Pitching,19820406,19821010
morgt101,1983,CAL,Pitching,19830405,19831002
morgv101,1969,MIN,,19690408,19691006
morgv101,1970,MIN,,19700407,19701005
morgv101,1971,MIN,,19710406,19710930
morgv101,1972,MIN,,19720415,19721004
morgv101,1973,MIN,,19730406,19730930
morgv101,1974,MIN,,19740405,19741002
morgv101,1975,MIN,,19750408,19750928
mosej001,2000,SEA,1B,20000404,20001017
mosej001,2001,SEA,1B,20010402,20011022
mosej001,2002,SEA,1B,20020401,20020929
mosej001,2003,SEA,1B,20030401,20030928
mosej001,2005,CIN,,20050621,20051002
mosej001,2007,SEA,1B,20070702,20070704
mosel001,1999,TOR,,19990406,19991003
mosew101,1952,PHA,,19520416,19520928
mosew101,1953,PHA,,19530414,19530927
mosew101,1954,PHA,,19540413,19540926
mosew101,1955,PHI,,19550413,19550925
mosew101,1956,PHI,,19560417,19560930
mosew101,1957,PHI,,19570416,19570929
mosew101,1958,PHI,,19580415,19580928
mosew101,1959,CIN,,19590409,19590927
mosew101,1960,CIN,,19600412,19601002
mosew101,1961,NYA,,19610411,19611009
mosew101,1962,NYA,,19620410,19621016
mosew101,1966,NYA,,19660412,19661002
mosew101,1967,DET,1B,19670411,19671001
mosew101,1968,DET,1B,19680410,19681010
mosew101,1969,DET,1B,19690408,19691001
mosew101,1970,DET,1B,19700406,19701001
moskd001,2022,CHN,Pitching,20220407,20221005
moskd001,2023,CHN,Pitching,20230330,20231001
moskd001,2024,CHN,Pitching,20240328,20240929
mossl101,1967,CHA,,19670412,19671001
mossl101,1968,CHA,,19680410,19680711
mossl101,1968,CHA,,19680714,19680929
mossl101,1969,CHA,,19690408,19691002
mossl101,1970,CHA,,19700407,19700908
mossl101,1981,CHN,Pitching,19810409,19811004
mossl101,1982,HOU,,19820428,19821003
mossl101,1983,HOU,,19830405,19831002
mossl101,1984,HOU,,19840403,19840930
mossl101,1985,HOU,,19850529,19851006
mossl101,1986,HOU,,19860408,19861015
mossl101,1987,HOU,,19870406,19871004
mossl101,1988,HOU,,19880405,19881002
mossl101,1989,HOU,,19890404,19891001
motam101,1980,LAN,Hitting,19800410,19801006
motam101,1981,LAN,Hitting,19810409,19811028
motam101,1982,LAN,Hitting,19820406,19821003
motam101,1983,LAN,Hitting,19830405,19831008
motam101,1984,LAN,Hitting,19840403,19840930
motam101,1985,LAN,Hitting,19850409,19851016
motam101,1986,LAN,Hitting,19860407,19861005
motam101,1987,LAN,Hitting,19870406,19871004
motam101,1988,LAN,Hitting,19880404,19881020
motam101,1989,LAN,Hitting,19890403,19891001
motam101,1990,LAN,,19900409,19901003
motam101,1991,LAN,,19910410,19911006
motam101,1992,LAN,,19920406,19921004
motam101,1993,LAN,,19930405,19931003
motam101,1994,LAN,,19940405,19940811
motam101,1995,LAN,,19950425,19951006
motam101,1996,LAN,,19960401,19960728
motam101,1996,LAN,Bench,19960729,19961005
motam101,1997,LAN,,19970401,19970928
motam101,1998,LAN,,19980331,19980927
motam101,1999,LAN,,19990405,19991003
motam101,2000,LAN,,20000403,20001001
motam101,2001,LAN,,20010402,20011007
motam101,2002,LAN,,20020402,20020929
motam101,2003,LAN,,20030331,20030928
motam101,2004,LAN,,20040405,20041010
motam101,2005,LAN,,20050405,20051002
motam101,2006,LAN,,20060403,20061007
motam101,2007,LAN,,20070402,20070930
motam101,2008,LAN,,20080331,20081015
motam101,2009,LAN,,20090406,20091021
motam101,2010,LAN,,20100405,20101003
motam101,2011,LAN,,20110331,20110928
motam101,2012,LAN,,20120405,20121003
mottc001,2013,TOR,Hitting,20130402,20130929
mottc001,2017,TBA,Hitting,20170402,20171001
mottc001,2018,TBA,Hitting,20180329,20181001
mottc001,2019,TBA,Hitting,20190329,20190929
mottc001,2020,TBA,Hitting,20200723,20200927
mottc001,2021,TBA,Hitting,20210401,20211003
mottc001,2022,TBA,Hitting,20220408,20221008
mottc001,2023,TBA,Hitting,20230330,20231004
mottc001,2024,TBA,Hitting,20240328,20240929
mottc101,1989,BAL,1B,19890403,19891001
mottc101,1990,BAL,,19900409,19901003
mottc101,1991,BAL,1B,19910408,19911006
mozzm801,1977,SLN,,19770407,19771002
mozzm801,1978,SLN,,19780407,19781001
muelb001,2007,LAN,Hitting,20070614,20070930
muelb001,2014,CHN,Hitting,20140331,20140928
muelb001,2015,SLN,Hitting,20150405,20151013
muelb001,2016,SLN,1B,20160403,20161002
muelb001,2017,SLN,1B,20170402,20171001
muelb001,2018,SLN,Hitting,20180329,20180714
muelb001,2024,MIA,Hitting,20240328,20240929
muelr101,1956,NY1,,19560417,19560930
muelr101,1957,CHN,,19570416,19570929
muffb101,1967,SLN,Pitching,19670411,19671012
muffb101,1968,SLN,Pitching,19680410,19681010
muffb101,1969,SLN,Pitching,19690408,19691002
muffb101,1970,SLN,Pitching,19700408,19701001
muffb101,1974,CAL,Pitching,19740823,19741002
muffb101,1975,CAL,Pitching,19750407,19750928
muffb101,1976,CAL,Pitching,19760409,19761003
muffb101,1977,CAL,Pitching,19770406,19770710
muffb101,1985,DET,Pitching,19850408,19851006
muffb101,1986,DET,Pitching,19860407,19861005
muffb101,1987,DET,Pitching,19870406,19871012
muffb101,1988,DET,Pitching,19880404,19881002
muffb101,1989,DET,Pitching,19890404,19891001
muffb101,1990,DET,Pitching,19900409,19901003
muffb101,1991,DET,Pitching,19910408,19911006
muffb101,1992,DET,Pitching,19920406,19921004
muffb101,1993,DET,Pitching,19930405,19931003
muffb101,1994,DET,Pitching,19940404,19940811
mulch101,1970,CHA,,19700407,19700908
mullg101,1958,LAN,,19580415,19580927
mullg101,1959,LAN,,19590411,19591008
mullg101,1960,LAN,,19600412,19601002
mullg101,1962,LAN,,19620410,19621003
mullg101,1963,LAN,,19630409,19631006
mullg101,1964,LAN,,19640414,19641004
mullj801,1985,SFN,Bullpen,19850409,19851006
mullp101,1963,DET,1B,19630618,19630929
mullp101,1964,DET,1B,19640414,19641003
mullp101,1965,DET,1B,19650412,19651003
mullp101,1966,DET,1B,19660412,19661002
mullp101,1967,CLE,,19670411,19671001
mullp101,1979,MON,Hitting,19790406,19790930
mullp101,1980,MON,Hitting,19800411,19801005
mullp101,1981,MON,Hitting,19810409,19811019
mullu801,1914,CIN,,19140414,19141005
munoo801,2010,CHA,1B,20100601,20101003
murpb801,2021,HOU,Pitching,20210401,20211003
murpb801,2022,HOU,Pitching,20220407,20221105
murpb801,2023,HOU,Pitching,20230330,20231023
murpb801,2024,HOU,Pitching,20240328,20241002
murpd002,1998,ARI,1B,19980331,19980927
murpd002,1999,ARI,1B,19990405,19991009
murpd002,2000,ARI,1B,20000404,20001001
murpd002,2001,ARI,Hitting,20010403,20011104
murpd002,2002,ARI,Hitting,20020401,20021005
murpd002,2003,ARI,Hitting,20030331,20030928
murpd002,2008,TOR,1B,20080620,20080928
murpd002,2009,TOR,1B,20090406,20091004
murpd002,2010,TOR,Hitting,20100405,20101003
murpd002,2011,TOR,Hitting,20110401,20110928
murpd002,2012,TOR,Hitting,20120405,20121003
murpd002,2013,TOR,1B,20130402,20130929
murpd106,1913,PHA,,19130410,19131011
murpd106,1920,PHA,,19200414,19201003
murpd106,1921,PHA,,19210413,19211002
murpd106,1922,PHA,,19220412,19220930
murpd106,1923,PHA,,19230418,19231007
murpd106,1924,PHA,,19240415,19240927
murpd106,1927,PHI,,19270412,19270715
murpj103,1967,NYN,,19670411,19671001
murpp801,2016,MIL,Bench,20160404,20161002
murpp801,2017,MIL,Bench,20170402,20171001
murpp801,2018,MIL,Bench,20180329,20181001
murpp801,2019,MIL,Bench,20190329,20190929
murpp801,2020,MIL,Bench,20200723,20200927
murpp801,2021,MIL,Bench,20210401,20211003
murpp801,2022,MIL,Bench,20220407,20221005
murpp801,2023,MIL,Bench,20230330,20231004
murre001,1998,BAL,Bench,19980331,19980927
murre001,1999,BAL,Bench,19990405,19991003
murre001,2000,BAL,1B,20000403,20001001
murre001,2001,BAL,1B,20010402,20011006
murre001,2002,CLE,Hitting,20020331,20020929
murre001,2003,CLE,Hitting,20030331,20030928
murre001,2004,CLE,Hitting,20040405,20041003
murre001,2005,CLE,Hitting,20050404,20050603
murre001,2006,LAN,Hitting,20060403,20061007
murre001,2007,LAN,Hitting,20070402,20070613
murtd101,1956,PIT,3B,19560417,19560930
murtd101,1957,PIT,3B,19570416,19570803
muset101,1985,MIL,3B,19850409,19851006
muset101,1986,MIL,3B,19860407,19861005
muset101,1987,MIL,3B,19870406,19871004
muset101,1988,MIL,3B,19880404,19881002
muset101,1989,MIL,Hitting,19890403,19891001
muset101,1993,CHN,Bullpen,19930405,19931003
muset101,1994,CHN,3B,19940404,19940810
muset101,1995,CHN,3B,19950426,19951001
muset101,1996,CHN,3B,19960401,19960929
muset101,1997,CHN,Hitting,19970401,19970708
muset101,2003,SDN,Bench,20030331,20030928
muset101,2004,SDN,Bench,20040405,20041003
muset101,2005,SDN,Bench,20050404,20051008
muset101,2006,SDN,Bench,20060403,20061008
myatg102,1950,WS1,,19500418,19501001
myatg102,1951,WS1,,19510417,19510930
myatg102,1952,WS1,,19520415,19520928
myatg102,1953,WS1,,19530416,19530927
myatg102,1954,WS1,,19540413,19540926
myatg102,1955,CHA,,19550412,19550925
myatg102,1956,CHA,,19560417,19560930
myatg102,1957,CHN,,19570416,19570929
myatg102,1958,CHN,,19580415,19580927
myatg102,1959,CHN,,19590411,19590927
myatg102,1960,MLN,,19600412,19601002
myatg102,1961,MLN,,19610411,19611001
myatg102,1962,DET,3B,19620409,19620930
myatg102,1963,DET,3B,19630409,19630616
myatg102,1964,PHI,,19640414,19641004
myatg102,1965,PHI,,19650412,19651003
myatg102,1966,PHI,,19660413,19661002
myatg102,1967,PHI,,19670411,19671001
myatg102,1968,PHI,,19680410,19680614
myatg102,1968,PHI,,19680616,19680929
myatg102,1969,PHI,,19690408,19690807
myatg102,1970,PHI,,19700407,19701001
myatg102,1971,PHI,,19710406,19710930
myatg102,1972,PHI,,19720415,19720709
myerd801,2001,SEA,3B,20010402,20011022
myerd801,2002,SEA,3B,20020401,20020929
myerd801,2003,SEA,3B,20030401,20030928
myerd801,2004,SEA,3B,20040406,20041003
nagyc001,2011,ARI,Pitching,20110401,20111007
nagyc001,2012,ARI,Pitching,20120406,20121003
nagyc001,2013,ARI,Pitching,20130401,20130929
nagyc001,2016,ANA,Pitching,20160404,20161002
nagyc001,2017,ANA,Pitching,20170402,20171001
nagyc001,2018,ANA,Pitching,20180329,20181001
napoe801,1983,CLE,,19830404,19831002
napoe801,1984,CLE,,19840403,19840930
napoe801,1985,CLE,,19850408,19850912
napoe801,1987,KCA,,19870406,19871004
napoe801,1988,KCA,,19880404,19881002
napoe801,1989,HOU,,19890404,19891001
napoe801,1990,HOU,,19900409,19901003
napoe801,1992,NYA,,19920407,19921004
napoe801,1993,NYA,,19930405,19931003
napoe801,1995,TEX,,19950426,19951001
napoe801,1996,TEX,,19960401,19961005
napoe801,1997,TEX,,19970401,19970928
napoe801,1998,TEX,,19980331,19981002
napoe801,1999,TEX,,19990405,19991009
napoe801,2000,TEX,,20000403,20000507
napom001,2022,CHN,1B,20220407,20221005
napom001,2023,CHN,1B,20230330,20231001
napom001,2024,CHN,1B,20240328,20240929
narah101,1963,MIN,,19630409,19630928
narah101,1964,MIN,,19640414,19641004
narah101,1965,MIN,,19650412,19651014
narah101,1966,MIN,,19660412,19661002
narah101,1967,DET,Bullpen,19670411,19671001
narah101,1968,DET,Bullpen,19680410,19681010
narah101,1969,DET,Bullpen,19690408,19691001
narrj001,1993,BAL,Bench,19930405,19931003
narrj001,1994,BAL,3B,19940404,19940810
narrj001,1995,TEX,3B,19950501,19951001
narrj001,1996,TEX,3B,19960401,19961005
narrj001,1997,TEX,3B,19970401,19970928
narrj001,1998,TEX,3B,19980331,19981002
narrj001,1999,TEX,3B,19990405,19991009
narrj001,2000,TEX,3B,20000403,20001001
narrj001,2001,TEX,3B,20010401,20010504
narrj001,2003,BOS,Bench,20030331,20031016
narrj001,2004,CIN,Bench,20040405,20041003
narrj001,2005,CIN,Bench,20050404,20050620
narrj001,2011,MIL,Bench,20110331,20111016
narrj001,2012,MIL,Bench,20120406,20121003
narrj001,2013,MIL,Bench,20130401,20130929
narrj001,2014,MIL,Bench,20140331,20140928
narrj001,2015,MIL,Bench,20150406,20151004
narrj001,2018,ARI,Bench,20180329,20181001
narrj001,2019,ARI,Bench,20190329,20190929
narrj001,2020,BOS,Bench,20200723,20200927
narrj801,2012,MIL,Hitting,20120406,20121003
narrj801,2013,MIL,Hitting,20130401,20130929
narrj801,2014,MIL,Hitting,20140331,20140928
narrs101,1952,PIT,Bullpen,19520415,19520928
narrs101,1953,PIT,Bullpen,19530414,19530927
narrs101,1954,PIT,Bullpen,19540413,19540926
narrs101,1955,PIT,Bullpen,19550413,19550925
narrs101,1956,PIT,Bullpen,19560417,19560930
narrs101,1957,PIT,Bullpen,19570416,19570929
narrs101,1958,PIT,Bullpen,19580415,19580928
narrs101,1959,PIT,Bullpen,19590409,19590927
narrs101,1960,PIT,Bullpen,19600412,19601013
narrs101,1961,PIT,Bullpen,19610411,19611001
narrs101,1962,PIT,Bullpen,19620410,19620930
narrs101,1963,PIT,Bullpen,19630408,19630929
narrs101,1964,PIT,Bullpen,19640414,19641004
natab001,2002,MON,Bullpen,20020402,20020929
natab001,2003,MON,Bullpen,20030331,20030928
natab001,2004,MON,Bullpen,20040406,20041003
natab001,2005,WAS,Bullpen,20050404,20051002
natel801,2014,NYN,Hitting,20140331,20140928
navaj001,2011,SEA,Bullpen,20110401,20110928
navaj001,2012,SEA,Bullpen,20120328,20121003
navaj001,2013,SEA,Bullpen,20130401,20130929
nealg101,1929,SLN,,19290416,19290723
negrk001,2022,SEA,1B,20220408,20221015
negrk001,2023,SEA,1B,20230330,20231001
negrk001,2024,SEA,1B,20240328,20240929
nelsd101,1981,CHA,1B,19810410,19811004
nelsd101,1982,CHA,1B,19820411,19821003
nelsd101,1983,CHA,1B,19830404,19831002
nelsd101,1984,CHA,1B,19840402,19840930
nelsd101,1992,CLE,1B,19920406,19921004
nelsd101,1993,CLE,1B,19930405,19931003
nelsd101,1994,CLE,1B,19940404,19940810
nelsd101,1995,CLE,1B,19950427,19951028
nelsd101,1996,CLE,1B,19960402,19961005
nelsd101,1997,CLE,1B,19970402,19971026
nelsd101,2003,MIL,1B,20030331,20030928
nelsd101,2004,MIL,1B,20040405,20041003
nelsd101,2005,MIL,1B,20050404,20051002
nelsd101,2006,MIL,1B,20060403,20061001
nelsj101,2013,TBA,,20130402,20131008
nelsj101,2014,TBA,,20140331,20140928
nelsj101,2015,TBA,,20150406,20151004
nelsj101,2016,TBA,,20160403,20161002
nettg001,1991,NYA,,19910408,19911006
nettg001,1995,SDN,,19950426,19951001
neunj101,1944,NYA,,19440418,19441001
neunj101,1945,NYA,,19450417,19450930
neunj101,1946,NYA,,19460416,19460912
nevip001,2017,SFN,3B,20170402,20171001
nevip001,2018,NYA,3B,20180329,20181001
nevip001,2019,NYA,3B,20190329,20190929
nevip001,2020,NYA,3B,20200723,20200927
nevip001,2021,NYA,3B,20210401,20211003
nevip001,2022,ANA,3B,20220407,20220606
newhd001,2015,DET,Hitting,20150406,20151004
newhd001,2016,DET,Hitting,20160405,20161002
newma001,2002,MIN,3B,20020401,20021013
newma001,2003,MIN,3B,20030331,20030909
newma001,2004,MIN,3B,20040405,20041009
newma001,2005,MIN,3B,20050404,20051002
newmj001,1986,OAK,Bullpen,19860408,19860625
newmj001,1986,OAK,Bullpen,19860707,19861005
newmj001,1992,CLE,,19920406,19921004
newmj001,1993,CLE,,19930405,19931003
newmj001,1994,CLE,,19940404,19940810
newmj001,1995,CLE,,19950427,19951028
newmj001,1996,CLE,,19960402,19961005
newmj001,1997,CLE,,19970402,19971026
newmj001,1998,CLE,,19980331,19981013
newmj001,1999,CLE,,19990406,19991011
newmj001,2000,BAL,Bench,20000403,20001001
newmj001,2005,SEA,3B,20050404,20050812
niarg101,1962,KC1,,19620410,19620930
niarg101,1963,KC1,,19630409,19630929
niarg101,1964,KC1,,19640414,19641004
nichr001,2001,TEX,,20010505,20011007
nichr002,2013,PHI,Bullpen,20130401,20130929
nichr002,2014,PHI,Bullpen,20140331,20140928
nichr002,2015,PHI,Bullpen,20150406,20151004
nicod801,2023,SLN,Hitting,20230330,20230915
niebr801,2012,CLE,Pitching,20120809,20121003
niebr801,2020,CLE,Pitching,20200723,20200927
niebr801,2021,CLE,Pitching,20210401,20211003
niebr801,2022,SDN,Pitching,20220407,20221023
niebr801,2023,SDN,Pitching,20230330,20231001
niebr801,2024,SDN,Pitching,20240320,20241011
niehb101,1929,NY1,,19290418,19291006
niekp001,1990,ATL,Bullpen,19900411,19901003
niemr001,1997,NYN,,19970401,19970928
niemr001,1998,NYN,,19980331,19980927
niemr001,1999,NYN,,19990405,19990605
niemr001,2001,NYN,,20010403,20011007
niemr001,2002,NYN,,20020401,20020929
niemr001,2009,NYN,Bullpen,20090406,20091004
niemr001,2010,NYN,Bullpen,20100405,20101003
niemr001,2012,BOS,Pitching,20120821,20121003
niett001,2001,NYA,,20010402,20011104
niett001,2002,NYA,,20020401,20021005
niett001,2008,NYN,1B,20080331,20080616
nievj001,2008,CHA,Bullpen,20080331,20081006
nievj001,2009,CHA,Bullpen,20090407,20091004
nievj001,2010,CHA,Bullpen,20100405,20101003
nievj001,2011,CHA,Bullpen,20110401,20110928
nievj001,2012,CHA,Bullpen,20120406,20121003
nievj001,2013,BOS,Pitching,20130401,20131030
nievj001,2014,BOS,Pitching,20140331,20140928
nievj001,2015,BOS,Pitching,20150406,20150506
nievj001,2016,MIA,Pitching,20160405,20161002
nievj001,2017,MIA,Pitching,20170402,20171001
nievj001,2018,MIA,Pitching,20180329,20181001
nievj001,2021,DET,Pitching,20210401,20211003
nievj001,2022,DET,Pitching,20220408,20221005
nievj001,2023,DET,Pitching,20230330,20231001
nievj001,2024,DET,Pitching,20240328,20241012
nippa001,1995,BOS,Pitching,19950719,19951006
nippa001,1996,BOS,Pitching,19960401,19960430
nippa001,2001,KCA,Pitching,20010525,20011007
nippa001,2002,KCA,Pitching,20020401,20020617
nippa001,2006,BOS,Pitching,20060403,20060807
nippa001,2006,BOS,Bullpen,20060808,20061001
nixor101,1976,CIN,,19760408,19761021
nixor101,1977,CIN,,19770406,19771002
nixor101,1978,CIN,,19780406,19781001
nixor101,1979,CIN,,19790404,19791005
nixor101,1980,CIN,,19800409,19801005
nixor101,1981,CIN,,19810408,19811004
nixor101,1982,CIN,,19820405,19820720
nixor101,1984,MON,3B,19840403,19840930
nixor101,1985,MON,3B,19850408,19851006
nixor101,1986,ATL,,19860408,19861005
nixor101,1987,ATL,,19870407,19871004
nixor101,1992,SEA,Bench,19920406,19921004
norei101,1971,OAK,3B,19710405,19711005
norei101,1972,OAK,3B,19720415,19721022
norei101,1973,OAK,3B,19730406,19730930
norei101,1974,OAK,3B,19740404,19740709
norei101,1975,CHN,3B,19750410,19750928
normb101,1952,SLA,,19520415,19520928
normb101,1953,SLA,,19530414,19530709
normn001,2001,BOS,,20010402,20011006
nortb801,2022,TBA,Hitting,20220408,20221008
nortb801,2023,TBA,Hitting,20230330,20231004
nortb801,2024,TBA,Hitting,20240328,20240929
nortr101,1961,PIT,Hitting,19610411,19611001
nortr101,1962,PIT,Hitting,19620410,19620930
nortr101,1963,PIT,Hitting,19630408,19630929
nossj101,1973,MIL,3B,19730406,19730930
nossj101,1974,MIL,3B,19740405,19741002
nossj101,1975,MIL,3B,19750408,19750928
nossj101,1976,MIN,,19760409,19761003
nossj101,1977,CLE,,19770407,19771002
nossj101,1978,CLE,,19780408,19781001
nossj101,1979,CLE,,19790405,19790930
nossj101,1980,CLE,,19800411,19801005
nossj101,1981,CLE,,19810411,19811005
nossj101,1982,KCA,,19820405,19821003
nossj101,1983,KCA,,19830404,19831002
nossj101,1984,CHA,,19840402,19840930
nossj101,1985,CHA,,19850409,19851006
nossj101,1986,CHA,,19860509,19860625
nossj101,1990,CHA,,19900409,19901003
nossj101,1991,CHA,,19910408,19911006
nossj101,1992,CHA,,19920407,19921004
nossj101,1993,CHA,,19930406,19931012
nossj101,1994,CHA,,19940404,19940810
nossj101,1995,CHA,,19950426,19951001
nossj101,1996,CHA,,19960331,19960929
nossj101,1997,CHA,,19970401,19970928
nossj101,1998,CHA,,19980331,19980927
nossj101,1999,CHA,,19990405,19991003
nossj101,2000,CHA,,20000403,20001006
nossj101,2001,CHA,,20010402,20011007
nossj101,2002,CHA,,20020401,20020929
nossj101,2003,CHA,,20030331,20030928
notte801,1983,OAK,Bullpen,19830404,19831002
nunnj001,2010,CLE,Hitting,20100405,20101003
nunnj001,2011,CLE,Hitting,20110401,20110618
oatej101,1984,CHN,Bullpen,19840403,19841007
oatej101,1985,CHN,Bullpen,19850409,19851006
oatej101,1986,CHN,Bullpen,19860408,19861005
oatej101,1987,CHN,Bench,19870407,19871004
oatej101,1989,BAL,Bench,19890403,19891001
oatej101,1990,BAL,1B,19900409,19901003
oatej101,1991,BAL,Bench,19910408,19910522
oberk001,2008,NYN,Bench,20080617,20080928
oberk001,2011,NYN,Bench,20110401,20110928
obrie101,1969,SE1,Bullpen,19690408,19691002
oceaf801,1958,PIT,3B,19580415,19580928
oceaf801,1959,PIT,3B,19590409,19590927
oceaf801,1960,PIT,3B,19600412,19601013
oceaf801,1961,PIT,3B,19610411,19611001
oceaf801,1962,PIT,3B,19620410,19620930
oceaf801,1963,PIT,3B,19630408,19630929
oceaf801,1964,PIT,3B,19640414,19641004
oceaf801,1965,CIN,,19650412,19651003
oceaf801,1970,PIT,3B,19700407,19701005
oceaf801,1971,PIT,3B,19710406,19711017
oceaf801,1972,PIT,3B,19720415,19721011
ochoa001,2012,BOS,1B,20120405,20121003
ocond101,1963,WS2,,19630522,19630929
ocond101,1964,WS2,,19640413,19641004
oconp102,1918,NYA,,19180415,19180902
oconp102,1919,NYA,,19190423,19190929
odorr801,2024,CLE,3B,20240328,20241019
oestr001,1993,CIN,,19930405,19930523
oestr001,1996,DET,1B,19960401,19960714
oestr001,1996,DET,Bench,19960715,19960929
oestr001,1997,CIN,,19970401,19970928
oestr001,1998,CIN,,19980331,19980927
oestr001,1999,CIN,,19990405,19991004
oestr001,2000,CIN,,20000403,20001001
oestr001,2001,CIN,,20010402,20011007
oglib001,2000,SDN,Hitting,20000403,20000530
okril101,1961,BOS,Bullpen,19610411,19611001
okril101,1962,BOS,Bullpen,19620410,19620930
okril101,1965,BOS,Bullpen,19650412,19651003
okril101,1966,BOS,Bullpen,19660412,19660927
okril101,1970,DET,Bullpen,19700406,19701001
oldib101,1964,PHI,,19640414,19641004
oldib101,1965,PHI,,19650412,19651003
oldib101,1966,PHI,,19660413,19661002
oldib101,1968,MIN,,19680410,19680929
oldib101,1969,MON,,19690408,19691002
oleac101,1920,NYA,,19200414,19200929
oleac101,1921,NYA,,19210413,19211013
oleac101,1922,NYA,,19220412,19221008
oleac101,1923,NYA,,19230418,19231007
oleac101,1924,NYA,,19240415,19240927
oleac101,1925,NYA,,19250414,19251003
oleac101,1926,NYA,,19260413,19261010
oleac101,1927,NYA,,19270412,19271008
oleac101,1928,NYA,,19280411,19281009
oleac101,1929,NYA,,19290418,19291006
oleac101,1930,NYA,,19300415,19300928
oleac101,1931,CHN,,19310414,19310927
oleac101,1932,CHN,,19320412,19321002
oleac101,1934,SLA,,19340417,19340930
oleac101,1935,SLA,,19350416,19350929
oleac101,1936,SLA,,19360414,19360926
oleac101,1937,SLA,,19370421,19370720
olivd102,1987,TEX,,19870406,19871004
olivd102,1988,TEX,,19880404,19881002
olivd102,1989,TEX,,19890404,19891001
olivd102,1990,TEX,,19900409,19901003
olivd102,1991,TEX,,19910408,19911006
olivd102,1992,TEX,,19920406,19921004
olivd102,1993,TEX,,19930405,19931003
olivd102,1994,TEX,,19940404,19940810
olivd102,1995,BOS,3B,19950426,19951006
olivd102,1996,BOS,3B,19960401,19960929
olivm801,1994,CAL,Bullpen,19940405,19940516
olivm801,1994,CAL,1B,19940519,19940810
olivm801,1995,CHN,Bench,19950426,19951001
olivm801,1996,CHN,Bench,19960401,19960929
olivm801,1997,CHN,1B,19970401,19970928
olivt101,1951,PHA,,19510417,19510930
olivt101,1952,PHA,,19520416,19520928
olivt101,1953,PHA,,19530414,19530927
olivt101,1954,BAL,3B,19540413,19540925
olivt102,1976,MIN,,19760409,19761003
olivt102,1977,MIN,,19770409,19771002
olivt102,1978,MIN,,19780405,19781001
olivt102,1985,MIN,,19850409,19851006
olivt102,1986,MIN,,19860408,19861005
olivt102,1987,MIN,,19870407,19871025
olivt102,1988,MIN,,19880405,19881002
olivt102,1989,MIN,,19890404,19891001
olivt102,1990,MIN,,19900409,19901003
olivt102,1991,MIN,,19910409,19911027
olsoi101,1924,BRO,,19240415,19240928
olsoi101,1930,BRO,,19300415,19300928
olsoi101,1931,BRO,,19310414,19310927
olsoi101,1932,NY1,,19320412,19320925
oneib801,1962,CHN,,19620528,19620821
oneim102,1930,CLE,,19300610,19300928
oneis101,1935,CLE,,19350416,19350804
oneis101,1941,DET,,19410416,19410928
oneis101,1949,CLE,,19490419,19491002
oneis101,1950,BOS,3B,19500418,19500619
onslj101,1925,PIT,,19250414,19251015
onslj101,1926,PIT,,19260413,19260925
onslj101,1927,WS1,,19270412,19271002
onslj101,1928,SLN,,19280411,19281009
onslj101,1931,PHI,,19310414,19310927
onslj101,1932,PHI,,19320412,19320925
onslj101,1934,BOS,Pitching,19340417,19340930
oquej001,1999,SLN,Bench,19990405,19991003
oquej001,2000,SLN,3B,20000403,20001016
oquej001,2001,SLN,3B,20010402,20011014
oquej001,2002,SLN,3B,20020401,20021014
oquej001,2003,SLN,3B,20030331,20030928
oquej001,2004,SLN,3B,20040405,20041027
oquej001,2005,SLN,3B,20050405,20051019
oquej001,2006,SLN,3B,20060403,20061001
oquej001,2007,SLN,3B,20070401,20070930
oquej001,2008,SLN,3B,20080401,20080928
oquej001,2009,SLN,3B,20090406,20091010
oquej001,2010,SLN,3B,20100405,20101003
oquej001,2011,SLN,3B,20110331,20111028
oquej001,2012,SLN,3B,20120404,20121022
oquej001,2013,SLN,3B,20130401,20131030
oquej001,2014,SLN,3B,20140331,20141016
oquej001,2015,SLN,3B,20150405,20151013
oquej001,2018,SLN,3B,20180329,20181001
oquej001,2020,SLN,,20200723,20200927
orter801,2013,CIN,Hitting,20130401,20131001
ortih001,2015,TEX,1B,20150406,20151014
ortih001,2016,TEX,1B,20160404,20161009
ortih001,2017,TEX,1B,20170402,20171001
ortih001,2018,TEX,Bullpen,20180329,20181001
ortih001,2019,TEX,1B,20190329,20190929
ortil001,2019,TEX,Hitting,20190329,20190929
ortil001,2020,TEX,Hitting,20200723,20200927
ortil001,2021,TEX,Hitting,20210401,20211003
ortil001,2022,BOS,Hitting,20220408,20221005
ortil001,2023,BOS,Hitting,20230330,20231001
ortil001,2024,BOS,Hitting,20240328,20240929
osbod801,1963,PIT,Pitching,19630408,19630929
osbod801,1964,PIT,Pitching,19640414,19641004
osbod801,1970,PIT,Pitching,19700407,19701005
osbod801,1971,PIT,Pitching,19710406,19711017
osbod801,1972,PIT,Pitching,19720415,19721011
osbod801,1974,PIT,Pitching,19740405,19741009
osbod801,1975,PIT,Pitching,19750410,19751007
osbod801,1976,PIT,Pitching,19760410,19761003
ostec103,1977,SLN,Pitching,19770407,19771002
ostec103,1978,SLN,Pitching,19780407,19781001
ostec103,1979,SLN,Pitching,19790406,19790930
ostec103,1980,SLN,Pitching,19800410,19801005
ostec103,1982,PHI,Pitching,19820408,19821003
ostec103,1983,PHI,Pitching,19830405,19831016
ostec103,1984,PHI,Pitching,19840403,19840930
ostec103,1985,PHI,Pitching,19850409,19851006
ostec103,1986,PHI,Pitching,19860407,19861005
ostec103,1987,PHI,Pitching,19870407,19871004
ostec103,1988,PHI,Pitching,19880405,19881002
ostec103,1993,TEX,Pitching,19930405,19931003
ostec103,1994,TEX,Pitching,19940404,19940810
ostec103,1999,LAN,Pitching,19990526,19991003
ostec103,2000,LAN,Pitching,20000403,20001001
osulp801,2024,SDN,Hitting,20240320,20241011
oterr101,1959,CIN,,19590409,19590927
oterr101,1960,CIN,,19600412,19601002
oterr101,1961,CIN,,19610411,19611009
oterr101,1962,CIN,,19620409,19620930
oterr101,1963,CIN,,19630408,19630929
oterr101,1964,CIN,,19640413,19641004
oterr101,1965,CIN,,19650412,19651003
oterr101,1966,CLE,,19660411,19661002
otisa001,1988,SDN,,19880405,19881002
otisa001,1989,SDN,,19890403,19891001
otisa001,1990,SDN,,19900409,19900711
otisa001,1993,COL,Hitting,19930405,19931003
ott-e101,1989,HOU,,19890404,19891001
ott-e101,1990,HOU,,19900409,19901003
ott-e101,1991,HOU,,19910408,19911006
ott-e101,1992,HOU,,19920407,19921004
ott-e101,1993,HOU,,19930405,19931003
ott-e101,2001,DET,Bullpen,20010403,20011007
ott-e101,2002,DET,Bullpen,20020402,20020408
overs101,1963,DET,Pitching,19630618,19630929
overs101,1964,DET,Pitching,19640414,19641003
overs101,1965,DET,Pitching,19650412,19651003
overs101,1966,DET,Pitching,19660412,19661002
owend001,2008,KCA,Bench,20080331,20080928
owend001,2009,KCA,3B,20090407,20091004
owend001,2010,KCA,3B,20100405,20101003
owene001,2015,TOR,Hitting,20150406,20151023
owene001,2016,TOR,Hitting,20160403,20161019
owenj101,1967,HOU,,19670709,19671001
owenj101,1968,HOU,,19680410,19680929
owenj101,1969,HOU,,19690408,19691002
owenj101,1970,HOU,,19700407,19701001
owenj101,1971,HOU,,19710405,19710930
owenj101,1972,HOU,,19720415,19721004
owenm101,1955,BOS,,19550412,19550925
owenm101,1956,BOS,,19560417,19560930
owens001,2016,TEX,3B,20160404,20161009
ozard801,1965,LAN,,19650412,19651014
ozard801,1966,LAN,,19660412,19661009
ozard801,1967,LAN,,19670410,19671001
ozard801,1968,LAN,,19680410,19680929
ozard801,1969,LAN,,19690407,19691002
ozard801,1970,LAN,,19700407,19701001
ozard801,1971,LAN,,19710405,19710930
ozard801,1972,LAN,,19720415,19721004
ozard801,1980,LAN,,19800410,19801006
ozard801,1981,LAN,,19810409,19811028
ozard801,1982,LAN,,19820406,19821003
ozard801,1983,SFN,3B,19830405,19831002
ozard801,1984,SFN,3B,19840403,19840804
pacht801,1974,CLE,,19740406,19741002
pacht801,1976,HOU,,19760408,19761002
pacht801,1977,HOU,,19770408,19771002
pacht801,1978,HOU,,19780406,19781001
paepj801,1961,LAA,,19610411,19611001
paepj801,1962,LAA,,19620410,19620930
paepj801,1963,LAA,,19630409,19630928
paepj801,1964,LAA,,19640413,19641004
paepj801,1965,CAL,,19650413,19651003
paepj801,1966,CAL,,19660412,19661002
pafka101,1960,MLN,,19600412,19601002
pafka101,1961,MLN,,19610411,19611001
pafka101,1962,MLN,,19620410,19620930
pagaj101,1974,PIT,,19740405,19741009
pagaj101,1975,PIT,,19750410,19751007
pagaj101,1976,PIT,,19760410,19761003
pagaj101,1977,PIT,,19770407,19771002
pagaj101,1978,PIT,,19780407,19781001
pagem001,1995,KCA,1B,19950426,19951001
pagem001,1996,KCA,1B,19960402,19960929
pagem001,1997,KCA,1B,19970402,19970706
pagem001,2001,SLN,Hitting,20010713,20011014
pagem001,2002,SLN,Hitting,20020401,20021014
pagem001,2003,SLN,Hitting,20030331,20030928
pagem001,2004,SLN,Hitting,20040405,20041027
pagem001,2006,WAS,Hitting,20060403,20061001
pagem001,2007,WAS,Hitting,20070402,20070510
pagep101,1947,CIN,,19470415,19470928
pagep101,1948,CIN,,19480419,19481003
pagep101,1949,CIN,,19490419,19491002
pagep101,1950,CIN,,19500418,19501001
pagep101,1951,CIN,,19510416,19510930
pagep101,1952,CIN,,19520415,19520928
paglm001,2017,MIA,Hitting,20170402,20171001
paglm001,2018,MIA,Hitting,20180329,20181001
paglm001,2019,MIA,Hitting,20190329,20190419
paigs101,1969,ATL,,19690407,19691006
parem001,2012,CHA,Bench,20120406,20121003
parem001,2013,CHA,Bench,20130401,20130929
parem001,2014,CHA,Bench,20140331,20140928
parem001,2015,CHA,Bench,20150406,20151001
parkd001,1997,ANA,,19970402,19970928
parkd001,1998,SLN,Hitting,19980331,19980927
parks102,1958,SFN,1B,19580415,19580928
parks102,1959,SFN,3B,19590410,19590927
parks102,1960,SFN,3B,19600412,19601002
parks102,1961,SFN,3B,19610411,19611001
parks102,1962,CLE,,19620410,19620930
parks102,1964,LAA,,19640413,19641004
parks102,1965,CAL,,19650413,19651003
parks102,1966,CAL,,19660412,19661002
parks102,1967,NYN,,19670411,19670921
parks102,1968,HOU,,19680410,19680929
parks102,1969,HOU,,19690408,19691002
parks102,1970,HOU,,19700407,19701001
parks102,1971,HOU,,19710405,19710930
parks102,1972,HOU,,19720415,19720825
parks102,1972,HOU,,19720827,19721004
parks102,1973,CAL,3B,19730406,19730930
parks102,1974,CAL,,19740405,19741002
parks102,1979,SFN,,19790906,19790930
parrg001,2024,WAS,1B,20240328,20240929
parrl001,1999,DET,3B,19990405,19991002
parrl001,2000,DET,Bullpen,20000403,20001001
parrl001,2001,DET,3B,20010403,20011007
parrl001,2003,DET,Bullpen,20030331,20030928
parrl001,2004,DET,Bullpen,20040405,20041003
parrl001,2005,DET,Bullpen,20050404,20051002
parrl002,1997,DET,Bench,19970401,19970928
parrl002,1998,DET,Bench,19980331,19980831
parrl002,2011,ATL,Hitting,20110331,20110928
pascc102,1978,MIN,Pitching,19780405,19781001
pascc102,1979,MIN,Pitching,19790406,19790930
pascc102,1980,MIN,Pitching,19800410,19801005
patkm801,1946,CLE,,19460825,19460929
patkm801,1947,CLE,,19470415,19470928
patkm801,1948,CLE,,19480420,19481011
patkm801,1949,CLE,,19490419,19491002
pattg101,2001,TOR,,20010401,20011007
pattg101,2002,TOR,Bullpen,20020401,20020604
pattg101,2002,TOR,Pitching,20020605,20020929
pattg101,2003,TOR,Pitching,20030331,20030928
pattg101,2004,TOR,Pitching,20040405,20041003
pattg101,2007,NYA,Pitching,20070402,20071008
pattg101,2017,OAK,Bullpen,20170615,20170618
paulj001,2018,ANA,Bench,20180329,20181001
paulj001,2019,ANA,Bench,20190329,20190929
paulj001,2020,DET,,20200723,20200927
paulm101,1987,OAK,Bullpen,19870407,19871004
paulm101,1988,OAK,Bullpen,19880404,19881020
paulm101,1989,SEA,Pitching,19890403,19891001
paulm101,1990,SEA,Pitching,19900409,19901003
paulm101,1991,SEA,Pitching,19910409,19911006
pavlg801,1985,NYN,Pitching,19850409,19851006
pavlg801,1986,NYN,Pitching,19860408,19861027
pavlg801,1988,NYN,Pitching,19880404,19881012
pavlg801,1989,NYN,Pitching,19890403,19891001
pavlg801,1990,NYN,Pitching,19900409,19901003
pavlg801,1991,NYN,Pitching,19910408,19911006
pavlg801,1994,NYN,Pitching,19940404,19940811
pavlg801,1995,NYN,Pitching,19950426,19951001
pavlg801,1996,NYN,Pitching,19960401,19960825
pazim101,1995,CHA,Pitching,19950812,19951001
pazim101,1996,CHA,Pitching,19960331,19960929
pazim101,1997,CHA,Pitching,19970401,19970928
pazim101,1998,CHA,Pitching,19980331,19980522
pedra001,2004,ARI,3B,20040406,20040701
pedra001,2009,HOU,3B,20090921,20091004
pedra001,2010,HOU,Bench,20100405,20101003
pedra001,2011,HOU,Bench,20110401,20110928
pedra001,2018,OAK,1B,20180329,20181001
pedra001,2019,OAK,1B,20190329,20190929
pedra001,2020,OAK,3B,20200723,20200927
pedra001,2022,MIA,3B,20220408,20221005
peith101,1912,CIN,,19120411,19120909
peith101,1913,SLN,,19130412,19131005
peith101,1916,CIN,,19160412,19160425
penar801,2024,PHI,Hitting,20240329,20241009
penat001,2006,NYA,1B,20060403,20061007
penat001,2007,NYA,1B,20070402,20071008
penat001,2008,NYA,1B,20080401,20080928
penat001,2009,NYA,Bench,20090406,20091004
penat001,2010,NYA,Bench,20100404,20101022
penat001,2011,NYA,Bench,20110331,20111006
penat001,2012,NYA,Bench,20120406,20121018
penat001,2013,NYA,Bench,20130401,20130929
penat001,2014,NYA,Bench,20140401,20140928
penat001,2015,NYA,1B,20150406,20151006
penat001,2016,NYA,1B,20160405,20161002
penat001,2017,NYA,1B,20170402,20171001
penat002,2021,KCA,,20210401,20211003
pendt001,2002,ATL,Hitting,20020401,20021007
pendt001,2003,ATL,Hitting,20030331,20031005
pendt001,2004,ATL,Hitting,20040406,20041011
pendt001,2005,ATL,Hitting,20050405,20051009
pendt001,2006,ATL,Hitting,20060403,20061001
pendt001,2007,ATL,Hitting,20070402,20070930
pendt001,2008,ATL,Hitting,20080330,20080928
pendt001,2009,ATL,Hitting,20090405,20091004
pendt001,2010,ATL,Hitting,20100405,20101011
pendt001,2011,ATL,1B,20110331,20110928
pendt001,2012,ATL,1B,20120405,20121005
pendt001,2013,ATL,1B,20130401,20131007
pendt001,2014,ATL,1B,20140331,20140928
pendt001,2015,ATL,1B,20150406,20151004
pendt001,2016,ATL,1B,20160404,20160516
pendt001,2016,ATL,Bench,20160517,20161002
pendt001,2017,ATL,Bench,20170402,20171001
pennh101,1936,BOS,Pitching,19360414,19360927
pennh101,1937,BOS,Pitching,19370420,19371003
pennh101,1938,BOS,Pitching,19380418,19381002
pennh101,1939,BOS,Pitching,19390420,19390428
pentj801,1996,FLO,Hitting,19960708,19960929
pentj801,1997,CHN,Hitting,19970714,19970928
pentj801,1998,CHN,Hitting,19980331,19981003
pentj801,1999,CHN,Hitting,19990406,19991003
pentj801,2000,CHN,Hitting,20000329,20001001
pentj801,2001,CHN,Hitting,20010402,20011007
pentj801,2002,CHN,Hitting,20020401,20020929
pentj801,2003,KCA,Hitting,20030331,20030928
pentj801,2004,KCA,Hitting,20040405,20041003
pentj801,2005,KCA,Hitting,20050404,20050529
pentj801,2006,SEA,Hitting,20060403,20061001
pentj801,2007,SEA,Hitting,20070402,20070930
pentj801,2008,SEA,Hitting,20080331,20080608
pentj801,2010,LAN,,20100405,20101003
pentj801,2011,LAN,Hitting,20110331,20110719
pentj801,2015,NYA,Hitting,20150406,20151006
pepij101,1982,NYA,,19820605,19821003
peree001,2011,FLO,Hitting,20110609,20110928
peree001,2012,MIA,Hitting,20120404,20121003
peree001,2013,HOU,Bench,20130402,20130929
peree002,2007,ATL,Bullpen,20070402,20070930
peree002,2008,ATL,Bullpen,20080330,20080928
peree002,2009,ATL,Bullpen,20090405,20091004
peree002,2010,ATL,Bullpen,20100405,20101011
peree002,2011,ATL,Bullpen,20110331,20110928
peree002,2012,ATL,Bullpen,20120405,20121005
peree002,2013,ATL,Bullpen,20130401,20131007
peree002,2014,ATL,Bullpen,20140331,20140928
peree002,2015,ATL,Bullpen,20150406,20151004
peree002,2016,ATL,Bullpen,20160404,20160516
peree002,2016,ATL,1B,20160517,20161002
peree002,2017,ATL,1B,20170402,20171001
peree002,2023,ATL,,20230330,20231012
peree002,2024,ATL,,20240329,20241002
peret001,1987,CIN,,19870406,19871004
peret001,1988,CIN,,19880404,19881002
peret001,1989,CIN,,19890403,19891001
peret001,1990,CIN,,19900409,19901020
peret001,1991,CIN,,19910408,19911006
peret001,1992,CIN,,19920406,19921004
peret002,2017,ARI,3B,20170402,20171001
peret002,2018,ARI,3B,20180329,20181001
peret002,2019,ARI,3B,20190329,20190929
peret002,2020,ARI,3B,20200723,20200927
peret002,2021,ARI,3B,20210401,20211003
peret002,2022,ARI,3B,20220407,20221005
peret002,2023,ARI,3B,20230330,20231101
peret002,2024,ARI,3B,20240328,20240929
perkc101,1932,NYA,,19320412,19321002
perkc101,1933,NYA,,19330413,19331001
perkc101,1934,DET,,19340417,19341009
perkc101,1935,DET,,19350417,19351007
perkc101,1936,DET,,19360414,19360927
perkc101,1937,DET,,19370420,19370919
perkc101,1946,PHI,,19460416,19460929
perkc101,1947,PHI,,19470415,19470928
perkc101,1948,PHI,,19480420,19481003
perkc101,1949,PHI,,19490418,19491002
perkc101,1950,PHI,,19500418,19501007
perkc101,1951,PHI,,19510417,19510930
perkc101,1952,PHI,,19520416,19520928
perkc101,1953,PHI,,19530414,19530927
perkc101,1954,PHI,,19540413,19540926
perls101,1987,NYN,3B,19870407,19871004
perls101,1988,NYN,3B,19880404,19881012
perls101,1989,NYN,3B,19890403,19891001
perls101,1990,CIN,3B,19900409,19901020
perls101,1991,CIN,3B,19910408,19911006
perls101,1992,CIN,3B,19920406,19921004
perls101,1993,SEA,3B,19930406,19931003
perls101,1994,SEA,3B,19940404,19940811
perls101,1995,SEA,3B,19950427,19951002
perls101,1996,BAL,3B,19960402,19961013
perls101,1997,BAL,3B,19970402,19970928
perls101,1998,BAL,3B,19980331,19980927
perls101,1999,BAL,3B,19990405,19991003
perls101,2000,BAL,3B,20000403,20001001
perls101,2001,BAL,Bench,20010402,20011006
perls101,2002,BAL,Bench,20020401,20020929
perls101,2003,BAL,Bench,20030331,20030928
perls101,2004,BAL,Bench,20040404,20041003
perls101,2005,BAL,Bench,20050404,20050803
perls101,2008,SEA,3B,20080331,20080928
perls101,2009,PHI,3B,20090405,20091104
perls101,2010,PHI,3B,20100405,20101023
perls101,2011,PHI,1B,20110401,20111007
perls101,2012,PHI,1B,20120405,20121003
perrg001,2000,SEA,Hitting,20000404,20001017
perrg001,2001,SEA,Hitting,20010402,20011022
perrg001,2002,SEA,Hitting,20020401,20020929
perrg001,2003,PIT,Hitting,20030331,20030928
perrg001,2004,PIT,Hitting,20040405,20041003
perrg001,2005,PIT,Hitting,20050404,20051002
perrg001,2006,OAK,Hitting,20060403,20061014
perrg001,2007,CHN,Hitting,20070402,20071006
perrg001,2008,CHN,Hitting,20080331,20081004
perrg001,2009,CHN,Hitting,20090406,20090613
perrg001,2011,OAK,Hitting,20110401,20110928
perrr101,1981,LAN,Pitching,19810409,19811028
perrr101,1982,LAN,Pitching,19820406,19821003
perrr101,1983,LAN,Pitching,19830405,19831008
perrr101,1984,LAN,Pitching,19840403,19840930
perrr101,1985,LAN,Pitching,19850409,19851016
perrr101,1986,LAN,Pitching,19860407,19861005
perrr101,1987,LAN,Pitching,19870406,19871004
perrr101,1988,LAN,Pitching,19880404,19881020
perrr101,1989,LAN,Pitching,19890403,19891001
perrr101,1990,LAN,Pitching,19900409,19901003
perrr101,1991,LAN,Pitching,19910410,19911006
perrr101,1992,LAN,Pitching,19920406,19921004
perrr101,1993,LAN,Pitching,19930405,19931003
perrr101,1994,LAN,Pitching,19940405,19940811
perrr101,1997,SFN,Bench,19970401,19971003
perrr101,1998,SFN,Pitching,19980331,19980928
perrr101,1999,SFN,Pitching,19990405,19991003
peskj101,1965,PIT,1B,19650412,19651003
peskj101,1966,PIT,1B,19660412,19661002
peskj101,1967,PIT,1B,19670411,19671001
peskj101,1975,BOS,1B,19750408,19751022
peskj101,1976,BOS,1B,19760409,19761003
peskj101,1977,BOS,1B,19770407,19771001
peskj101,1978,BOS,1B,19780407,19781002
peskj101,1979,BOS,1B,19790405,19790930
peskj101,1980,BOS,Bench,19800410,19800930
peskj101,1981,BOS,Bench,19810410,19811004
peskj101,1982,BOS,Bench,19820410,19821003
peskj101,1983,BOS,Bench,19830405,19831002
peskj101,1984,BOS,Bench,19840402,19840930
peter801,1984,PIT,,19840403,19840930
peter801,1985,PIT,,19850409,19851006
peter801,1994,CHA,,19940404,19940810
peter801,1995,CHA,Bullpen,19950426,19950601
peter801,1998,OAK,Pitching,19980401,19980927
peter801,1999,OAK,Pitching,19990405,19991003
peter801,2000,OAK,Pitching,20000403,20001008
peter801,2001,OAK,Pitching,20010402,20011015
peter801,2002,OAK,Pitching,20020401,20021006
peter801,2003,OAK,Pitching,20030401,20031006
peter801,2004,NYN,Pitching,20040406,20041003
peter801,2005,NYN,Pitching,20050404,20051002
peter801,2006,NYN,Pitching,20060403,20061001
peter801,2007,NYN,Pitching,20070401,20070930
peter801,2008,NYN,Pitching,20080331,20080616
peter801,2010,MIL,Pitching,20100405,20101003
pettg001,2001,CHA,1B,20010402,20011007
pettg001,2002,CHA,1B,20020401,20020929
pettg001,2003,NYN,1B,20030331,20030928
pettg001,2004,NYN,1B,20040406,20041003
pettg001,2007,TEX,1B,20070402,20070930
pettg001,2008,TEX,1B,20080331,20080928
pettg001,2009,TEX,1B,20090406,20091004
pettg001,2010,TEX,1B,20100405,20101101
pettg001,2011,TEX,1B,20110401,20111028
pettg001,2012,TEX,1B,20120406,20121003
pettg001,2013,TEX,1B,20130331,20130930
pettg001,2014,TEX,3B,20140331,20140928
pettg001,2015,HOU,3B,20150406,20151014
pettg001,2016,HOU,3B,20160405,20161002
pettg001,2017,HOU,3B,20170402,20171001
pettg001,2018,HOU,3B,20180329,20181001
pettg001,2019,HOU,3B,20190329,20190929
pettg001,2020,HOU,3B,20200723,20200927
pettg001,2021,HOU,3B,20210401,20211003
pettg001,2022,HOU,3B,20220407,20221105
pettg001,2023,HOU,3B,20230330,20231023
pettg001,2024,HOU,3B,20240328,20241002
pettj101,2002,SLN,Bench,20020401,20021014
pettj101,2003,SLN,Bench,20030331,20030928
pettj101,2004,SLN,Bench,20040405,20041027
pettj101,2005,SLN,Bench,20050405,20051019
pettj101,2006,SLN,Bench,20060403,20061001
pettj101,2007,SLN,Bench,20070401,20070930
pettj101,2008,SLN,Bench,20080401,20080928
pettj101,2009,SLN,Bench,20090406,20091010
pettj101,2010,SLN,Bench,20100405,20101003
pettj101,2011,SLN,Bench,20110331,20111028
pettj101,2012,HOU,Bench,20120406,20121003
pevem001,1999,TOR,Bullpen,19990406,19991003
pevem001,2006,TOR,1B,20060404,20061001
pevem001,2007,TOR,1B,20070402,20070930
pevem001,2008,TOR,3B,20080401,20080619
pfisg101,1952,BRO,,19520415,19521007
phild103,1980,SDN,,19800410,19801005
phill801,1965,LAN,Pitching,19650412,19651014
phill801,1966,LAN,Pitching,19660412,19661009
phill801,1967,LAN,Pitching,19670410,19671001
phill801,1968,LAN,Pitching,19680410,19680929
phill801,1969,CAL,,19690408,19690525
piccr001,1990,SDN,,19900712,19901003
piccr001,1991,SDN,,19910409,19911006
piccr001,1992,SDN,,19920406,19921004
piccr001,1993,SDN,,19930406,19931003
piccr001,1994,SDN,,19940404,19940811
piccr001,1995,SDN,,19950426,19951001
piccr001,1996,SDN,,19960401,19961005
piccr001,1997,SDN,,19970401,19970928
piccr001,1998,SDN,,19980331,19980927
piccr001,1999,SDN,,19990404,19991003
piccr001,2000,SDN,,20000403,20001001
piccr001,2001,SDN,,20010402,20011007
piccr001,2002,SDN,,20020401,20020929
piccr001,2003,SDN,,20030331,20030928
piccr001,2004,SDN,,20040405,20041003
piccr001,2005,SDN,,20050404,20051008
piccr001,2011,ANA,Bench,20110331,20110928
piccr001,2012,ANA,Bench,20120406,20121003
piccr001,2013,ANA,Bench,20130401,20130929
pichr101,1976,MON,,19760409,19761003
piciv101,1934,CIN,,19340417,19340930
pickj801,2021,CIN,,20210401,20211003
pickj801,2022,CIN,,20220407,20221005
picoj001,2014,CIN,Pitching,20140331,20140928
picoj001,2015,CIN,Pitching,20150406,20151004
picoj001,2020,DET,Bullpen,20200723,20200927
pierj102,1975,TEX,,19750721,19750928
pierj801,2013,MIA,Hitting,20130729,20130929
pignj101,1965,WS2,,19650412,19651003
pignj101,1966,WS2,,19660411,19660926
pignj101,1967,WS2,,19670410,19671001
pignj101,1968,NYN,,19680410,19680929
pignj101,1969,NYN,,19690408,19691016
pignj101,1970,NYN,,19700407,19701001
pignj101,1971,NYN,,19710406,19710930
pignj101,1972,NYN,,19720415,19721004
pignj101,1973,NYN,,19730406,19731021
pignj101,1974,NYN,,19740406,19741002
pignj101,1975,NYN,,19750408,19750928
pignj101,1976,NYN,,19760409,19761003
pignj101,1977,NYN,,19770407,19771002
pignj101,1978,NYN,,19780407,19781001
pignj101,1979,NYN,,19790405,19790930
pignj101,1980,NYN,,19800410,19801005
pignj101,1981,NYN,,19810409,19811004
pignj101,1982,ATL,,19820406,19821010
pignj101,1983,ATL,,19830404,19831002
pignj101,1984,ATL,,19840403,19840930
pilip801,2018,NYA,Hitting,20180329,20181001
pilip801,2019,NYA,Hitting,20190329,20190929
pilip801,2020,NYA,Hitting,20200723,20200927
pilip801,2021,NYA,Hitting,20210401,20211003
pilip801,2022,COL,Hitting,20220408,20221005
pilip801,2024,COL,Hitting,20240328,20240929
pinil001,1984,NYA,,19840618,19840930
pinil001,1985,NYA,,19850408,19851006
pinsv101,1977,SEA,Hitting,19770406,19771002
pinsv101,1978,SEA,Hitting,19780405,19781001
pinsv101,1979,SEA,Hitting,19790404,19790930
pinsv101,1980,SEA,Hitting,19800409,19801005
pinsv101,1981,CHA,,19810410,19811004
pinsv101,1982,SEA,1B,19820406,19821003
pinsv101,1983,SEA,1B,19830405,19831002
pinsv101,1985,DET,Hitting,19850408,19851006
pinsv101,1986,DET,Hitting,19860407,19861005
pinsv101,1987,DET,Hitting,19870406,19871012
pinsv101,1988,DET,Hitting,19880404,19881002
pinsv101,1989,DET,Hitting,19890404,19891001
pinsv101,1990,DET,Hitting,19900409,19901003
pinsv101,1991,DET,Hitting,19910408,19911006
pinsv101,1993,FLO,1B,19930405,19931003
pinsv101,1994,FLO,1B,19940405,19940811
pitlj101,1947,BRO,,19470415,19471006
pitlj101,1948,BRO,,19480420,19481003
pitlj101,1949,BRO,,19490419,19491009
pitlj101,1950,BRO,,19500418,19501001
pitlj101,1951,BRO,,19510417,19511003
pitlj101,1952,BRO,,19520415,19521007
pitlj101,1953,BRO,,19530414,19531005
pitlj101,1954,BRO,,19540413,19540926
pitlj101,1955,BRO,,19550413,19551004
pitlj101,1956,BRO,,19560417,19561010
pitlj101,1957,BRO,,19570416,19570929
pittg101,1991,SLN,,19910409,19911006
pittg101,1992,SLN,,19920406,19921004
pittg101,1993,SLN,,19930406,19931003
pittg101,1994,SLN,,19940403,19940811
pittg101,1995,SLN,,19950426,19951001
planp001,2012,SDN,Hitting,20120405,20121003
planp001,2013,SDN,Hitting,20130401,20130929
planp001,2014,SDN,Hitting,20140330,20140928
planp001,2023,ANA,Hitting,20230330,20231001
planp001,2024,ANA,Hitting,20240328,20240929
plasm801,2024,BAL,Pitching,20240328,20241002
plazr801,1969,SE1,1B,19690408,19691002
plazr801,1978,CIN,,19780406,19781001
plazr801,1979,CIN,,19790404,19791005
plazr801,1980,CIN,,19800409,19801005
plazr801,1981,CIN,,19810408,19811004
plazr801,1982,CIN,,19820405,19821003
plazr801,1983,CIN,,19830404,19831002
plazr801,1986,OAK,,19860408,19861005
plumb101,1982,SEA,Bullpen,19820406,19821003
plumb101,1983,SEA,Bullpen,19830405,19830903
plumb101,1988,SEA,3B,19880714,19881002
plumb101,1989,SEA,Bullpen,19890403,19891001
plumb101,1990,SEA,Bullpen,19900409,19901003
plumb101,1991,SEA,3B,19910409,19911006
plumb101,1993,COL,Bullpen,19930902,19931003
plumb101,1994,COL,Bullpen,19940404,19940811
podrj101,1973,SDN,,19730406,19731001
podrj101,1980,BOS,Pitching,19800410,19801005
podrj101,1981,MIN,Pitching,19810409,19811004
podrj101,1982,MIN,Pitching,19820406,19821003
podrj101,1983,MIN,Pitching,19830405,19831002
podrj101,1984,MIN,Pitching,19840403,19840930
podrj101,1985,MIN,Pitching,19850409,19850907
podrj101,1991,PHI,Pitching,19910408,19911006
podrj101,1992,PHI,Pitching,19920407,19921004
podrj101,1993,PHI,Pitching,19930405,19931023
podrj101,1994,PHI,Pitching,19940404,19940811
podrj101,1995,PHI,Pitching,19950426,19951001
podrj101,1996,PHI,Pitching,19960402,19960418
poldb801,2004,KCA,Bullpen,20040405,20041003
poldb801,2005,KCA,Bullpen,20050404,20051002
poldb801,2006,KCA,1B,20060403,20061001
poldb801,2007,KCA,3B,20070402,20070930
poled101,1988,CHN,Pitching,19880405,19881002
poled101,1989,CHN,Pitching,19890404,19891009
poled101,1990,CHN,Pitching,19900410,19901003
poled101,1991,CHN,Pitching,19910409,19910628
poled101,1993,SFN,Pitching,19930406,19931003
poled101,1994,SFN,Pitching,19940404,19940810
poled101,1995,SFN,Pitching,19950426,19951001
poled101,1996,SFN,Pitching,19960401,19960929
poled101,1997,SFN,Pitching,19970401,19971003
poled101,1998,BOS,Bullpen,19980401,19981003
poled101,1999,ANA,Pitching,19990406,19991003
poled101,2000,CLE,Pitching,20000403,20001001
poled101,2001,CLE,Pitching,20010402,20011007
poled101,2002,MON,Pitching,20020402,20020929
poled101,2003,CHN,Bench,20030331,20031015
poled101,2004,CHN,Bench,20040405,20041003
poled101,2005,CHN,Bench,20050404,20051002
poled101,2006,CHN,Bench,20060403,20061001
poled101,2007,CIN,Pitching,20070402,20070930
poled101,2008,CIN,Pitching,20080331,20080928
poled101,2009,CIN,Pitching,20090406,20091004
pollh101,1959,SLN,,19590410,19590927
pollh101,1960,SLN,,19600412,19601002
pollh101,1961,SLN,,19610411,19611001
pollh101,1962,SLN,,19620411,19620930
pollh101,1963,SLN,,19630409,19630929
pollh101,1964,SLN,,19640414,19641015
pollh101,1965,HOU,,19650412,19651003
popkd801,2022,MIN,Hitting,20220408,20221005
popkd801,2023,MIN,Hitting,20230330,20231011
popkd801,2024,MIN,Hitting,20240328,20240929
popoe801,1967,BOS,3B,19670412,19671012
popoe801,1968,BOS,3B,19680410,19680929
popoe801,1969,BOS,3B,19690408,19690922
popoe801,1970,BOS,3B,19700407,19700930
popoe801,1971,BOS,3B,19710406,19710929
popoe801,1972,BOS,3B,19720415,19721004
popoe801,1973,BOS,3B,19730406,19730929
popoe801,1974,BOS,1B,19740405,19741002
popoe801,1976,BOS,3B,19760719,19761003
poqut101,1997,KCA,Hitting,19970710,19970928
poqut101,1998,KCA,,19980331,19980927
portb001,2007,FLO,3B,20070402,20070930
portb001,2008,FLO,3B,20080331,20080928
portb001,2009,FLO,3B,20090406,20091004
portb001,2010,ARI,3B,20100405,20100702
portb001,2010,ARI,Bench,20100703,20101003
portb001,2011,WAS,3B,20110331,20110928
portb001,2012,WAS,3B,20120405,20121012
portb001,2015,ATL,3B,20150406,20151004
portb001,2016,ATL,3B,20160404,20161002
portb001,2024,ANA,1B,20240328,20240929
poseb102,1949,PIT,1B,19490419,19491002
poseb102,1950,PIT,1B,19500418,19501001
poseb102,1951,PIT,1B,19510416,19510930
poseb102,1952,PIT,1B,19520415,19520928
poseb102,1953,PIT,1B,19530414,19530927
poseb102,1954,SLN,,19540413,19540926
poseb102,1955,SLN,,19550412,19550925
poseb102,1956,SLN,,19560417,19560930
poseb102,1957,SLN,,19570416,19570427
poseb102,1958,PHI,,19580415,19580928
poseb102,1959,SFN,Pitching,19590410,19590927
poseb102,1960,SFN,Pitching,19600412,19601002
poseb102,1968,OAK,Pitching,19680410,19680929
poseb102,1969,OAK,Pitching,19690408,19691002
poseb102,1970,OAK,Pitching,19700407,19701001
poseb102,1971,OAK,Pitching,19710405,19711005
poseb102,1972,OAK,Pitching,19720415,19721022
poseb102,1974,SDN,,19740405,19741002
powea001,2010,SEA,Hitting,20100509,20101003
powea001,2012,SDN,Hitting,20120405,20121003
powea001,2013,SDN,Hitting,20130401,20130929
powea001,2014,SDN,Hitting,20140330,20140928
powea001,2015,SDN,Hitting,20150406,20151004
powea001,2016,HOU,Hitting,20160405,20161002
powea001,2017,HOU,Hitting,20170402,20171001
powea001,2018,SFN,Hitting,20180329,20181001
powea001,2019,SFN,Hitting,20190329,20190929
powet001,2016,CIN,Bullpen,20160705,20161002
powet001,2017,CIN,Pitching,20170402,20171001
powet001,2018,CIN,Pitching,20180329,20181001
presj001,1998,ARI,Hitting,19980331,19980927
presj001,1999,ARI,Hitting,19990405,19991009
presj001,2000,ARI,Hitting,20000404,20001001
presj001,2006,FLO,Hitting,20060403,20061001
presj001,2007,FLO,Hitting,20070402,20070930
presj001,2008,FLO,Hitting,20080331,20080928
presj001,2009,FLO,Hitting,20090406,20091004
presj001,2010,FLO,Hitting,20100405,20100622
presj001,2011,BAL,Hitting,20110401,20110928
presj001,2012,BAL,Hitting,20120406,20121012
presj001,2013,BAL,Hitting,20130402,20130929
presj001,2014,BAL,Hitting,20140331,20141015
pricb801,2000,SEA,Pitching,20000404,20001017
pricb801,2001,SEA,Pitching,20010402,20011022
pricb801,2002,SEA,Pitching,20020401,20020929
pricb801,2003,SEA,Pitching,20030401,20030928
pricb801,2004,SEA,Pitching,20040406,20041003
pricb801,2005,SEA,Pitching,20050404,20051002
pricb801,2006,ARI,Pitching,20060403,20061001
pricb801,2007,ARI,Pitching,20070402,20071015
pricb801,2008,ARI,Pitching,20080331,20080928
pricb801,2009,ARI,Pitching,20090406,20090507
pricb801,2010,CIN,Pitching,20100405,20101010
pricb801,2011,CIN,Pitching,20110331,20110928
pricb801,2012,CIN,Pitching,20120405,20121003
pricb801,2013,CIN,Pitching,20130401,20131001
pricb801,2024,SFN,Pitching,20240328,20240929
pricj103,1947,CLE,,19470415,19470928
pricj103,1948,CLE,,19480420,19481011
priea001,2013,OAK,,20130401,20131010
priec001,2018,SEA,1B,20180329,20181001
priec001,2019,SEA,3B,20190329,20190929
priec001,2022,TBA,1B,20220408,20221008
priec001,2023,TBA,1B,20230330,20231004
print001,2017,PIT,Bench,20170402,20171001
print001,2018,PIT,Bench,20180329,20181001
print001,2019,PIT,Bench,20190329,20190929
priom001,2018,LAN,Bullpen,20180329,20181001
priom001,2019,LAN,Bullpen,20190329,20190929
priom001,2020,LAN,Pitching,20200723,20200927
priom001,2021,LAN,Pitching,20210401,20211003
priom001,2022,LAN,Pitching,20220408,20221015
priom001,2023,LAN,Pitching,20230330,20231011
priom001,2024,LAN,Pitching,20240320,20241030
puend801,2024,CLE,Hitting,20240328,20241019
pujol001,1993,MON,1B,19930405,19931003
pujol001,1994,MON,1B,19940404,19940811
pujol001,1995,MON,1B,19950426,19951001
pujol001,1996,MON,1B,19960402,19960929
pujol001,1997,MON,1B,19970401,19970928
pujol001,1998,MON,1B,19980401,19980927
pujol001,1999,MON,,19990405,19991003
pujol001,2000,MON,Bench,20000403,20000720
pujol001,2002,DET,Bench,20020402,20020408
pujol001,2003,SFN,1B,20030331,20031004
pujol001,2004,SFN,1B,20040405,20041003
pujol001,2005,SFN,1B,20050405,20051002
pujol001,2006,SFN,1B,20060403,20061001
quadm801,2000,OAK,1B,20000403,20001008
quadm801,2001,OAK,1B,20010402,20011015
quadm801,2002,OAK,1B,20020401,20021006
quadm801,2006,CHN,3B,20060720,20060728
quadm801,2007,CHN,3B,20070402,20071006
quadm801,2008,CHN,3B,20080331,20081004
quadm801,2009,CHN,3B,20090406,20091004
quadm801,2010,CHN,3B,20100405,20100822
quath801,2021,NYN,Hitting,20210504,20211003
quatm801,2014,CLE,Hitting,20140331,20140928
quatm801,2015,CLE,Hitting,20150406,20151004
quatm801,2016,CLE,Hitting,20160405,20161102
quatm801,2017,CLE,Hitting,20170402,20171001
quatm801,2018,TBA,3B,20180329,20181001
quatm801,2019,TBA,Bench,20190329,20190929
quatm801,2020,TBA,Bench,20200723,20200927
quatm801,2021,TBA,Bench,20210401,20211003
quatm801,2022,TBA,Bench,20220408,20221008
queem102,1982,CLE,,19820410,19821003
queem102,1996,TOR,Pitching,19960401,19960929
queem102,1997,TOR,Pitching,19970401,19970923
queem102,1998,TOR,Pitching,19980401,19980927
queem102,1999,TOR,Pitching,19990406,19991003
quilf101,1971,MIN,,19710406,19710930
quilf101,1972,MIN,,19720415,19720706
quinm001,2016,BAL,Hitting,20160404,20161004
quirj001,1994,KCA,Bullpen,19940404,19940810
quirj001,1995,KCA,Bullpen,19950426,19951001
quirj001,1996,KCA,Bench,19960402,19960929
quirj001,1997,KCA,Bench,19970402,19970928
quirj001,1998,KCA,Bench,19980331,19980927
quirj001,1999,KCA,Bench,19990405,19991002
quirj001,2000,KCA,Bench,20000403,20001001
quirj001,2001,KCA,Bench,20010402,20011007
quirj001,2002,TEX,Bullpen,20020401,20020929
quirj001,2003,COL,Bench,20030401,20030928
quirj001,2004,COL,Bench,20040406,20041003
quirj001,2005,COL,Bench,20050404,20051002
quirj001,2006,COL,Bench,20060403,20061001
quirj001,2007,COL,Bench,20070402,20071028
quirj001,2008,COL,Bench,20080401,20080928
quirj001,2010,HOU,Bullpen,20100405,20101003
quirj001,2011,HOU,Bullpen,20110401,20110928
quirj001,2012,CHN,Bench,20120405,20121003
quirj001,2013,CHN,Bench,20130401,20130929
rabem001,2020,PIT,Hitting,20200723,20200927
rabem001,2022,PIT,3B,20220407,20221005
rabem001,2023,PIT,3B,20230330,20231001
rabem001,2024,PIT,3B,20240328,20240929
raded103,1979,SDN,,19790405,19790930
raded103,1986,CHA,,19860407,19860619
raded103,1986,CHA,,19860622,19861005
raded103,1987,CHA,,19870406,19871004
raded103,1992,OAK,Hitting,19920406,19921014
raded103,1993,FLO,Hitting,19930405,19931003
raded103,1994,FLO,Hitting,19940405,19940811
raded103,1997,CHA,,19970401,19970928
radid801,1993,SDN,,19930406,19931003
radid801,1994,SDN,,19940404,19940811
radid801,1995,CHN,1B,19950426,19951001
radid801,1996,CHN,1B,19960401,19960929
radid801,1997,CHN,3B,19970401,19970928
radid801,1998,CHN,1B,19980331,19981003
radid801,1999,CHN,1B,19990406,19991003
radid801,2010,WAS,1B,20100405,20101003
radid801,2011,WAS,1B,20110331,20110629
radid801,2012,HOU,1B,20120819,20121003
radid801,2013,HOU,Hitting,20130402,20130929
radis001,2010,CLE,Bullpen,20100405,20101003
radis001,2011,CLE,Bullpen,20110401,20110928
radis001,2012,CLE,Pitching,20120405,20120808
radis001,2016,ANA,Bullpen,20160404,20161002
radis001,2017,ANA,Bullpen,20170402,20171001
radis001,2018,ANA,Bullpen,20180329,20181001
ragap101,1924,PHI,,19240415,19240928
ragsc801,2020,TEX,1B,20200723,20200927
ragsc801,2021,TEX,1B,20210401,20211003
ragsc801,2022,TEX,1B,20220408,20220814
ragsc801,2022,TEX,3B,20220815,20221005
ragsc801,2023,TEX,1B,20230330,20231101
ragsc801,2024,TEX,1B,20240328,20240929
raint001,2005,CHA,,20050404,20051002
raint001,2006,CHA,,20060402,20061001
ramil801,2022,MIN,Pitching,20220408,20221005
ramil801,2023,MIN,Pitching,20230330,20231011
ramil801,2024,MIN,Pitching,20240328,20240929
ramoc001,2024,PHI,Bullpen,20240329,20241009
ramor001,1998,TBA,Bullpen,19980901,19980927
ramor001,2000,ANA,Bullpen,20000403,20001001
ramor001,2001,ANA,Bullpen,20010403,20011007
ramor001,2002,ANA,Bullpen,20020331,20020929
ramor001,2006,TBA,Bullpen,20060403,20061001
ramor001,2007,TBA,Bullpen,20070402,20070930
ramor001,2008,TBA,Bullpen,20080331,20081027
ramor001,2009,TBA,Bullpen,20090407,20091004
ramor001,2010,TBA,Bullpen,20100406,20101012
ramor001,2011,TBA,Bullpen,20110401,20111004
randb101,1980,MIN,,19800410,19801005
randw001,1994,NYA,3B,19940404,19940811
randw001,1995,NYA,3B,19950426,19951008
randw001,1996,NYA,3B,19960402,19961026
randw001,1997,NYA,3B,19970401,19971006
randw001,1998,NYA,3B,19980401,19981021
randw001,1999,NYA,3B,19990405,19991027
randw001,2000,NYA,3B,20000403,20001026
randw001,2001,NYA,3B,20010402,20011104
randw001,2002,NYA,3B,20020401,20021005
randw001,2003,NYA,3B,20030331,20030928
randw001,2004,NYA,Bench,20040330,20041003
randw001,2009,MIL,Bench,20090407,20091004
randw001,2010,MIL,Bench,20100405,20101003
randw001,2011,BAL,Bench,20110401,20110928
rangj801,2019,TEX,Pitching,20190329,20190929
rangj801,2023,SLN,Pitching,20230330,20231001
rangj801,2024,SLN,Bullpen,20240328,20240929
rappv801,1979,MON,Bench,19790406,19790930
rappv801,1980,MON,1B,19800411,19801005
rappv801,1981,MON,1B,19810409,19811019
rappv801,1982,MON,1B,19820409,19821003
rappv801,1983,MON,Bench,19830406,19831002
raymc101,2002,MON,,20020402,20020929
raymc101,2003,MON,,20030331,20030928
raymc101,2004,MON,,20040406,20041003
readr001,2009,SDN,Hitting,20090731,20091004
readr001,2010,SDN,Hitting,20100405,20101003
readr001,2011,SDN,Hitting,20110331,20110928
rebef101,1991,CAL,Bullpen,19910409,19911006
rebef101,1993,FLO,Bullpen,19930405,19931003
rebef101,1994,FLO,Bullpen,19940519,19940811
redmm001,2017,COL,Bench,20170402,20171001
redmm001,2018,COL,Bench,20180329,20181001
redmm001,2019,COL,Bench,20190329,20190929
redmm001,2020,COL,Bench,20200723,20200927
redmm001,2021,COL,Bench,20210401,20211003
redmm001,2022,COL,Bench,20220408,20221005
redmm001,2023,COL,Bench,20230330,20231001
redmm001,2024,COL,Bench,20240328,20240929
redye801,1950,SLA,,19500418,19501001
redye801,1951,SLA,,19510417,19510930
reedj003,2023,MIA,3B,20230330,20231004
reedj004,2019,ANA,Hitting,20190329,20190929
reedj004,2020,ANA,Hitting,20200723,20200927
reedj004,2021,ANA,Hitting,20210401,20211003
reedj004,2022,ANA,Hitting,20220407,20221005
reedm801,2016,ATL,Bullpen,20160517,20161002
reedm801,2017,ATL,Bullpen,20170402,20171001
reedm801,2018,ATL,Bullpen,20180329,20181001
reedm801,2019,ATL,Bullpen,20190329,20190929
reedm801,2020,ATL,Bullpen,20200723,20200927
reesj101,1972,CAL,,19720415,19721004
reesj101,1973,CAL,,19730406,19730930
reesj101,1987,CAL,,19870407,19871004
reesj101,1989,CAL,,19890404,19891001
reesp101,1959,LAN,,19590411,19591008
regap101,1984,SEA,Pitching,19840826,19840930
regap101,1985,SEA,Pitching,19850409,19851006
regap101,1986,SEA,Pitching,19860408,19861005
regap101,1994,CLE,Pitching,19940404,19940810
regap101,1997,CHN,Pitching,19970401,19970928
regap101,1998,CHN,Pitching,19980331,19981003
regap101,1999,CLE,Pitching,19990406,19991011
regap101,2019,NYN,Pitching,20190620,20190929
reisp101,1960,LAN,,19600412,19601002
reisp101,1961,LAN,,19610411,19611001
reisp101,1962,LAN,Bench,19620410,19621003
reisp101,1963,LAN,,19630409,19631006
reisp101,1964,LAN,,19640414,19641004
reisp101,1966,CHN,,19660713,19661002
reisp101,1967,CHN,3B,19670411,19671001
reisp101,1968,CHN,3B,19680410,19680929
reisp101,1969,CHN,3B,19690408,19691002
reisp101,1970,CAL,Hitting,19700407,19701001
reisp101,1971,CAL,Hitting,19710406,19710930
reisp101,1972,CHN,3B,19720415,19721004
reisp101,1973,CHN,3B,19730406,19731001
reisp101,1974,CHN,3B,19740725,19741002
renir101,1981,KCA,Hitting,19810410,19811005
renir101,1985,MON,Hitting,19850408,19851006
renir101,1986,MON,3B,19860408,19861005
renir101,1987,MIN,,19870407,19871025
renir101,1988,MIN,,19880405,19881002
renir101,1989,MIN,,19890404,19891001
renir101,1990,MIN,,19900409,19901003
renir101,1997,PIT,Bench,19970401,19970928
renir101,1998,PIT,Bench,19980401,19980927
renir101,1999,PIT,Bench,19990405,19991003
renir101,2000,PIT,Bench,20000404,20001001
renir101,2001,MON,Bench,20010402,20011007
renir101,2002,FLO,Bench,20020402,20020929
rentr001,2008,SDN,1B,20080331,20080928
rentr001,2009,SDN,1B,20090406,20091004
rentr001,2010,SDN,1B,20100405,20101003
rentr001,2011,SDN,Bench,20110331,20110928
rentr001,2012,SDN,Bench,20120405,20121003
rentr001,2013,SDN,Bench,20130401,20130929
rentr001,2016,CHA,Bench,20160404,20161002
resig801,1966,ATL,,19660412,19660808
resig801,1967,CHA,,19670412,19671001
resig801,1968,CHA,,19680410,19680711
resig801,1969,DET,3B,19690408,19691001
resig801,1970,DET,3B,19700406,19701001
resig801,1975,CAL,Bench,19750407,19750928
resig801,1976,CAL,Bench,19760409,19761003
rettm101,1983,TEX,Hitting,19830404,19831002
rettm101,1984,TEX,Hitting,19840403,19840930
rettm101,1985,TEX,Hitting,19850408,19850521
rettm101,1989,OAK,Hitting,19890403,19891028
rettm101,1990,OAK,Hitting,19900409,19901020
rettm101,1991,SDN,Hitting,19910409,19911006
rettm101,1992,SDN,Hitting,19920406,19921004
rettm101,1993,SDN,Hitting,19930406,19931003
rettm101,1994,SDN,Hitting,19940404,19940811
rettm101,1995,SDN,Hitting,19950426,19951001
rettm101,1996,SDN,Hitting,19960401,19961005
rettm101,1997,SDN,Hitting,19970401,19970928
rettm101,1998,SDN,Hitting,19980331,19980927
rettm101,1999,SDN,Hitting,19990404,19991003
rettm101,2000,ATL,Hitting,20000403,20001007
rettm101,2001,ATL,Hitting,20010402,20011021
rettm101,2002,DET,Hitting,20020402,20020929
rettm101,2006,SDN,Hitting,20060615,20061008
rettm101,2007,SDN,Hitting,20070403,20070729
reyec801,1981,SEA,3B,19810409,19811004
reynt101,1989,OAK,Bench,19890403,19891028
reynt101,1990,OAK,Bench,19900409,19901020
reynt101,1991,OAK,Bench,19910409,19911006
reynt101,1992,OAK,Bench,19920406,19921014
reynt101,1993,OAK,3B,19930405,19931003
reynt101,1994,OAK,3B,19940405,19940811
reynt101,1995,OAK,3B,19950426,19951001
reynt101,1996,SLN,,19960401,19961017
riced101,1962,LAA,,19620410,19620930
riced101,1963,LAA,,19630409,19630928
riced101,1964,LAA,,19640413,19641004
riced101,1965,CAL,,19650413,19651003
riced101,1966,CAL,,19660412,19661002
riced101,1967,CLE,,19670411,19671001
ricej001,1995,BOS,Hitting,19950426,19951006
ricej001,1996,BOS,Hitting,19960401,19960929
ricej001,1997,BOS,Hitting,19970402,19970928
ricej001,1998,BOS,Hitting,19980401,19981003
ricej001,1999,BOS,Hitting,19990405,19991018
ricej001,2000,BOS,Hitting,20000404,20001001
richa001,2020,SFN,1B,20200723,20200927
richa001,2021,SFN,1B,20210401,20211003
richa001,2022,SFN,1B,20220408,20221005
richa001,2023,SFN,1B,20230330,20231001
richa001,2024,NYN,1B,20240329,20241020
rickd102,1970,PIT,Bullpen,19700901,19701005
rickd102,1971,PIT,Bullpen,19710406,19711017
rickd102,1972,PIT,Bullpen,19720415,19721011
rickd102,1973,PIT,Bullpen,19730406,19731001
rickd102,1974,SLN,,19740405,19741001
rickd102,1975,SLN,,19750407,19750928
rickd102,1978,SLN,,19780407,19781001
rickd102,1979,SLN,,19790406,19790930
rickd102,1980,SLN,,19800410,19801005
rickd102,1981,SLN,,19810411,19811004
rickd102,1982,SLN,,19820406,19821020
rickd102,1983,SLN,,19830405,19831002
rickd102,1984,SLN,,19840403,19840930
rickd102,1985,SLN,,19850409,19851027
rickd102,1986,SLN,,19860408,19861005
rickd102,1987,SLN,,19870407,19871025
rickd102,1988,SLN,,19880404,19881002
rickd102,1989,SLN,,19890403,19891001
rickd102,1990,SLN,,19900409,19901003
rickd102,1991,SLN,,19910409,19911006
riddg801,1987,SDN,,19870406,19871004
riddg801,1988,SDN,,19880405,19881002
riddg801,1989,SDN,,19890403,19891001
riddg801,1990,SDN,,19900409,19900711
riddg801,1998,TBA,3B,19980331,19980831
riddg801,1999,TBA,3B,19990405,19991003
riddj101,1948,PIT,,19480419,19481003
riddj101,1949,PIT,,19490419,19491002
riddj101,1950,PIT,,19500418,19501001
riddj101,1952,SLN,,19520415,19520928
riddj101,1953,SLN,,19530414,19530927
riddj101,1954,SLN,,19540413,19540926
riddj101,1955,SLN,,19550412,19550925
riddj101,1957,MLN,,19570416,19571010
riddj101,1958,CIN,,19580415,19580928
riddj101,1959,PHI,,19590410,19590927
riggj801,1989,SLN,1B,19890403,19891001
riggj801,1990,SLN,1B,19900409,19901003
riggj801,2000,CLE,,20000403,20001001
riggj801,2001,LAN,Bench,20010402,20011007
riggj801,2002,LAN,Bench,20020402,20020929
riggj801,2003,LAN,Bench,20030331,20030928
riggj801,2004,LAN,Bench,20040405,20041010
riggj801,2008,SEA,Bench,20080331,20080618
riggj801,2009,WAS,Bench,20090406,20090712
riggj801,2015,CIN,3B,20150406,20151004
riggj801,2016,CIN,Bench,20160404,20161002
riggj801,2017,CIN,Bench,20170402,20171001
riggj801,2018,CIN,Bench,20180329,20180418
riggj801,2019,NYN,Bench,20190329,20190929
riggm801,1995,SLN,,19950426,19951001
riggm801,2011,CHN,Pitching,20110401,20110928
riggm801,2016,CIN,Pitching,20160404,20160703
righd001,2000,SFN,Pitching,20000403,20001008
righd001,2001,SFN,Pitching,20010402,20011007
righd001,2002,SFN,Pitching,20020402,20021027
righd001,2003,SFN,Pitching,20030331,20031004
righd001,2004,SFN,Pitching,20040405,20041003
righd001,2005,SFN,Pitching,20050405,20051002
righd001,2006,SFN,Pitching,20060403,20061001
righd001,2007,SFN,Pitching,20070403,20070930
righd001,2008,SFN,Pitching,20080331,20080928
righd001,2009,SFN,Pitching,20090407,20091004
righd001,2010,SFN,Pitching,20100405,20101101
righd001,2011,SFN,Pitching,20110331,20110928
righd001,2012,SFN,Pitching,20120406,20121028
righd001,2013,SFN,Pitching,20130401,20130929
righd001,2014,SFN,Pitching,20140331,20141029
righd001,2015,SFN,Pitching,20150406,20151004
righd001,2016,SFN,Pitching,20160404,20161011
righd001,2017,SFN,Pitching,20170402,20171001
rignb101,1975,SDN,,19750410,19750928
rigoj801,1996,PHI,,19960402,19960929
rigoj801,1997,PHI,,19970401,19970928
ripkc801,1976,BAL,Bullpen,19760409,19761003
ripkc801,1977,BAL,Bullpen,19770407,19771001
ripkc801,1978,BAL,3B,19780407,19781001
ripkc801,1979,BAL,3B,19790406,19791017
ripkc801,1980,BAL,3B,19800410,19801005
ripkc801,1981,BAL,3B,19810410,19811004
ripkc801,1982,BAL,3B,19820405,19821003
ripkc801,1983,BAL,3B,19830404,19831002
ripkc801,1984,BAL,3B,19840402,19840930
ripkc801,1985,BAL,3B,19850408,19850612
ripkc801,1985,BAL,3B,19850614,19851006
ripkc801,1986,BAL,3B,19860407,19861005
ripkc801,1989,BAL,3B,19890403,19891001
ripkc801,1990,BAL,3B,19900409,19901003
ripkc801,1991,BAL,3B,19910408,19911006
ripkc801,1992,BAL,3B,19920406,19921004
rippr101,1970,PHI,Pitching,19700407,19701001
rippr101,1971,PHI,Pitching,19710406,19710930
rippr101,1972,PHI,Pitching,19720415,19721004
rippr101,1973,PHI,Pitching,19730406,19730930
rippr101,1974,PHI,Pitching,19740406,19741002
rippr101,1975,PHI,Pitching,19750408,19750928
rippr101,1976,PHI,Pitching,19760410,19761012
rippr101,1977,PHI,Pitching,19770409,19771008
rippr101,1978,PHI,Pitching,19780407,19781007
ritcg801,2011,PIT,Hitting,20110401,20110928
ritcg801,2012,PIT,Hitting,20120405,20121003
rivel001,2006,CLE,1B,20060402,20061001
rivel001,2007,CLE,1B,20070402,20071021
rivel001,2008,CLE,1B,20080331,20080928
rivel001,2009,CLE,1B,20090406,20091004
rivel001,2013,TOR,3B,20130402,20130929
rivel001,2014,TOR,3B,20140331,20140928
rivel001,2015,TOR,3B,20150406,20151023
rivel001,2016,TOR,3B,20160403,20161019
rivel001,2017,TOR,3B,20170402,20171001
rivel001,2018,TOR,3B,20180329,20181001
rivel001,2019,TOR,3B,20190329,20190929
rivel001,2020,TOR,3B,20200723,20200927
rivel001,2021,TOR,3B,20210401,20211003
rivel001,2022,TOR,3B,20220408,20221008
rivel001,2023,TOR,3B,20230330,20231004
roarm101,1965,DET,Bullpen,19650412,19651003
roarm101,1966,DET,Bullpen,19660412,19661002
roarm101,1967,CAL,,19670411,19671001
roarm101,1968,CAL,,19680410,19680929
roarm101,1969,CAL,,19690408,19691002
roarm101,1970,DET,Pitching,19700406,19701001
roarm101,1978,CHN,Pitching,19780407,19781001
roarm101,1979,CHN,Pitching,19790405,19790930
roarm101,1980,CHN,Pitching,19800410,19801005
roarm101,1984,SLN,Pitching,19840403,19840930
roarm101,1985,SLN,Pitching,19850409,19851027
roarm101,1986,SLN,Pitching,19860408,19861005
roarm101,1987,SLN,Pitching,19870407,19871025
roarm101,1988,SLN,Pitching,19880404,19881002
roarm101,1989,SLN,Pitching,19890403,19891001
roarm101,1990,SLN,Pitching,19900409,19901003
roarm101,1991,SDN,Pitching,19910409,19911006
roarm101,1992,SDN,Pitching,19920406,19921004
roarm101,1993,SDN,Pitching,19930406,19931003
roarm101,1994,BOS,Pitching,19940404,19940810
robed001,2011,SDN,1B,20110331,20110928
robed001,2012,SDN,1B,20120405,20121003
robed001,2013,SDN,1B,20130401,20130929
robed001,2014,SDN,Bench,20140330,20140928
robed001,2015,SDN,Bench,20150406,20151004
robed102,1987,CLE,,19870716,19871004
robel001,1999,TBA,Hitting,19990405,19991003
robel001,2000,TBA,Hitting,20000403,20001001
robem801,1992,PHI,,19920407,19921004
robem801,1993,PHI,,19930405,19931023
robem801,1994,PHI,,19940404,19940811
robem801,1995,PHI,,19950426,19951001
robes102,1970,MIN,,19700407,19701005
robib101,1984,NYN,,19840402,19840930
robib101,1985,NYN,,19850409,19851006
robib101,1986,NYN,,19860408,19861027
robib101,1987,NYN,,19870407,19871004
robib101,1988,NYN,,19880404,19881012
robib101,1989,NYN,,19890403,19891001
robib101,2002,FLO,Hitting,20020402,20020929
robib101,2003,FLO,Hitting,20030331,20031025
robib101,2004,FLO,Hitting,20040406,20041003
robib101,2005,FLO,Hitting,20050405,20051002
robib104,1977,BAL,,19770407,19771001
robid101,1993,CHA,,19930406,19931012
robid101,1994,CHA,,19940404,19940810
robid101,2008,HOU,Pitching,20080331,20080928
robid101,2009,HOU,Pitching,20090406,20091004
robie101,1957,BAL,,19570626,19570929
robie101,1958,BAL,,19580415,19580928
robie101,1959,BAL,,19590409,19590927
robif103,1978,BAL,Hitting,19780407,19781001
robif103,1979,BAL,Hitting,19790406,19791017
robif103,1980,BAL,Hitting,19800410,19801005
robif103,1985,BAL,Bench,19850408,19851006
robif103,1986,BAL,Bench,19860407,19861005
robif103,1987,BAL,Bench,19870406,19871004
robis802,1964,NYN,,19640414,19641004
robis802,1965,NYN,,19650412,19651003
robis802,1966,NYN,,19660415,19661002
robis802,1967,NYN,,19670411,19671001
robis802,1972,NYN,,19720415,19721004
robiw101,1911,NY1,,19110412,19111026
robiw101,1912,NY1,,19120411,19121016
robiw101,1913,NY1,,19130410,19131011
robst101,1986,TEX,,19860408,19861005
robst101,1987,TEX,,19870406,19871004
robst101,1988,TEX,,19880404,19881002
robst101,1989,TEX,Hitting,19890404,19891001
robst101,1990,TEX,Hitting,19900409,19901003
robst101,1991,TEX,Hitting,19910408,19911006
robst101,1992,TEX,Hitting,19920406,19921004
robst101,1997,NYN,Hitting,19970401,19970928
robst101,1998,NYN,Hitting,19980331,19980927
robst101,1999,NYN,Hitting,19990405,19990605
robst101,2000,NYN,Hitting,20000329,20001026
robst101,2002,NYN,Bench,20020401,20020929
robst101,2003,CIN,Hitting,20030331,20030727
rodgb102,1970,MIN,,19700407,19701005
rodgb102,1971,MIN,,19710406,19710930
rodgb102,1972,MIN,,19720415,19721004
rodgb102,1973,MIN,,19730406,19730930
rodgb102,1974,MIN,Pitching,19740405,19741002
rodgb102,1976,SFN,Pitching,19760409,19761002
rodgb102,1978,MIL,3B,19780407,19781001
rodgb102,1979,MIL,3B,19790405,19790930
rodgb102,1980,MIL,Bench,19800607,19800908
rodre801,1996,CAL,3B,19960805,19960929
rodre801,1998,TOR,3B,19980401,19980927
rodre801,2001,ARI,1B,20010403,20011104
rodre801,2002,ARI,3B,20020401,20021005
rodre801,2003,ARI,3B,20030331,20030928
rodre801,2004,MON,Bench,20040406,20041003
rodre801,2005,WAS,Bench,20050404,20051002
rodre801,2006,WAS,Bench,20060403,20061001
rodre801,2008,SEA,1B,20080331,20080928
rodre801,2010,KCA,1B,20100405,20101003
rodre801,2011,KCA,3B,20110331,20110928
rodre801,2012,KCA,3B,20120406,20121003
rodre801,2013,KCA,3B,20130401,20130929
rodre801,2023,CHA,3B,20230330,20231001
rodre801,2024,CHA,3B,20240328,20240808
rodrr001,2011,OAK,Bullpen,20110401,20110928
rodrr001,2012,OAK,Bullpen,20120328,20121011
rodrr801,2020,MIA,Hitting,20200723,20200927
rodrr801,2021,MIA,Hitting,20210401,20211003
rodrv001,2013,BOS,Hitting,20130401,20131030
rodrv001,2014,BOS,Hitting,20140331,20140928
rodrv001,2015,BOS,Hitting,20150406,20151004
rodrv001,2016,BOS,Hitting,20160405,20161010
rodrv001,2017,BOS,Hitting,20170402,20171001
rodrv001,2018,CLE,Hitting,20180329,20181001
rodrv001,2019,CLE,Hitting,20190329,20190929
rodrv001,2020,CLE,Hitting,20200723,20200927
rodrv001,2021,CLE,Hitting,20210401,20211003
rodrv001,2022,CLE,Hitting,20220407,20221018
rodrv001,2023,CLE,Hitting,20230330,20231001
rodrv001,2024,SDN,Hitting,20240320,20241011
roenr001,1992,LAN,,19920406,19921004
roenr001,1993,LAN,,19930405,19931003
roenr001,2000,ANA,3B,20000403,20001001
roenr001,2001,ANA,3B,20010403,20011007
roenr001,2002,ANA,3B,20020331,20020929
roenr001,2003,ANA,3B,20030330,20030928
roenr001,2004,ANA,3B,20040406,20041008
roenr001,2005,ANA,3B,20050405,20051016
roenr001,2006,ANA,Bench,20060403,20061001
roenr001,2007,ANA,Bench,20070402,20071007
roenr001,2008,ANA,Bench,20080331,20081006
roenr001,2009,ANA,Bench,20090406,20091025
roenr001,2010,ANA,Bench,20100405,20101003
roenr001,2015,LAN,3B,20150817,20151015
roenr001,2016,ANA,3B,20160404,20161002
roenr001,2017,ANA,3B,20170402,20171001
roenr001,2018,BOS,Bench,20180329,20181028
roenr001,2019,BOS,Bench,20190329,20190929
roesp801,2000,MON,Hitting,20000403,20001001
roesp801,2001,MON,Hitting,20010402,20011007
roesp801,2015,NYN,Hitting,20150406,20151101
roesp801,2016,NYN,Hitting,20160403,20161005
roesp801,2017,NYN,Hitting,20170402,20171001
roesp801,2018,NYN,Hitting,20180329,20181001
roesp801,2020,WAS,Hitting,20200723,20200927
roesp801,2021,WAS,Hitting,20210405,20211003
roesp801,2022,WAS,Hitting,20220407,20221005
roesp801,2023,WAS,Hitting,20230330,20231001
roesp801,2024,NYA,Hitting,20240328,20241030
rojac101,1978,CHN,1B,19780407,19781001
rojac101,1979,CHN,1B,19790405,19790930
rojac101,1980,CHN,1B,19800410,19801005
rojac101,1981,CHN,3B,19810409,19811004
rojac101,1993,FLO,3B,19930405,19931003
rojac101,1994,FLO,3B,19940405,19940811
rojac101,1995,FLO,3B,19950425,19951001
rojac101,1996,FLO,3B,19960401,19960706
rojac101,1996,FLO,3B,19960708,19960929
rojac101,1997,NYN,,19970401,19970928
rojac101,1998,NYN,,19980331,19980927
rojac101,1999,NYN,,19990405,19991004
rojac101,2000,NYN,,20000329,20001026
rojac101,2001,TOR,,20010401,20011007
rojac101,2002,TOR,,20020401,20020604
rojae801,2003,BOS,Bullpen,20030331,20031016
rojae801,2004,BOS,Bullpen,20040404,20041003
rojae801,2011,PIT,Bullpen,20110401,20110928
rojae801,2012,PIT,Bullpen,20120405,20121003
rojae801,2013,PIT,Bullpen,20130401,20131009
rojae801,2014,PIT,Bullpen,20140331,20141001
rojae801,2015,PIT,Bullpen,20150406,20151007
rojae801,2016,PIT,Bullpen,20160403,20161002
rojae801,2017,PIT,Bullpen,20170402,20171001
rojae801,2018,PIT,Bullpen,20180329,20181001
rojae801,2019,PIT,Bullpen,20190329,20190929
rojal801,2019,NYN,,20190329,20190929
rojal801,2022,NYA,3B,20220408,20221023
rojal801,2023,NYA,3B,20230330,20231001
rojal801,2024,NYA,3B,20240328,20241030
rojam801,2011,DET,Bullpen,20110704,20111015
rojam801,2012,DET,Bullpen,20120405,20121028
rojam801,2013,DET,Bullpen,20130401,20131019
rojam801,2014,SEA,Bullpen,20140331,20140928
rojam801,2015,SEA,Bullpen,20150406,20151004
rolfr101,1946,NYA,,19460416,19460929
romar001,2008,OAK,Bullpen,20080325,20080928
romar001,2009,OAK,Bullpen,20090406,20091004
romar001,2010,OAK,Bullpen,20100405,20101003
romar001,2011,OAK,Pitching,20110401,20110928
romee001,2008,HOU,3B,20080331,20080928
romee001,2009,HOU,Bench,20090406,20091004
romme101,1933,PHA,,19330412,19331001
romme101,1934,PHA,,19340417,19340930
roofg101,1992,DET,1B,19920406,19921004
roofg101,1993,DET,1B,19930405,19931003
roofg101,1994,DET,1B,19940404,19940811
roofg101,1995,DET,1B,19950426,19951001
roofp101,1978,SDN,,19780407,19781001
roofp101,1983,SEA,Bullpen,19830904,19831002
roofp101,1984,SEA,1B,19840404,19840930
roofp101,1985,SEA,Bullpen,19850409,19851006
roofp101,1986,SEA,Bullpen,19860408,19861005
roofp101,1987,SEA,Bullpen,19870407,19871004
roofp101,1988,SEA,Bullpen,19880404,19881002
roofp101,1990,CHN,Bullpen,19900410,19901003
roofp101,1991,CHN,Bullpen,19910409,19911006
rootc101,1951,CHN,Pitching,19510417,19510930
rootc101,1952,CHN,Pitching,19520415,19520928
rootc101,1953,CHN,Pitching,19530414,19530927
rootc101,1956,MLN,,19560417,19560930
rootc101,1957,MLN,,19570416,19571010
rootc101,1960,CHN,Pitching,19600412,19600504
rosaj001,2024,NYN,Bullpen,20240329,20241020
roseb801,2022,BOS,Hitting,20220408,20221005
roseb801,2023,BOS,Hitting,20230330,20231001
roseb801,2024,BOS,Hitting,20240328,20240929
roseg801,1974,CHA,,19740405,19741002
roseg801,1975,CHA,,19750408,19750928
roseg801,1986,CHA,,19860407,19861005
roseg801,1987,CHA,,19870406,19871004
roseg801,1988,CHA,,19880404,19881002
roseg801,1989,CHA,,19890404,19891001
rosej101,1972,CAL,Bullpen,19720415,19721004
rosej101,1973,CAL,1B,19730406,19730930
rosej101,1974,CAL,Bullpen,19740405,19741002
rosew001,2003,FLO,Pitching,20030511,20031025
rosew001,2004,FLO,Pitching,20040406,20041003
rothf101,1917,PIT,,19170411,19171001
rothf101,1921,NYA,,19210413,19211013
rothf101,1922,NYA,,19220412,19221008
rothf101,1923,CLE,,19230418,19231007
rothf101,1924,CLE,,19240415,19240927
rothf101,1925,CLE,,19250414,19251004
rothf101,1927,CHA,,19270412,19271002
rothl101,1990,CIN,,19900409,19901020
rothl101,1991,CIN,,19910408,19911006
rothl101,1992,CIN,Pitching,19920406,19921004
rothl101,1993,CIN,Pitching,19930405,19930523
rothl101,1995,FLO,Pitching,19950425,19951001
rothl101,1996,FLO,Pitching,19960401,19960929
rothl101,1997,FLO,Pitching,19970401,19971026
rothl101,2002,CHN,Pitching,20020401,20020929
rothl101,2003,CHN,Pitching,20030331,20031015
rothl101,2004,CHN,Pitching,20040405,20041003
rothl101,2005,CHN,Pitching,20050404,20051002
rothl101,2006,CHN,Pitching,20060403,20061001
rothl101,2007,CHN,Pitching,20070402,20071006
rothl101,2008,CHN,Pitching,20080331,20081004
rothl101,2009,CHN,Pitching,20090406,20091004
rothl101,2010,CHN,Pitching,20100405,20101003
rothl101,2011,NYA,Pitching,20110331,20111006
rothl101,2012,NYA,Pitching,20120406,20121018
rothl101,2013,NYA,Pitching,20130401,20130929
rothl101,2014,NYA,Pitching,20140401,20140928
rothl101,2015,NYA,Pitching,20150406,20151006
rothl101,2016,NYA,Pitching,20160405,20161002
rothl101,2017,NYA,Pitching,20170402,20171001
rothl101,2018,NYA,Pitching,20180329,20181001
rothl101,2019,NYA,Pitching,20190329,20190929
rothl101,2020,SDN,Pitching,20200723,20200927
rothl101,2021,SDN,Pitching,20210401,20210822
rouse101,1938,CIN,,19380419,19381002
rowed101,1988,CHA,,19880404,19881002
rowed101,1992,MIL,Pitching,19920406,19921004
rowed101,1993,MIL,Pitching,19930406,19931003
rowed101,1994,MIL,Pitching,19940405,19940811
rowed101,1995,MIL,Pitching,19950426,19951001
rowed101,1996,MIL,Pitching,19960402,19960929
rowed101,1997,MIL,Pitching,19970401,19970928
rowed101,1998,MIL,Pitching,19980331,19980927
rowek101,1985,BAL,Pitching,19850621,19851006
rowek101,1986,BAL,Pitching,19860407,19861005
rower801,1972,MIN,,19720415,19721004
rower801,1973,MIN,,19730406,19730930
rower801,1974,MIN,,19740405,19741002
rower801,1975,MIN,,19750408,19750928
rower801,1981,BAL,Hitting,19810410,19811004
rower801,1982,BAL,Hitting,19820405,19821003
rower801,1983,BAL,Hitting,19830404,19831002
rower801,1984,BAL,Hitting,19840402,19840930
rowes101,1954,DET,Pitching,19540413,19540926
rowes101,1955,DET,Pitching,19550412,19550925
rowsj801,2012,CHN,Hitting,20120613,20121003
rowsj801,2013,CHN,Hitting,20130401,20130929
rowsj801,2017,MIN,Hitting,20170402,20171001
rowsj801,2018,MIN,Hitting,20180329,20181001
rowsj801,2019,MIN,Hitting,20190329,20190929
rowsj801,2020,MIA,Bench,20200723,20200927
rowsj801,2021,MIA,Bench,20210401,20211003
rowsj801,2022,MIA,Bench,20220408,20221005
rowsj801,2023,DET,Hitting,20230330,20231001
rowsj801,2024,NYA,Hitting,20240328,20241030
roysj001,1993,COL,3B,19930405,19931003
roysj001,2000,MIL,Bench,20000403,20001001
roysj001,2001,MIL,Bench,20010402,20011007
roysj001,2002,MIL,Bench,20020402,20020417
roysj001,2012,BOS,3B,20120405,20121003
rubes101,1977,SLN,,19770407,19771002
rubes101,1978,SLN,,19780407,19781001
rudij101,1987,OAK,,19870407,19871004
rudod101,1921,BSN,,19210413,19211001
rudod101,1922,BSN,,19220412,19221001
rudod101,1923,BSN,,19230417,19231006
rudod101,1924,BSN,,19240415,19240701
rudod101,1924,BSN,,19240808,19240928
rudod101,1925,BSN,,19250414,19251003
rudod101,1926,BSN,,19260413,19260929
rudod101,1927,BSN,,19270412,19271002
ruelm101,1936,CHA,,19360414,19360926
ruelm101,1937,CHA,,19370421,19371003
ruelm101,1938,CHA,,19380419,19381002
ruelm101,1939,CHA,,19390418,19391001
ruelm101,1940,CHA,,19400416,19400929
ruelm101,1941,CHA,,19410415,19410928
ruelm101,1942,CHA,,19420414,19420925
ruelm101,1943,CHA,,19430421,19431003
ruelm101,1944,CHA,,19440419,19441001
ruelm101,1945,CHA,,19450417,19450925
ruelm101,1948,CLE,Bullpen,19480420,19481011
ruelm101,1949,CLE,,19490419,19491002
ruelm101,1950,CLE,,19500418,19501001
ruffr101,1951,CLE,,19510417,19510930
ruffr101,1962,NYN,Pitching,19620411,19620930
ruhlv001,1997,HOU,Pitching,19970401,19971003
ruhlv001,1998,HOU,Pitching,19980331,19981004
ruhlv001,1999,HOU,Pitching,19990406,19991003
ruhlv001,2000,HOU,Pitching,20000404,20000622
ruhlv001,2001,PHI,Pitching,20010402,20011007
ruhlv001,2002,PHI,Pitching,20020401,20020929
ruhlv001,2003,NYN,Pitching,20030331,20030928
ruhlv001,2005,CIN,Pitching,20050621,20051002
runnp101,1965,BOS,1B,19650412,19651003
runnp101,1966,BOS,1B,19660412,19660908
runnt001,1990,MON,3B,19900409,19901003
runnt001,1991,MON,3B,19910408,19910602
runnt001,2009,COL,Bench,20090529,20091012
runnt001,2010,COL,Bench,20100405,20101003
runnt001,2011,COL,Bench,20110401,20110928
runnt001,2012,COL,Bench,20120406,20121003
runnt001,2013,COL,Bench,20130401,20130929
runnt001,2014,COL,Bench,20140331,20140928
runnt001,2015,COL,Bench,20150406,20151004
runnt001,2016,COL,Bench,20160404,20161002
russb001,1987,LAN,,19870406,19871004
russb001,1988,LAN,,19880404,19881020
russb001,1989,LAN,,19890403,19891001
russb001,1990,LAN,,19900409,19901003
russb001,1991,LAN,,19910410,19911006
russb001,1994,LAN,,19940405,19940811
russb001,1995,LAN,,19950425,19951006
russb001,1996,LAN,,19960401,19960624
russb001,2000,TBA,Bench,20000403,20001001
russj002,2003,PIT,3B,20030331,20030928
russj002,2004,PIT,3B,20040405,20041003
russj002,2005,PIT,3B,20050404,20051002
russj002,2011,BAL,3B,20110401,20110928
russj002,2012,BAL,Bench,20120406,20121012
russj002,2013,BAL,Bench,20130402,20130929
russj002,2014,BAL,Bench,20140331,20141015
russj002,2015,BAL,Bench,20150406,20151004
russj002,2016,BAL,Bench,20160404,20161004
russj002,2017,BAL,Bench,20170402,20171001
russj002,2018,BAL,Bench,20180329,20181001
russj002,2019,BAL,Bench,20190329,20190929
ruthb101,1938,BRO,,19380619,19381002
ryanc102,1957,MLN,,19570416,19571010
ryanc102,1971,ATL,,19710405,19710930
ryanc102,1973,ATL,,19730522,19730930
ryanc102,1974,ATL,,19740404,19740826
ryanc102,1977,TEX,,19770407,19770622
ryanc102,1977,TEX,,19770628,19771002
ryanc102,1978,TEX,,19780408,19781001
ryanc102,1979,TEX,,19790407,19790930
ryanj103,1912,WS1,Pitching,19120411,19121005
ryanj103,1913,WS1,Pitching,19130514,19131004
ryanj103,1914,WS1,Pitching,19140414,19141007
ryanj103,1923,BOS,Pitching,19230418,19231007
ryanj103,1924,BOS,Pitching,19240415,19240930
ryanj103,1925,BOS,Pitching,19250414,19251002
ryanj103,1926,BOS,Pitching,19260413,19260926
ryanj103,1927,BOS,Pitching,19270412,19271001
ryanm101,1980,PHI,Bullpen,19800411,19801005
ryanm101,1981,PHI,Bullpen,19810408,19811011
ryanm101,1982,PHI,Bullpen,19820408,19821003
ryanm101,1983,PHI,Bullpen,19830405,19831016
ryanm101,1984,PHI,Bullpen,19840403,19840930
ryanm101,1985,PHI,Bullpen,19850409,19851006
ryanm101,1986,PHI,Bullpen,19860407,19861005
ryanm101,1987,PHI,Bullpen,19870407,19871004
ryanm101,1988,PHI,Bullpen,19880405,19881002
ryanm101,1989,PHI,Bullpen,19890404,19891001
ryanm101,1990,PHI,Bullpen,19900410,19901003
ryanm101,1991,PHI,Bullpen,19910408,19911006
ryanm101,1992,PHI,Bullpen,19920407,19921004
ryanm101,1993,PHI,Bullpen,19930405,19931023
ryanm101,1994,PHI,Bullpen,19940404,19940811
ryanm101,1995,PHI,Bullpen,19950426,19951001
rybam101,1951,SLN,,19510417,19510930
rybam101,1952,SLN,,19520415,19520928
rybam101,1953,SLN,,19530414,19530927
rybam101,1954,SLN,,19540413,19540926
sagab801,2021,TEX,Pitching,20210401,20211003
sagab801,2022,TEX,Pitching,20220408,20221005
sagea001,2018,DET,Bullpen,20180627,20181001
sagea001,2019,DET,Bullpen,20190329,20190929
sainj101,1959,KC1,Pitching,19590410,19590927
sainj101,1961,NYA,Pitching,19610411,19611009
sainj101,1962,NYA,Pitching,19620410,19621016
sainj101,1963,NYA,Pitching,19630409,19631006
sainj101,1965,MIN,Pitching,19650412,19651014
sainj101,1966,MIN,Pitching,19660412,19661002
sainj101,1967,DET,Pitching,19670411,19671001
sainj101,1968,DET,Pitching,19680410,19681010
sainj101,1969,DET,Pitching,19690408,19690810
sainj101,1970,CHA,Pitching,19700914,19701001
sainj101,1971,CHA,Pitching,19710407,19710930
sainj101,1972,CHA,Pitching,19720415,19721004
sainj101,1973,CHA,Pitching,19730407,19730930
sainj101,1974,CHA,Pitching,19740405,19741002
sainj101,1975,CHA,Pitching,19750408,19750928
sainj101,1977,ATL,Pitching,19770408,19771002
sainj101,1985,ATL,Pitching,19850409,19851006
sainj101,1986,ATL,Pitching,19860408,19861005
salaj002,2017,COL,Hitting,20170402,20171001
salaj002,2018,COL,Hitting,20180329,20181001
salaj002,2019,COL,Hitting,20190329,20190929
salaj002,2020,COL,Hitting,20200723,20200927
salaj002,2021,COL,Hitting,20210401,20211003
salal001,2001,MIL,1B,20010402,20011007
samuj001,1999,DET,1B,19990405,19991002
samuj001,2000,DET,1B,20000403,20001001
samuj001,2001,DET,1B,20010403,20011007
samuj001,2002,DET,1B,20020402,20020408
samuj001,2002,DET,3B,20020409,20020929
samuj001,2003,DET,3B,20030331,20030928
samuj001,2004,DET,3B,20040405,20041003
samuj001,2005,DET,3B,20050404,20051002
samuj001,2007,BAL,3B,20070402,20070930
samuj001,2008,BAL,3B,20080331,20080928
samuj001,2009,BAL,3B,20090406,20091004
samuj001,2010,BAL,3B,20100406,20100603
samuj001,2011,PHI,3B,20110401,20111007
samuj001,2012,PHI,3B,20120405,20121003
samuj001,2013,PHI,1B,20130401,20130815
samuj001,2013,PHI,3B,20130816,20130929
samuj001,2014,PHI,1B,20140331,20140928
samuj001,2015,PHI,1B,20150406,20151004
samuj001,2016,PHI,3B,20160404,20161002
samuj001,2017,PHI,3B,20170402,20171001
sanda001,2020,BAL,1B,20200723,20200927
sanda001,2021,BAL,1B,20210401,20211003
sanda001,2022,BAL,1B,20220408,20221005
sanda001,2023,BAL,1B,20230330,20231010
sanda001,2024,BAL,1B,20240328,20241002
sandj001,2020,SEA,Bench,20200723,20200927
sandj001,2021,SEA,Bench,20210401,20211003
sandr001,2013,PHI,3B,20130401,20130815
sandt101,1987,PIT,,19870407,19871004
sandt101,1988,PIT,,19880405,19881002
sandt101,1989,PIT,,19890404,19891001
sandt101,1990,PIT,,19900409,19901012
sandt101,1991,PIT,,19910408,19911017
sandt101,1992,PIT,,19920406,19921014
sandt101,1993,PIT,1B,19930406,19931003
sandt101,1994,PIT,,19940404,19940811
sandt101,1995,PIT,,19950426,19951001
sandt101,1996,PIT,,19960401,19960929
sandt101,1997,FLO,1B,19970401,19971026
sandt101,1998,FLO,1B,19980331,19980927
sandt101,1999,COL,1B,19990404,19991003
sandt101,2000,PIT,,20000607,20001001
sandt101,2001,PIT,,20010403,20011007
sandt101,2002,PIT,1B,20020401,20020929
sanfj101,1968,CLE,,19680410,19680927
sanfj101,1969,CLE,,19690408,19691001
santr001,2003,CHA,,20030331,20030928
santr001,2004,CHA,,20040405,20041003
santr002,2018,DET,1B,20180329,20181001
santr002,2019,DET,1B,20190329,20190929
santr002,2020,DET,3B,20200723,20200927
santr002,2021,DET,1B,20210401,20211003
santr002,2022,DET,3B,20220408,20221005
sarbm801,2013,CLE,1B,20130402,20131002
sarbm801,2014,CLE,3B,20140331,20140928
sarbm801,2015,CLE,3B,20150406,20151004
sarbm801,2016,CLE,3B,20160405,20161102
sarbm801,2017,CLE,3B,20170402,20171001
sarbm801,2018,CLE,3B,20180329,20181001
sarbm801,2019,CLE,3B,20190329,20190929
sarbm801,2020,CLE,3B,20200723,20200927
sarbm801,2021,CLE,3B,20210401,20210730
sarbm801,2021,CLE,Bench,20210731,20211003
sarbm801,2022,CLE,3B,20220407,20221018
sarbm801,2023,CLE,3B,20230330,20231001
sarbm801,2024,NYN,3B,20240329,20241020
sarnb101,1957,NY1,,19570821,19570929
saueh101,1979,SFN,,19790906,19790930
saulj801,1975,CHN,Bullpen,19750410,19750928
saulj801,1976,CHN,Bullpen,19760409,19761003
saulj801,1979,OAK,,19790406,19790930
sax-s001,2013,ARI,1B,20130401,20130929
scarr102,1968,BAL,,19680410,19680710
scars001,2017,OAK,3B,20170619,20171001
schaa101,1924,WS1,,19240527,19241010
schaa101,1925,WS1,,19250414,19251015
schaa101,1926,WS1,,19260413,19260926
schaa101,1927,WS1,,19270412,19271002
schaa101,1928,WS1,,19280410,19280930
schaa101,1929,WS1,,19290417,19291006
schaa101,1930,WS1,,19300414,19300928
schaa101,1931,WS1,,19310414,19310927
schaa101,1932,WS1,,19320411,19320925
schaa101,1933,WS1,,19330412,19331001
schaa101,1934,WS1,,19340417,19340930
schaa101,1935,BOS,3B,19350416,19350929
schaa101,1936,BOS,3B,19360414,19360927
schab801,1988,KCA,,19880404,19881002
schab801,1989,KCA,,19890403,19891001
schab801,1990,KCA,,19900409,19901003
schab801,1991,KCA,,19910408,19910521
schab801,1991,KCA,,19910523,19911006
schab801,2002,KCA,Bench,20020401,20020929
schab801,2003,KCA,Bench,20030331,20030928
schab801,2004,KCA,Bench,20040405,20041003
schab801,2005,KCA,Bench,20050404,20050510
schab801,2005,KCA,Bench,20050601,20051002
schab801,2007,OAK,Bench,20070402,20070930
schab801,2008,LAN,Bench,20080331,20081015
schab801,2009,LAN,Bench,20090406,20091021
schab801,2010,LAN,Bench,20100405,20101003
schag101,1916,NYA,,19160412,19161004
schaj104,1978,TEX,,19780408,19781001
schaj104,1980,KCA,,19800410,19801021
schaj104,1981,KCA,,19810410,19811005
schaj104,1982,KCA,,19820405,19821003
schaj104,1983,KCA,,19830404,19831002
schaj104,1984,KCA,,19840403,19841005
schaj104,1985,KCA,,19850408,19851027
schaj104,1986,KCA,,19860408,19861005
schaj104,1987,KCA,,19870406,19871004
schaj104,1988,KCA,,19880404,19881002
schar103,1929,NY1,,19290418,19291006
schar103,1930,CHN,,19300415,19300928
schar103,1931,CHN,,19310414,19310927
schaw101,1936,CLE,,19360414,19360927
schaw101,1937,CLE,,19370420,19371003
schaw101,1938,CLE,,19380419,19381002
schaw801,2023,COL,3B,20230330,20231001
schaw801,2024,COL,3B,20240328,20240929
scheb101,1952,SLA,,19520415,19520928
scheb101,1953,SLA,,19530414,19530927
scheb101,1954,CHN,,19540413,19540926
scheb101,1955,CHN,,19550411,19550522
scheb101,1960,MLN,,19600412,19601002
scheg801,1970,CIN,,19700406,19701015
scheg801,1971,CIN,,19710405,19710930
scheg801,1972,CIN,,19720415,19721004
scheg801,1973,CIN,,19730405,19731010
scheg801,1974,CIN,,19740404,19741002
scheg801,1975,CIN,,19750407,19751022
scheg801,1976,CIN,,19760408,19761021
scheg801,1977,CIN,3B,19770406,19771002
scheg801,1978,CIN,,19780406,19781001
scheg801,1982,CIN,,19820907,19821003
scheg801,1983,CIN,,19830404,19831002
scheg801,1984,CIN,,19840402,19840930
scheg801,1985,CIN,,19850408,19851006
scheg801,1986,CIN,,19860407,19861005
schnb001,2021,NYN,,20210405,20211003
schnj801,2019,TOR,Bullpen,20190329,20190929
schnj801,2020,TOR,Bullpen,20200723,20200927
schnj801,2021,TOR,Bullpen,20210401,20211003
schnj801,2022,TOR,Bench,20220408,20220712
schor101,1961,SLN,,19610706,19611001
schor101,1962,SLN,,19620411,19620930
schor101,1963,SLN,,19630409,19630929
schor101,1964,SLN,,19640414,19641015
schor101,1977,OAK,,19770409,19771002
schor101,1978,OAK,,19780407,19781001
schor101,1979,SLN,,19790406,19790930
schor101,1980,SLN,,19800410,19800828
schor101,1981,SLN,,19810411,19811004
schor101,1982,SLN,,19820406,19821020
schor101,1983,SLN,,19830405,19831002
schor101,1984,SLN,,19840403,19840930
schor101,1985,SLN,,19850409,19851027
schor101,1986,SLN,,19860408,19861005
schor101,1987,SLN,,19870407,19871025
schor101,1988,SLN,,19880404,19881002
schor101,1989,SLN,,19890403,19891001
schor101,1990,SLN,,19900409,19900705
schor101,1990,SLN,,19900802,19901003
schor101,1991,SLN,,19910409,19911006
schor101,1992,SLN,,19920406,19921004
schor101,1993,SLN,,19930406,19931003
schor101,1994,SLN,,19940403,19940811
schor101,1995,SLN,,19950426,19951001
schrp102,1947,BOS,,19470415,19470928
schrp102,1948,BOS,,19480419,19481004
schrp102,1949,BOS,,19490419,19491002
schrp102,1950,BOS,,19500418,19501001
schrp102,1951,BOS,,19510417,19510930
schrp102,1952,BOS,,19520415,19520928
schrp102,1953,BOS,,19530416,19530927
schrp102,1954,BOS,,19540413,19540926
schrp102,1955,BOS,,19550412,19550925
schrp102,1956,BOS,,19560417,19560930
schrp102,1957,BOS,,19570416,19570929
schrp102,1958,BOS,,19580414,19580928
schub101,1971,SLN,Pitching,19710406,19710930
schub101,1972,SLN,Pitching,19720415,19721004
schub101,1973,SLN,Pitching,19730406,19730930
schub101,1974,SLN,Pitching,19740405,19741001
schub101,1975,SLN,Pitching,19750407,19750928
schub101,1977,CHN,Pitching,19770407,19771002
schuj103,1949,SLA,,19490419,19491002
schuj103,1963,SLN,,19630409,19630929
schuj103,1964,SLN,,19640414,19641015
schuj103,1965,SLN,,19650412,19651003
schuj103,1966,SLN,,19660413,19661002
schuj103,1967,SLN,,19670411,19671012
schuj103,1968,SLN,,19680410,19681010
schuj103,1970,KCA,,19700407,19701001
schuj103,1971,DET,3B,19710406,19710929
schuj103,1972,DET,3B,19720415,19721012
schuj103,1973,DET,3B,19730407,19730830
schuj103,1974,DET,3B,19740405,19741002
schuj103,1975,DET,3B,19750410,19750928
schuj103,1976,DET,3B,19760410,19761003
schuj106,1933,CHN,,19330412,19331001
schuj106,1934,NYA,,19340417,19340930
schuj106,1935,NYA,,19350416,19350929
schuj106,1936,NYA,,19360414,19361006
schuj106,1937,NYA,,19370420,19371003
schuj106,1938,NYA,,19380418,19381009
schuj106,1939,NYA,,19390420,19391008
schuj106,1940,NYA,,19400416,19400929
schuj106,1941,NYA,,19410414,19411006
schuj106,1942,NYA,,19420414,19421005
schuj106,1943,NYA,,19430422,19431003
schuj106,1944,NYA,,19440418,19441001
schuj106,1945,NYA,,19450417,19450930
schuj106,1946,NYA,,19460416,19460929
schuj106,1947,NYA,,19470415,19471006
schuj106,1948,NYA,,19480419,19481003
schuj106,1949,BOS,Bullpen,19490419,19491002
schuj106,1950,BOS,,19500418,19501001
schur001,2004,ARI,Hitting,20040406,20041003
schur001,2007,ARI,Hitting,20070713,20071015
schur001,2008,ARI,Hitting,20080331,20080928
schur001,2009,ARI,Hitting,20090406,20090507
schur001,2013,WAS,Hitting,20130722,20130929
schur001,2014,WAS,Hitting,20140331,20141007
schur001,2015,WAS,Hitting,20150406,20151004
schur001,2016,WAS,Hitting,20160404,20161013
schur001,2017,WAS,Hitting,20170402,20171001
schur001,2018,SFN,Hitting,20180329,20181001
schur001,2019,SFN,Hitting,20190329,20190929
schur101,1980,CHA,Pitching,19800410,19801005
schur101,1981,CHA,Pitching,19810410,19811004
schur101,1982,CHA,Pitching,19820411,19821003
schur101,1983,OAK,Pitching,19830404,19831002
schur101,1984,OAK,Pitching,19840403,19840524
schur101,1986,PIT,Pitching,19860408,19861005
schus001,2018,SDN,1B,20180329,20181001
schus001,2019,SDN,1B,20190329,20190929
schus001,2021,SDN,Bench,20210401,20211003
schus001,2022,SLN,Bench,20220407,20221008
sciom001,1997,LAN,,19970401,19970928
sciom001,1998,LAN,,19980331,19980927
scotd002,2016,NYN,Bench,20160403,20161005
scotd002,2017,NYN,Bench,20170402,20171001
scotd003,2020,COL,Bullpen,20200723,20200927
scotd003,2021,COL,Bullpen,20210401,20211003
scotd003,2022,COL,Pitching,20220408,20221005
scotd003,2023,COL,Pitching,20230330,20231001
scotd003,2024,COL,Pitching,20240328,20240929
scott001,2001,PHI,,20010402,20011007
scott001,2002,PHI,,20020401,20020929
scott001,2003,PHI,1B,20030331,20030928
searr001,2010,PIT,Pitching,20100405,20101003
searr001,2011,PIT,Pitching,20110401,20110928
searr001,2012,PIT,Pitching,20120405,20121003
searr001,2013,PIT,Pitching,20130401,20131009
searr001,2014,PIT,Pitching,20140331,20141001
searr001,2015,PIT,Pitching,20150406,20151007
searr001,2016,PIT,Pitching,20160403,20161002
searr001,2017,PIT,Pitching,20170402,20171001
searr001,2018,PIT,Pitching,20180329,20181001
searr001,2019,PIT,Pitching,20190329,20190929
sedae801,2007,MIL,1B,20070402,20070930
sedae801,2008,MIL,1B,20080331,20081005
sedae801,2009,MIL,1B,20090407,20091004
sedae801,2010,MIL,1B,20100405,20101003
sedae801,2011,MIL,3B,20110331,20111016
sedae801,2012,MIL,3B,20120406,20121003
sedae801,2013,MIL,3B,20130401,20130929
sedae801,2014,MIL,3B,20140331,20140928
sedae801,2015,MIL,3B,20150406,20151004
sedae801,2016,MIL,3B,20160404,20161002
sedae801,2017,MIL,3B,20170402,20171001
sedae801,2018,MIL,3B,20180329,20181001
sedae801,2019,MIL,3B,20190329,20190929
sedae801,2020,MIL,3B,20200723,20200927
seitk001,2007,ARI,Hitting,20070402,20070708
seitk001,2009,KCA,Hitting,20090407,20091004
seitk001,2010,KCA,Hitting,20100405,20101003
seitk001,2011,KCA,Hitting,20110331,20110928
seitk001,2012,KCA,Hitting,20120406,20121003
seitk001,2014,TOR,Hitting,20140331,20140928
seitk001,2015,ATL,Hitting,20150406,20151004
seitk001,2016,ATL,Hitting,20160404,20161002
seitk001,2017,ATL,Hitting,20170402,20171001
seitk001,2018,ATL,Hitting,20180329,20181001
seitk001,2019,ATL,Hitting,20190329,20190929
seitk001,2020,ATL,Hitting,20200723,20200927
seitk001,2021,ATL,Hitting,20210401,20211003
seitk001,2022,ATL,Hitting,20220407,20221015
seitk001,2023,ATL,Hitting,20230330,20231012
seitk001,2024,ATL,Hitting,20240329,20241002
semia101,1957,PHI,,19570416,19570929
semia101,1958,PHI,,19580415,19580928
semia101,1967,PHI,,19670411,19671001
semia101,1968,PHI,,19680410,19680929
semia101,1969,PHI,,19690408,19691002
sewej101,1934,NYA,,19340417,19340930
sewej101,1935,NYA,,19350416,19350929
sewel101,1939,CLE,,19390516,19391001
sewel101,1940,CLE,,19400416,19400929
sewel101,1941,CLE,,19410415,19410604
sewel101,1949,CIN,,19490419,19490929
sewer101,1948,PIT,,19480419,19481003
shanh101,1928,CLE,,19280411,19280930
shanh101,1929,CLE,,19290416,19291006
shanh101,1930,CLE,,19300417,19300928
shanh101,1931,CLE,,19310414,19310927
shanh101,1932,CLE,,19320413,19320925
shaus101,1928,DET,,19280411,19280930
shawb102,1929,NYA,,19290418,19291006
shawb103,1972,MIL,Pitching,19720901,19721004
shawb103,1973,MIL,Pitching,19730406,19730630
sheam102,1939,DET,,19390418,19391001
sheam102,1940,DET,,19400416,19401008
sheam102,1941,DET,,19410416,19410928
sheam102,1942,DET,,19420414,19420927
sheam102,1944,PHI,,19440418,19441001
sheam102,1945,PHI,,19450417,19450930
sheam102,1948,CHN,,19480911,19481003
sheam102,1949,CHN,,19490419,19491002
sheet102,1935,CIN,,19350416,19350929
sheet102,1936,CIN,,19360414,19360927
sheet102,1937,CIN,,19370420,19370912
sheet102,1938,BRO,3B,19380527,19381002
sheet102,1944,BSN,,19440418,19441001
sheld801,2005,CLE,Hitting,20050604,20051002
sheld801,2006,CLE,Hitting,20060402,20061001
sheld801,2007,CLE,Hitting,20070402,20071021
sheld801,2008,CLE,Hitting,20080331,20080928
sheld801,2009,CLE,Hitting,20090406,20091004
sheld801,2010,TBA,Hitting,20100406,20101012
sheld801,2011,TBA,Hitting,20110401,20111004
sheld801,2012,TBA,Hitting,20120406,20121003
sheld801,2013,TBA,Hitting,20130402,20131008
sheld801,2014,TBA,Hitting,20140331,20140928
sheld801,2015,TBA,Hitting,20150406,20151004
sheld801,2016,TBA,Hitting,20160403,20161002
sheld801,2018,MIN,Bench,20180329,20181001
sheld801,2019,MIN,Bench,20190329,20190929
shelf101,1939,SLA,,19390422,19391001
shelf101,1940,BOS,Pitching,19400416,19400929
shelf101,1941,BOS,Pitching,19410415,19410928
shelf101,1942,BOS,Pitching,19420414,19420927
shelf101,1943,BOS,Pitching,19430422,19431003
shelf101,1944,BOS,Pitching,19440418,19441001
shelf101,1946,DET,,19460416,19460929
shelf101,1947,DET,,19470415,19470928
shelf101,1950,NY1,,19500418,19501001
shelf101,1951,NY1,,19510417,19511010
shelf101,1952,NY1,,19520416,19520928
shelf101,1953,NY1,,19530414,19530927
shelf101,1954,NY1,,19540413,19541002
shelf101,1955,NY1,,19550413,19550925
shelj001,1998,LAN,1B,19980625,19980927
shelj001,1999,LAN,1B,19990405,19991003
shelj001,2000,LAN,1B,20000403,20001001
shelj001,2001,LAN,1B,20010402,20011007
shelj001,2002,LAN,1B,20020402,20020929
shelj001,2003,LAN,1B,20030331,20030928
shelj001,2004,LAN,1B,20040405,20041010
shelj001,2005,LAN,1B,20050405,20051002
shelj001,2006,PIT,1B,20060403,20061001
shelj001,2007,PIT,1B,20070402,20070930
shelj001,2008,BAL,1B,20080331,20080928
shelj001,2009,BAL,1B,20090406,20091004
shelj001,2010,BAL,1B,20100406,20101003
shelj001,2013,MIL,,20130401,20130929
shelj001,2014,MIL,,20140331,20140928
shelj001,2015,MIL,Hitting,20150406,20151004
shelj101,1983,MIN,,19830405,19831002
shepb101,1946,WS1,,19460416,19460929
shepl801,1967,PHI,Pitching,19670411,19671001
shepl801,1970,CIN,Pitching,19700406,19701015
shepl801,1971,CIN,Pitching,19710405,19710930
shepl801,1972,CIN,Pitching,19720415,19721004
shepl801,1973,CIN,Pitching,19730405,19731010
shepl801,1974,CIN,Pitching,19740404,19741002
shepl801,1975,CIN,Pitching,19750407,19751022
shepl801,1976,CIN,Pitching,19760408,19761021
shepl801,1977,CIN,Pitching,19770406,19771002
shepl801,1978,CIN,Pitching,19780406,19781001
shepl801,1979,SFN,Pitching,19790404,19790930
sherg801,1995,NYA,,19950426,19951008
sherg801,1998,ARI,Bullpen,19980331,19980927
sherg801,1999,ARI,Bullpen,19990405,19991009
sherg801,2000,ARI,Bullpen,20000404,20001001
sherg801,2001,ARI,Bullpen,20010403,20011104
sherg801,2002,ARI,Bullpen,20020401,20021005
sherg801,2003,ARI,Bench,20030331,20030928
sherg801,2004,ARI,1B,20040406,20040701
sherg801,2004,ARI,3B,20040702,20041003
sherg801,2005,ARI,Bullpen,20050404,20051002
sherg801,2006,ARI,Bullpen,20060403,20061001
sherg801,2007,ARI,Bullpen,20070402,20071015
sherg801,2008,ARI,Bullpen,20080331,20080928
sherg801,2009,ARI,Bullpen,20090406,20091004
sherg801,2010,ARI,Bullpen,20100405,20101003
sherg801,2011,ARI,Bullpen,20110401,20111007
sherg801,2012,ARI,Bullpen,20120406,20121003
sherg801,2013,ARI,Bullpen,20130401,20130929
sherg801,2014,ARI,3B,20140323,20140928
sherg801,2015,ARI,Bench,20150406,20151004
sherg801,2016,ARI,Bench,20160404,20161002
sherg801,2017,NYN,3B,20170402,20171001
sherg801,2018,NYN,3B,20180329,20181001
sherg801,2019,NYN,1B,20190329,20190929
sherg801,2021,PIT,,20210401,20211003
sherg801,2022,NYN,Bench,20220407,20221009
sherg801,2024,NYN,,20240329,20241020
sherl101,1977,PIT,Pitching,19770407,19771002
sherl101,1978,PIT,Pitching,19780407,19781001
sherl101,1979,CAL,Pitching,19790404,19791006
sherl101,1980,CAL,Pitching,19800411,19801005
shern102,1970,CAL,Pitching,19700407,19701001
shern102,1971,CAL,Pitching,19710406,19710930
shern102,1976,CAL,3B,19760409,19760723
shern102,1978,MON,Bullpen,19780407,19781001
shern102,1979,MON,Bullpen,19790406,19790930
shern102,1980,MON,Bullpen,19800411,19801005
shern102,1981,MON,Bullpen,19810409,19811019
shern102,1982,SDN,,19820406,19821003
shern102,1983,SDN,,19830405,19831002
shern102,1984,SDN,,19840403,19841014
shern102,1986,SFN,Pitching,19860408,19861005
shern102,1987,SFN,Pitching,19870406,19871014
shern102,1988,SFN,Pitching,19880404,19881002
shern102,1989,SFN,Pitching,19890403,19891028
shern102,1990,SFN,Pitching,19900411,19901003
shern102,1991,SFN,Pitching,19910409,19911006
shilm801,2017,SLN,,20170402,20170608
shilm801,2017,SLN,3B,20170609,20171001
shilm801,2018,SLN,Bench,20180329,20180714
shilm801,2022,SDN,3B,20220407,20221023
shinr001,2007,CHA,3B,20070402,20070930
shinr001,2009,NYN,3B,20090406,20091004
shinr001,2010,NYN,1B,20100405,20101003
shomd801,2023,MIN,Hitting,20230330,20231011
shomd801,2024,MIN,Hitting,20240328,20240929
shorr001,2021,ARI,Hitting,20210610,20211003
shorr001,2022,ARI,Hitting,20220407,20221005
shorr001,2023,ARI,Hitting,20230330,20231101
shorr001,2024,ARI,Hitting,20240328,20240929
shorr101,1963,CIN,,19630408,19630929
shorr101,1964,CIN,,19640413,19641004
shorr101,1965,CIN,,19650412,19651003
shorr101,1966,CIN,,19660415,19661002
shorr101,1967,CIN,,19670410,19671001
shotb101,1923,SLN,,19230417,19231007
shotb101,1924,SLN,,19240415,19240928
shotb101,1925,SLN,,19250414,19251004
shotb101,1934,CIN,,19340417,19340727
shotb101,1934,CIN,,19340729,19340930
shotb101,1942,CLE,,19420414,19420927
shotb101,1943,CLE,,19430421,19431003
shotb101,1944,CLE,,19440419,19441001
shotb101,1945,CLE,,19450417,19450928
showb801,1990,NYA,,19900412,19901003
showb801,1991,NYA,,19910408,19911006
siebs101,1994,SDN,Pitching,19940404,19940811
siebs101,1995,SDN,Pitching,19950426,19951001
sievr101,1966,CIN,,19660415,19661002
silvc101,1969,MIN,,19690408,19691006
silvc101,1971,DET,Bullpen,19710406,19710929
silvc101,1972,DET,Bullpen,19720415,19721012
silvc101,1973,DET,Bullpen,19730407,19730902
silvc101,1973,TEX,,19730914,19730930
silvc101,1974,TEX,,19740404,19741002
silvc101,1975,TEX,,19750408,19750720
silvk101,1959,PHI,,19590410,19590927
silvk101,1960,PHI,,19600412,19601002
silvk101,1963,MLN,,19630409,19630929
silvk101,1964,MLN,,19640414,19641004
silvk101,1965,MLN,,19650412,19651003
silvk101,1966,ATL,,19660412,19661002
silvk101,1967,ATL,,19670411,19670928
silvk101,1968,ATL,,19680410,19680929
silvk101,1969,ATL,,19690407,19691006
silvk101,1970,ATL,,19700407,19701001
silvk101,1971,ATL,,19710405,19710930
silvk101,1972,ATL,,19720415,19721004
silvk101,1973,ATL,,19730406,19730930
silvk101,1974,ATL,,19740404,19741002
silvk101,1975,ATL,,19750407,19750928
silvk101,1976,CHA,,19760409,19761003
silvk101,1982,CHA,,19820411,19821003
silvl101,2003,KCA,1B,20030331,20030928
silvl101,2004,KCA,1B,20040405,20041003
silvl101,2005,KCA,3B,20050404,20051002
silvl101,2006,KCA,3B,20060403,20061001
silvl101,2007,KCA,1B,20070402,20070930
silvl101,2008,KCA,3B,20080331,20080928
silvl101,2011,PIT,1B,20110401,20110928
silvl101,2012,PIT,1B,20120405,20121003
simma101,1942,PHA,,19420414,19420920
simma101,1944,PHA,,19440418,19441001
simma101,1945,PHA,,19450417,19450927
simma101,1946,PHA,,19460416,19460929
simma101,1947,PHA,,19470415,19470928
simma101,1948,PHA,,19480419,19481003
simma101,1949,PHA,,19490418,19491002
simma101,1950,CLE,,19500418,19501001
simmt001,2008,MIL,Bench,20080331,20080914
simmt001,2009,SDN,Bench,20090406,20091004
simmt001,2010,SDN,Bench,20100405,20101003
sinam001,1995,SEA,Bullpen,19950427,19951002
sinam001,1996,SEA,Bullpen,19960331,19960929
sinam001,1997,SEA,Bullpen,19970401,19971005
sinam001,1998,SEA,Bullpen,19980331,19980927
sinam001,1999,SEA,Bullpen,19990405,19991003
sinam001,2000,SEA,Bullpen,20000404,20001017
sinam001,2001,SEA,Bullpen,20010402,20011022
sinam001,2002,SEA,Bullpen,20020401,20020929
sinam001,2003,TBA,Bullpen,20030331,20030928
sinam001,2004,TBA,Bullpen,20040330,20041003
sinam001,2005,TBA,Bullpen,20050404,20051002
sinam001,2007,CHN,1B,20070402,20071006
sinam001,2008,CHN,1B,20080331,20081004
sinam001,2009,CHN,1B,20090406,20091004
sinam001,2010,CHN,,20100405,20101003
sisld101,1961,CIN,,19610411,19611009
sisld101,1962,CIN,,19620409,19620930
sisld101,1963,CIN,,19630408,19630929
sisld101,1964,CIN,,19640413,19640726
sisld101,1964,CIN,,19640804,19640812
sisld101,1966,SLN,,19660413,19661002
sisld101,1967,SLN,,19670411,19671012
sisld101,1968,SLN,,19680410,19681010
sisld101,1969,SLN,,19690408,19691002
sisld101,1970,SLN,,19700408,19701001
sisld101,1975,SDN,,19750410,19750928
sisld101,1976,SDN,,19760409,19761003
sisld101,1979,NYN,,19790405,19790930
sisld101,1980,NYN,,19800410,19801005
sislg101,1959,PIT,Hitting,19590409,19590927
sislg101,1960,PIT,Hitting,19600412,19601013
sislg101,1961,PIT,Hitting,19610411,19611001
sislg101,1962,PIT,Hitting,19620410,19620930
sissd801,2011,KCA,1B,20110331,20110928
sissd801,2012,KCA,1B,20120406,20120803
sissd801,2024,CHA,Bench,20240809,20240929
sists101,1969,SE1,,19690408,19691002
sizeg001,2024,CHA,,20240328,20240808
skaaj801,2007,MIL,Hitting,20070402,20070930
skaaj801,2008,MIL,Hitting,20080331,20081005
skaaj801,2009,OAK,Hitting,20090406,20091004
skaaj801,2010,OAK,Hitting,20100405,20101003
skaff101,1954,BAL,1B,19540413,19540925
skaff101,1965,DET,3B,19650412,19651003
skaff101,1966,DET,3B,19660412,19660710
skaff101,1971,DET,1B,19710406,19710929
skinb101,1970,SDN,,19700407,19701001
skinb101,1971,SDN,,19710406,19710930
skinb101,1972,SDN,,19720415,19721004
skinb101,1973,SDN,,19730406,19731001
skinb101,1974,PIT,,19740405,19741009
skinb101,1975,PIT,,19750410,19751007
skinb101,1976,PIT,3B,19760410,19761003
skinb101,1977,SDN,,19770406,19770528
skinb101,1977,SDN,,19770530,19771002
skinb101,1978,CAL,Hitting,19780407,19781001
skinb101,1979,PIT,,19790406,19791017
skinb101,1980,PIT,,19800410,19801005
skinb101,1981,PIT,,19810409,19811004
skinb101,1982,PIT,,19820410,19821003
skinb101,1983,PIT,,19830405,19831002
skinb101,1984,PIT,,19840403,19840930
skinb101,1985,PIT,,19850409,19851006
skinb101,1986,ATL,,19860408,19861005
skinb101,1987,ATL,,19870407,19871004
skinb101,1988,ATL,,19880405,19880522
skinj001,2001,CLE,,20010402,20011007
skinj001,2002,CLE,3B,20020331,20020707
skinj001,2003,CLE,,20030331,20030928
skinj001,2004,CLE,,20040405,20041003
skinj001,2005,CLE,,20050404,20051002
skinj001,2006,CLE,Bench,20060402,20061001
skinj001,2007,CLE,3B,20070402,20071021
skinj001,2008,CLE,3B,20080331,20080928
skinj001,2009,CLE,3B,20090406,20091004
skinj001,2011,OAK,Bench,20110401,20110928
slatj001,2005,SEA,Bullpen,20050404,20051002
slatj001,2006,SEA,Bullpen,20060403,20061001
slatj001,2007,SEA,Bullpen,20070402,20070930
slatt801,2018,NYN,Hitting,20180329,20181001
slatt801,2019,NYN,Hitting,20190329,20190929
slatt801,2020,NYN,Hitting,20200723,20200927
slatt801,2021,NYN,Hitting,20210405,20210503
slaud001,2006,DET,Hitting,20060403,20061027
sledt001,2019,CHN,Hitting,20190329,20190929
sledt001,2020,CHN,Hitting,20200723,20200927
slidr801,1987,BOS,Bullpen,19870406,19871004
slidr801,1988,BOS,Bullpen,19880404,19880710
slidr801,1988,BOS,3B,19880715,19881002
slidr801,1989,BOS,3B,19890403,19891001
slidr801,1990,BOS,3B,19900409,19901010
smita104,1933,NY1,,19330416,19331007
smitb801,1984,TOR,,19840404,19840930
smitb801,1985,TOR,,19850408,19851016
smitb801,1986,TOR,,19860408,19861005
smitb801,1987,TOR,,19870406,19871004
smitb801,1988,TOR,,19880404,19881002
smitd001,1999,SDN,Pitching,19990404,19991003
smitd001,2000,SDN,Pitching,20000403,20001001
smitd001,2001,SDN,Pitching,20010402,20010531
smith108,1962,SLN,,19620508,19620930
smith108,1965,PIT,Bullpen,19650412,19651003
smith108,1966,PIT,Bullpen,19660412,19661002
smith108,1967,PIT,Bullpen,19670411,19671001
smith108,1968,CIN,,19680410,19680929
smith108,1969,CIN,,19690407,19691002
smith108,1976,MIL,Bullpen,19760408,19761003
smith108,1977,MIL,Bullpen,19770407,19771002
smitj801,2017,MIN,1B,20170402,20171001
smitj801,2018,MIN,1B,20180329,20181001
smitr101,1994,LAN,Hitting,19940405,19940811
smitr101,1995,LAN,Hitting,19950425,19951006
smitr101,1996,LAN,Hitting,19960401,19961005
smitr101,1997,LAN,Hitting,19970401,19970928
smitr101,1998,LAN,Hitting,19980331,19980624
smitr105,1945,CHN,Bullpen,19450417,19451010
smitr105,1946,CHN,Bullpen,19460416,19460929
smitr105,1947,CHN,Bullpen,19470415,19470928
smitr105,1948,CHN,,19480420,19480910
smits801,1996,SEA,,19960331,19960929
smits801,1997,SEA,,19970401,19971005
smits801,1998,SEA,3B,19980331,19980927
smits801,1999,SEA,3B,19990405,19991003
smits801,2002,TEX,3B,20020401,20020929
smits801,2003,TEX,3B,20030330,20030928
smits801,2004,TEX,3B,20040405,20041003
smits801,2005,TEX,3B,20050405,20051002
smits801,2006,TEX,3B,20060403,20061001
smits801,2007,PHI,3B,20070402,20071006
smits801,2008,PHI,3B,20080331,20080928
smits801,2010,CLE,3B,20100405,20101003
smits801,2011,CLE,3B,20110401,20110928
smits801,2012,CLE,3B,20120405,20121003
smits801,2014,CIN,3B,20140331,20140928
snidd101,1974,MON,Hitting,19740410,19741001
snidd101,1975,MON,Hitting,19750407,19750928
snitb801,1985,ATL,Bullpen,19850409,19851006
snitb801,1988,ATL,Bullpen,19880405,19881002
snitb801,1989,ATL,Bullpen,19890404,19891001
snitb801,1990,ATL,,19900411,19900621
snitb801,2007,ATL,3B,20070402,20070930
snitb801,2008,ATL,3B,20080330,20080928
snitb801,2009,ATL,3B,20090405,20091004
snitb801,2010,ATL,3B,20100405,20101011
snitb801,2011,ATL,3B,20110331,20110928
snitb801,2012,ATL,3B,20120405,20121005
snitb801,2013,ATL,3B,20130401,20131007
snitt801,2019,HOU,Hitting,20190329,20190929
snitt801,2020,HOU,Hitting,20200723,20200927
snitt801,2021,HOU,Hitting,20210401,20211003
snitt801,2022,HOU,Hitting,20220407,20221105
snitt801,2023,HOU,Hitting,20230330,20231023
snitt801,2024,HOU,Hitting,20240328,20241002
snydf101,1933,NY1,,19330416,19331007
snydf101,1934,NY1,,19340417,19340930
snydf101,1935,NY1,,19350416,19350929
snydf101,1936,NY1,,19360414,19361006
snydf101,1937,NY1,,19370420,19371010
snydf101,1938,NY1,,19380419,19381002
snydf101,1939,NY1,,19390418,19391001
snydf101,1940,NY1,,19400416,19400929
snydf101,1941,NY1,,19410415,19410928
snydj103,1987,CHN,1B,19870407,19871004
snydj103,1988,SEA,Bench,19880404,19880605
snydj103,1991,SDN,,19910409,19911006
snydj103,1992,SDN,,19920406,19921004
snydk001,2018,TBA,Pitching,20180329,20181001
snydk001,2019,TBA,Pitching,20190329,20190929
snydk001,2020,TBA,Pitching,20200723,20200927
snydk001,2021,TBA,Pitching,20210401,20211003
snydk001,2022,TBA,Pitching,20220408,20221008
snydk001,2023,TBA,Pitching,20230330,20231004
snydk001,2024,TBA,Pitching,20240328,20240929
sofir101,2013,PIT,1B,20130401,20131009
sofir101,2014,PIT,1B,20140331,20141001
sofir101,2015,PIT,3B,20150406,20151007
sofir101,2016,PIT,3B,20160403,20161002
sojol001,2004,NYA,,20040330,20041003
sojol001,2005,NYA,,20050403,20051010
solis801,2011,ANA,Bullpen,20110331,20110928
solis801,2012,ANA,Bullpen,20120406,20121003
solis801,2013,ANA,Bullpen,20130401,20130929
solis801,2014,ANA,Bullpen,20140331,20141005
solis801,2015,ANA,Bullpen,20150406,20151004
sommd801,1978,NYN,,19780407,19781001
sommd801,1979,NYN,,19790405,19790930
sommd801,1980,CLE,,19800411,19801005
sommd801,1981,CLE,,19810411,19811005
sommd801,1982,CLE,,19820410,19821003
sommd801,1983,CLE,,19830404,19831002
sommd801,1984,CLE,,19840403,19840930
sommd801,1985,CLE,,19850408,19850912
sommd801,1988,SDN,,19880405,19881002
sommd801,1989,SDN,,19890403,19891001
sommd801,1990,SDN,,19900409,19901003
sommd801,1993,SFN,,19930406,19931003
sommd801,1994,SFN,,19940404,19940810
sorrp001,2014,ANA,Hitting,20140402,20140623
sorrp001,2016,ANA,Hitting,20160404,20161002
sorrp001,2017,ANA,Hitting,20170402,20171001
sorrp001,2018,ANA,Hitting,20180329,20181001
sorrp001,2019,ANA,Hitting,20190329,20190929
sorrp001,2020,ANA,Hitting,20200723,20200927
sotha101,1927,SLN,,19270412,19271002
sotha101,1928,BSN,,19280601,19280929
sotha101,1928,SLN,,19280411,19280530
sotha101,1932,SLA,,19320412,19320925
sotha101,1933,SLA,,19330412,19330718
sotha101,1933,SLA,,19330728,19331001
spahw101,1965,NYN,Pitching,19650412,19650713
spahw101,1972,CLE,,19720415,19721003
spahw101,1973,CLE,,19730407,19730929
spald101,1934,PHI,,19340417,19340930
spald101,1935,PHI,,19350416,19350929
spald101,1936,PHI,,19360414,19360927
spald101,1941,CHN,Pitching,19410415,19410928
spald101,1942,CHN,Pitching,19420414,19420927
spald101,1943,CHN,Pitching,19430421,19431003
spana101,1971,CHN,Bullpen,19710406,19710930
spana101,1974,CHN,1B,19740409,19741002
sparg801,2016,CHA,Hitting,20160404,20161002
sparg801,2017,CHA,Hitting,20170402,20171001
sparg801,2018,CHA,Hitting,20180329,20181001
sparg801,2019,CHA,Hitting,20190329,20190929
sparj801,1979,CHA,,19790406,19790930
sparj801,1984,CIN,,19840402,19840930
sparj801,1989,MON,Hitting,19890404,19891001
sparj801,1990,NYA,,19900412,19900605
speic001,2000,MIL,3B,20000403,20001001
speic001,2001,ARI,3B,20010403,20011104
speic001,2004,OAK,Bench,20040405,20041003
speic001,2005,CHN,3B,20050404,20051002
speic001,2006,CHN,3B,20060403,20061001
speic001,2008,CIN,Bench,20080331,20080928
speic001,2009,CIN,Bench,20090406,20091004
speic001,2010,CIN,Bench,20100405,20101010
speic001,2011,CIN,Bench,20110331,20110928
speic001,2012,CIN,Bench,20120405,20120918
speic001,2012,CIN,Bench,20121001,20121003
speic001,2013,CIN,Bench,20130401,20131001
speic001,2016,WAS,Bench,20160404,20161013
speic001,2017,WAS,Bench,20170402,20171001
spent102,1988,CLE,,19880404,19881002
spent102,1989,CLE,,19890403,19891001
spent102,1991,NYN,1B,19910408,19911006
spent102,1992,HOU,,19920407,19921004
spent102,1993,HOU,,19930405,19931003
spilh001,1999,HOU,,19990517,19990813
spilh001,2000,HOU,Hitting,20000623,20001001
spilh001,2001,HOU,Hitting,20010403,20011012
spilh001,2002,HOU,Hitting,20020402,20020929
spilh001,2003,HOU,,20030401,20030928
spilh001,2004,HOU,Hitting,20040405,20041021
squim001,1989,TOR,,19890403,19891008
squim001,1990,TOR,,19900409,19901003
squim001,1991,TOR,,19910408,19911013
squim001,1992,CHA,,19920407,19921004
staim001,2017,PHI,Hitting,20170402,20171001
staim001,2018,SDN,Hitting,20180329,20181001
stalg102,1962,BAL,,19620410,19620930
stalg102,1968,BAL,1B,19680711,19680927
stalg102,1969,BAL,1B,19690408,19691016
stalg102,1970,BAL,1B,19700407,19701015
stalg102,1971,BAL,1B,19710407,19711017
stalg102,1972,BAL,1B,19720416,19721003
stalg102,1973,BAL,1B,19730406,19731011
stalg102,1974,BAL,1B,19740405,19741009
stalg102,1975,BAL,1B,19750410,19750928
stanb001,2014,TOR,Bullpen,20140331,20140928
stane101,1957,CLE,,19570416,19570929
stane101,1958,CLE,,19580415,19580928
stanf101,1991,MIL,,19910408,19911006
stanl101,1972,BOS,Pitching,19720415,19721004
stanl101,1973,BOS,Pitching,19730406,19730930
stanl101,1974,BOS,Pitching,19740405,19741002
stanl101,1975,MIN,Pitching,19750408,19750928
stanl101,1977,OAK,Pitching,19770409,19771002
stanl101,1978,OAK,Pitching,19780407,19781001
stanl101,1979,OAK,Pitching,19790406,19790930
stanl101,1981,BOS,Pitching,19810410,19811004
stanl101,1982,BOS,Pitching,19820410,19821003
stanl101,1983,BOS,Pitching,19830405,19831002
stanl101,1984,BOS,Pitching,19840402,19840930
stanm002,2002,BOS,Bench,20020401,20020929
stano101,1925,DET,,19250414,19251004
stano101,1927,PIT,,19270412,19271008
stano101,1928,PIT,,19280411,19280927
stano101,1929,PIT,,19290416,19291006
stano101,1930,PIT,,19300415,19300928
stano101,1931,PIT,,19310414,19310927
starh101,1974,ATL,,19740404,19741002
starh101,1975,ATL,,19750407,19750928
starh101,1976,ATL,,19760409,19761003
starh101,1977,SFN,Pitching,19770407,19771002
starh101,1978,SFN,Pitching,19780407,19781001
starh101,1979,PHI,Pitching,19790406,19790930
starh101,1980,PHI,Pitching,19800411,19801005
starh101,1981,PHI,Pitching,19810408,19811011
starh101,1983,SFN,Pitching,19830405,19831002
starh101,1984,SFN,Pitching,19840403,19840930
starh101,1985,MIL,Pitching,19850409,19851006
starh101,1986,MIL,Pitching,19860407,19861005
starh101,1987,CHN,Pitching,19870407,19871004
starh101,1988,BAL,Pitching,19880404,19881002
starh101,1995,BOS,Bullpen,19950426,19951006
starh101,1996,BOS,Bullpen,19960501,19960929
starh101,1997,BOS,Bullpen,19970402,19970928
starw101,1985,PIT,1B,19850614,19851006
starw101,1986,ATL,,19860408,19861005
starw101,1987,ATL,,19870407,19871004
starw101,1988,ATL,3B,19880405,19880522
stclr001,2003,MON,Pitching,20030331,20030928
stclr001,2004,MON,Pitching,20040406,20041003
stclr001,2005,WAS,Pitching,20050404,20051002
stclr001,2006,WAS,Pitching,20060403,20061001
stclr001,2007,WAS,Pitching,20070402,20070930
stclr001,2008,WAS,Pitching,20080330,20080928
stclr001,2009,WAS,Pitching,20090406,20090531
stclr001,2010,FLO,Pitching,20100405,20101003
stclr001,2011,FLO,Pitching,20110401,20110928
stclr001,2012,MIA,Pitching,20120404,20121003
steaj001,1989,NYA,,19890404,19891001
steaj001,1996,BAL,1B,19960402,19961013
steaj001,1997,BAL,1B,19970402,19970928
steaj001,2000,NYN,,20000329,20001026
steaj001,2001,NYN,,20010403,20011007
steit001,2013,MIN,Bench,20130401,20130929
steit001,2014,MIN,Bench,20140331,20140928
stelr101,1981,MIN,Bullpen,19810409,19811004
stelr101,1982,MIN,Bullpen,19820406,19821003
stelr101,1983,MIN,Bullpen,19830405,19831002
stelr101,1984,MIN,Bullpen,19840403,19840930
stelr101,1985,MIN,Bullpen,19850409,19851006
stelr101,1986,MIN,Bullpen,19860408,19861005
stelr101,1987,MIN,Bullpen,19870407,19871025
stelr101,1988,MIN,Bullpen,19880405,19881002
stelr101,1989,MIN,Bullpen,19890404,19891001
stelr101,1990,MIN,Bullpen,19900409,19901003
stelr101,1991,MIN,Bullpen,19910409,19911027
stelr101,1992,MIN,Bullpen,19920406,19921004
stelr101,1993,MIN,Bullpen,19930406,19931003
stelr101,1994,MIN,Bullpen,19940405,19940810
stelr101,1995,MIN,Bullpen,19950426,19951001
stelr101,1996,MIN,Bullpen,19960401,19960929
stelr101,1997,MIN,Bullpen,19970401,19970928
stelr101,1998,MIN,Bullpen,19980401,19980927
stelr101,1999,MIN,Bullpen,19990406,19991003
stelr101,2000,MIN,Bullpen,20000403,20001001
stelr101,2001,MIN,Bullpen,20010403,20011007
stelr101,2002,MIN,Bullpen,20020401,20021013
stelr101,2003,MIN,Bullpen,20030331,20031005
stelr101,2004,MIN,Bullpen,20040405,20041009
stelr101,2005,MIN,Bullpen,20050404,20051002
stelr101,2006,MIN,Bullpen,20060404,20061006
stelr101,2007,MIN,Bullpen,20070402,20070930
stelr101,2008,MIN,Bullpen,20080331,20080930
stelr101,2009,MIN,Bullpen,20090406,20091011
stelr101,2010,MIN,Bullpen,20100405,20101009
stelr101,2011,MIN,Bullpen,20110401,20110928
stelr101,2012,MIN,Bullpen,20120406,20121003
stenc101,1932,BRO,,19320412,19320925
stenc101,1933,BRO,,19330413,19331001
stetm001,2023,KCA,Bullpen,20230330,20231001
stetm001,2024,KCA,Bullpen,20240328,20241010
steve101,1981,SDN,,19810409,19811004
stevt001,2009,OAK,1B,20090406,20091004
stevt001,2010,OAK,1B,20100405,20101003
stevt001,2014,CHA,Hitting,20140331,20140928
stevt001,2015,CHA,Hitting,20150406,20151004
stevt001,2016,CHA,Hitting,20160404,20161002
stevt001,2017,CHA,Hitting,20170402,20171001
stevt001,2018,CHA,Hitting,20180329,20181001
stevt001,2019,CHA,Hitting,20190329,20190929
stewd001,1998,SDN,Pitching,19980331,19980927
stewd001,2000,TOR,Pitching,20000725,20001001
stewd001,2002,MIL,Pitching,20020402,20020814
stocm101,1944,CHN,,19440418,19441001
stocm101,1945,CHN,,19450417,19451010
stocm101,1946,CHN,,19460416,19460929
stocm101,1947,CHN,,19470415,19470928
stocm101,1948,CHN,,19480420,19481003
stocm101,1949,BRO,,19490419,19491009
stocm101,1950,BRO,,19500418,19501001
stocm101,1951,PIT,,19510416,19510930
stocm101,1952,PIT,,19520415,19520928
stocw101,1967,KC1,,19670411,19671001
stocw101,1970,MIL,Pitching,19700407,19701001
stocw101,1971,MIL,Pitching,19710406,19710930
stocw101,1972,MIL,Pitching,19720415,19720831
stocw101,1973,OAK,Pitching,19730406,19730930
stocw101,1974,OAK,Pitching,19740404,19741017
stocw101,1975,OAK,Pitching,19750408,19751007
stocw101,1976,OAK,Pitching,19760409,19761003
stocw101,1977,SEA,Pitching,19770406,19771002
stocw101,1978,SEA,Pitching,19780405,19781001
stocw101,1979,SEA,Pitching,19790404,19790930
stocw101,1980,SEA,Pitching,19800409,19801005
stocw101,1981,SEA,Pitching,19810409,19811004
stocw101,1984,OAK,Pitching,19840525,19840930
stocw101,1985,OAK,Pitching,19850409,19851006
stocw101,1986,OAK,Pitching,19860408,19860706
stotm001,2009,ARI,Pitching,20090508,20091004
stotm001,2010,ARI,Pitching,20100405,20101003
stotm001,2014,ARI,Bullpen,20140323,20140928
stotm001,2015,ARI,Bullpen,20150406,20151004
stotm001,2016,SEA,Pitching,20160404,20161002
stotm001,2017,SEA,Pitching,20170402,20171001
stotm001,2018,SEA,Pitching,20180329,20181001
stotm001,2019,MIA,Pitching,20190329,20190929
stotm001,2020,MIA,Pitching,20200723,20200927
stotm001,2021,MIA,Pitching,20210401,20211003
stotm001,2022,MIA,Pitching,20220408,20221005
stotm001,2023,MIA,Pitching,20230330,20231004
stotm001,2024,MIA,Pitching,20240328,20240929
stotm101,1984,NYN,Pitching,19840402,19840930
stotm101,1985,NYN,Pitching,19850409,19851006
stotm101,1986,NYN,Pitching,19860408,19861027
stotm101,1987,NYN,Pitching,19870407,19871004
stotm101,1988,NYN,Pitching,19880404,19881012
stotm101,1989,NYN,Pitching,19890403,19891001
stotm101,1990,NYN,Pitching,19900409,19901003
stotm101,1991,NYN,Pitching,19910408,19911006
stotm101,1992,NYN,Pitching,19920406,19921004
stotm101,1993,NYN,Pitching,19930405,19931003
stotm101,1994,HOU,Pitching,19940404,19940811
stotm101,1995,HOU,Pitching,19950426,19951001
stotm101,1996,NYA,Pitching,19960402,19961026
stotm101,1997,NYA,Pitching,19970401,19971006
stotm101,1998,NYA,Pitching,19980401,19981021
stotm101,1999,NYA,Pitching,19990405,19991027
stotm101,2000,NYA,Pitching,20000403,20001026
stotm101,2001,NYA,Pitching,20010402,20011104
stotm101,2002,NYA,Pitching,20020401,20021005
stotm101,2003,NYA,Pitching,20030331,20030928
stotm101,2004,NYA,Pitching,20040330,20041003
stotm101,2005,NYA,Pitching,20050403,20051010
stotm101,2008,SEA,Pitching,20080331,20080928
stram102,1940,CHA,,19400416,19400929
stram102,1941,CHA,,19410415,19410928
streg101,1929,SLN,,19290416,19291006
streg101,1937,SLA,,19370721,19371003
strig102,1962,MIN,,19620410,19620930
strig102,1963,CLE,3B,19630409,19630929
strig102,1964,CLE,3B,19640703,19641004
strig102,1965,CLE,3B,19650413,19651003
strig102,1966,CLE,3B,19660411,19660819
strig102,1967,CLE,3B,19670411,19671001
strig102,1968,CLE,3B,19680410,19680927
strig102,1969,CLE,3B,19690408,19691001
strig102,1970,KCA,,19700609,19701001
strig102,1971,KCA,,19710406,19710929
strig102,1972,KCA,,19720415,19721004
strim001,2003,COL,,20030401,20030928
strim001,2004,COL,,20040406,20041003
strim001,2005,COL,,20050404,20051002
strim001,2006,COL,,20060403,20061001
strim001,2007,COL,,20070402,20071028
strim001,2008,COL,,20080401,20080928
strob101,1996,HOU,,19960401,19960929
strob101,2000,KCA,Pitching,20000403,20001001
strob101,2001,KCA,Pitching,20010402,20010513
strob101,2014,HOU,Pitching,20140401,20140928
strob101,2015,HOU,Pitching,20150406,20151014
strob101,2016,HOU,Pitching,20160405,20161002
strob101,2017,HOU,Pitching,20170402,20171001
strob101,2018,HOU,Pitching,20180329,20181001
strob101,2019,HOU,Pitching,20190329,20190929
strob101,2020,HOU,Pitching,20200723,20200927
strob101,2021,HOU,Pitching,20210401,20211003
strob101,2022,ARI,Pitching,20220407,20221005
strob101,2023,ARI,Pitching,20230330,20231101
strob101,2024,ARI,Pitching,20240328,20240929
strol801,2007,CHN,Bullpen,20070402,20071006
strol801,2008,CHN,Bullpen,20080331,20081004
strol801,2009,CHN,Bullpen,20090406,20091004
strol801,2010,CHN,Bullpen,20100405,20101003
strol801,2011,CHN,Bullpen,20110401,20110928
strol801,2012,CHN,Bullpen,20120405,20121003
strol801,2013,CHN,Bullpen,20130401,20130929
strol801,2014,CHN,Bullpen,20140331,20140928
strol801,2015,CHN,Bullpen,20150405,20151021
strol801,2016,CHN,Bullpen,20160404,20161102
strol801,2017,CHN,Bullpen,20170402,20171001
strol801,2018,CHN,Bullpen,20180329,20181001
strol801,2019,CHN,Bullpen,20190329,20190929
stubm101,1985,CAL,3B,19850409,19851006
stubm101,1986,CAL,3B,19860408,19861015
stubm101,1987,CAL,3B,19870407,19871004
stubm101,1988,CAL,3B,19880404,19880922
stubm101,1989,CAL,,19890404,19891001
stubm101,1990,CAL,3B,19900409,19901003
subec801,2016,MIL,1B,20160404,20161002
subec801,2017,MIL,1B,20170402,20171001
subec801,2018,MIL,1B,20180329,20181001
subec801,2019,MIL,1B,20190329,20190929
suchd101,1983,TEX,,19830404,19831002
suchd101,1984,TEX,Pitching,19840403,19840930
suchd101,1985,MIN,Pitching,19850909,19851006
suchd101,1985,TEX,Pitching,19850408,19850522
suchd101,1986,MIN,Pitching,19860408,19861005
suchd101,1987,MIN,Pitching,19870407,19871025
suchd101,1988,MIN,Pitching,19880405,19881002
suchd101,1989,MIN,Pitching,19890404,19891001
suchd101,1990,MIN,Pitching,19900409,19901003
suchd101,1991,MIN,Pitching,19910409,19911027
suchd101,1992,MIN,Pitching,19920406,19921004
suchd101,1993,MIN,Pitching,19930406,19931003
suchd101,1994,MIN,Pitching,19940405,19940810
suchd101,1995,MIN,Pitching,19950426,19951001
suchd101,1996,MIN,Pitching,19960401,19960929
suchd101,1997,MIN,Pitching,19970401,19970928
suchd101,1998,MIN,Pitching,19980401,19980927
suchd101,1999,MIN,Pitching,19990406,19991003
suchd101,2000,MIN,Pitching,20000403,20001001
suchd101,2001,MIN,Pitching,20010403,20011007
sugdj101,1912,DET,,19120411,19121006
sugdj101,1913,DET,,19130410,19131005
sugdj101,1914,SLA,,19140414,19141004
sugdj101,1920,SLN,,19200414,19201003
sugdj101,1921,SLN,,19210413,19211002
sugdj101,1922,SLN,,19220412,19221001
sugdj101,1923,SLN,,19230417,19231007
sugdj101,1924,SLN,,19240415,19240928
sugdj101,1925,SLN,,19250414,19251004
sugdj101,1926,PHI,,19260413,19260929
sugdj101,1927,PHI,,19270412,19270715
suggc801,2022,MIN,Bullpen,20220701,20221005
suggc801,2023,MIN,Bullpen,20230330,20231011
suggc801,2024,MIN,Bullpen,20240328,20240929
sukec101,1943,BRO,,19430422,19430715
sukec101,1947,BRO,,19470418,19471006
sukec101,1948,BRO,,19480420,19481003
sukec101,1949,BRO,,19490419,19491009
sukec101,1950,BRO,,19500418,19501001
sukec101,1951,BRO,,19510417,19511003
sukec101,1952,PIT,,19520415,19520928
sukec101,1953,PIT,,19530414,19530927
sukec101,1954,PIT,,19540413,19540926
sukec101,1955,PIT,1B,19550413,19550925
sukec101,1956,PIT,1B,19560417,19560930
sukec101,1957,PIT,1B,19570416,19570929
sullb102,1916,DET,,19160412,19161001
sullj103,1979,KCA,,19790405,19790930
sullj103,1980,ATL,,19800409,19801005
sullj103,1981,ATL,,19810410,19811004
sullj103,1982,TOR,Bullpen,19820409,19821003
sullj103,1983,TOR,Bullpen,19830405,19831002
sullj103,1984,TOR,Bullpen,19840404,19840930
sullj103,1985,TOR,Bullpen,19850408,19851016
sullj103,1986,TOR,Bullpen,19860408,19861005
sullj103,1987,TOR,Bullpen,19870406,19871004
sullj103,1988,TOR,Bullpen,19880404,19881002
sullj103,1989,TOR,Bullpen,19890403,19891008
sullj103,1990,TOR,Bullpen,19900409,19901003
sullj103,1991,TOR,Bullpen,19910408,19911013
sullj103,1992,TOR,Bullpen,19920406,19921024
sullj103,1993,TOR,Bullpen,19930406,19931023
summc001,1989,NYA,,19890818,19891001
summc001,1990,NYA,,19900412,19900605
suscg102,1941,CLE,,19410415,19410928
suscg102,1942,CLE,,19420414,19420927
suscg102,1943,CLE,,19430421,19431003
suscg102,1944,CLE,,19440419,19441001
suscg102,1945,CLE,,19450417,19450928
suscg102,1946,CLE,,19460416,19460929
suscg102,1947,CLE,,19470415,19470928
suscg102,1949,CLE,,19490419,19491002
suscg102,1950,BOS,Bullpen,19500628,19501001
suscg102,1951,BOS,Bullpen,19510417,19510930
suscg102,1952,BOS,Bullpen,19520415,19520928
suscg102,1953,BOS,Bullpen,19530416,19530927
suscg102,1954,BOS,Bullpen,19540413,19540926
suscg102,1955,KC1,,19550412,19550925
suscg102,1956,KC1,,19560417,19560930
suscg102,1959,MLN,,19590410,19590929
suscg102,1961,WS2,,19610410,19611001
suscg102,1962,WS2,,19620409,19620930
suscg102,1963,WS2,,19630408,19630929
suscg102,1964,WS2,,19640413,19641004
suscg102,1965,WS2,,19650412,19651003
suscg102,1966,WS2,,19660411,19660926
suscg102,1967,WS2,,19670410,19671001
suscg102,1969,WS2,,19690407,19691001
suscg102,1970,WS2,,19700406,19701001
suscg102,1971,WS2,,19710405,19710930
suscg102,1972,TEX,,19720415,19721004
sveud001,2004,BOS,3B,20040404,20041003
sveud001,2005,BOS,3B,20050403,20051007
sveud001,2006,MIL,3B,20060403,20061001
sveud001,2007,MIL,Bench,20070402,20070930
sveud001,2008,MIL,3B,20080331,20080914
sveud001,2009,MIL,Hitting,20090407,20091004
sveud001,2010,MIL,Hitting,20100405,20101003
sveud001,2011,MIL,Hitting,20110331,20111016
sveud001,2014,KCA,3B,20140331,20140529
sveud001,2014,KCA,Hitting,20140530,20141029
sveud001,2015,KCA,Hitting,20150406,20151101
sveud001,2016,KCA,Hitting,20160403,20161002
sveud001,2017,KCA,Hitting,20170402,20171001
sveud001,2018,KCA,Bench,20180329,20181001
sveud001,2019,KCA,Bench,20190329,20190929
sweeb001,2020,CLE,Bullpen,20200723,20200927
sweeb001,2021,CLE,Bullpen,20210401,20211003
sweeb001,2022,CLE,Bullpen,20220407,20221018
sweeb001,2023,KCA,Pitching,20230330,20231001
sweeb001,2024,KCA,Pitching,20240328,20241010
sweeb101,1947,DET,,19470415,19470928
sweeb101,1948,DET,,19480420,19481003
sweer101,1984,SEA,Bullpen,19840404,19840930
sweer101,1996,HOU,,19960401,19960929
swifb102,1953,DET,,19530414,19530927
swifb102,1954,DET,,19540413,19540926
swifb102,1957,KC1,,19570416,19570929
swifb102,1958,KC1,,19580415,19580928
swifb102,1959,KC1,,19590410,19590927
swifb102,1960,WS1,,19600418,19601002
swifb102,1963,DET,3B,19630618,19630929
swifb102,1964,DET,3B,19640414,19641003
swifb102,1965,DET,Bench,19650531,19651003
swifb102,1966,DET,Bench,19660412,19660516
swiss101,1994,NYN,,19940404,19940811
swiss101,1995,NYN,,19950426,19951001
swiss101,1996,NYN,,19960401,19960929
tamaj101,1999,HOU,Bullpen,19990406,19991003
tamaj101,2000,HOU,Bullpen,20000404,20001001
tamaj101,2001,HOU,Bullpen,20010403,20011012
tamaj101,2002,HOU,Bullpen,20020402,20020514
tamaj101,2002,HOU,Bench,20020515,20020929
tamaj101,2003,HOU,Bench,20030401,20030928
tamaj101,2004,HOU,Bench,20040405,20041021
tannb001,2001,PIT,,20010403,20011007
tannb001,2002,PIT,Bullpen,20020401,20020929
tannb001,2003,PIT,Bullpen,20030331,20030928
tannb001,2004,PIT,Bullpen,20040405,20041003
tannb001,2005,PIT,Bullpen,20050404,20051002
tannj101,1920,PHI,,19200414,19201003
tappe101,1959,CHN,,19590411,19590927
tappe101,1960,CHN,,19600412,19601002
tappe101,1961,CHN,,19610411,19610530
tappe101,1961,CHN,,19610602,19610608
tappe101,1961,CHN,,19610901,19610910
tappe101,1962,CHN,,19620501,19620821
tarat001,2013,WAS,1B,20130401,20130929
tarat001,2014,WAS,1B,20140331,20141007
tarat001,2015,WAS,1B,20150406,20151004
tarat001,2021,NYN,1B,20210405,20211003
taylt101,1977,PHI,,19770409,19771008
taylt101,1978,PHI,,19780407,19781007
taylt101,1979,PHI,,19790406,19790930
taylt101,1988,PHI,,19880405,19881002
taylt101,1989,PHI,,19890404,19891001
taylt101,1999,FLO,Bullpen,19990405,19991003
taylt101,2000,FLO,Bullpen,20000403,20001001
taylt101,2001,FLO,Bullpen,20010402,20010528
taylt101,2001,FLO,1B,20010529,20011007
taylt101,2004,FLO,Bullpen,20040406,20041003
taylz101,1936,BRO,,19360414,19360927
taylz101,1941,SLA,,19410611,19410928
taylz101,1942,SLA,,19420414,19420920
taylz101,1943,SLA,,19430421,19431003
taylz101,1944,SLA,,19440418,19441009
taylz101,1945,SLA,,19450417,19450930
taylz101,1946,SLA,,19460416,19460830
taylz101,1947,PIT,,19470415,19470928
tempj101,1964,CIN,,19640413,19641004
tenag101,1986,HOU,,19860408,19861015
tenag101,1987,HOU,,19870406,19871004
tenag101,1990,TOR,Hitting,19900409,19901003
tenag101,1991,TOR,Hitting,19910408,19910820
tenag101,1991,TOR,Hitting,19910926,19911013
tenag101,1992,TOR,Bench,19920406,19921024
tenag101,1993,TOR,Bench,19930406,19931023
tenag101,1994,TOR,Bench,19940404,19940811
tenag101,1995,TOR,Bench,19950426,19951001
tenag101,1996,TOR,Bullpen,19960401,19960929
tenag101,1997,TOR,Bullpen,19970401,19970928
tenag101,2008,TOR,Hitting,20080620,20080928
tenag101,2009,TOR,Hitting,20090406,20091004
terww101,1969,WS2,,19690407,19691001
terww101,1970,WS2,,19700406,19701001
terww101,1971,WS2,,19710405,19710930
terww101,1972,TEX,,19720415,19721004
terww101,1981,TEX,,19810409,19811004
terww101,1982,TEX,,19820410,19821003
terww101,1983,TEX,,19830404,19831002
terww101,1984,TEX,,19840403,19840930
terww101,1985,TEX,,19850408,19851006
terww101,1986,MIN,,19860408,19861005
terww101,1987,MIN,,19870407,19871025
terww101,1988,MIN,,19880405,19881002
terww101,1989,MIN,,19890404,19891001
terww101,1990,MIN,,19900409,19901003
terww101,1991,MIN,,19910409,19911027
terww101,1992,MIN,,19920406,19921004
terww101,1993,MIN,,19930406,19931003
terww101,1994,MIN,,19940405,19940810
testn101,1958,SFN,,19580515,19580928
teuft001,2012,NYN,3B,20120405,20121003
teuft001,2013,NYN,3B,20130401,20130929
teuft001,2014,NYN,3B,20140331,20140928
teuft001,2015,NYN,3B,20150406,20151101
teuft001,2016,NYN,3B,20160403,20161005
thamm001,2016,NYA,Hitting,20160405,20161002
thamm001,2017,NYA,Hitting,20170402,20171001
thamm001,2018,NYA,Hitting,20180329,20181001
thamm001,2019,NYA,Hitting,20190329,20190929
thamm001,2020,NYA,Hitting,20200723,20200927
thamm001,2021,NYA,Hitting,20210401,20211003
thamm001,2022,MIA,Hitting,20220408,20221005
thamm001,2023,ANA,Hitting,20230330,20231001
thamm001,2024,CHA,Hitting,20240328,20240929
thigb001,2013,CHA,Bullpen,20130401,20130929
thigb001,2014,CHA,Bullpen,20140331,20140928
thigb001,2015,CHA,Bullpen,20150406,20151004
thigb001,2016,CHA,Bullpen,20160404,20161002
thomg102,1969,BOS,Bullpen,19690610,19691001
thomg102,1970,BOS,,19700407,19700930
thomi101,1914,PHA,,19140414,19141013
thomi101,1915,PHA,,19150414,19151006
thomi101,1916,PHA,,19160412,19161003
thomi101,1917,PHA,,19170411,19171003
thomi101,1925,PHA,,19250414,19251003
thomi101,1926,PHA,,19260413,19260927
thoml103,1971,SLN,,19710406,19710930
thoml103,1972,SLN,,19720415,19721004
thoml103,1983,SLN,,19830911,19831002
thomm001,2004,PHI,1B,20040405,20041003
thomm001,2005,PHI,Hitting,20050404,20051002
thomm001,2006,PHI,Hitting,20060403,20061001
thomm001,2007,PHI,Hitting,20070402,20071006
thomm001,2008,PHI,Hitting,20080331,20080928
thomm001,2009,PHI,Hitting,20090405,20091104
thomm001,2010,PHI,Hitting,20100405,20100722
thomr003,2000,SFN,1B,20000403,20001008
thomr003,2001,SFN,1B,20010402,20011007
thomr003,2002,CLE,,20020331,20020929
thomr003,2005,CLE,,20050604,20051002
thomr003,2011,SEA,Bench,20110401,20110928
thomr003,2012,SEA,Bench,20120328,20121003
thomr003,2013,SEA,Bench,20130401,20130929
thomr101,1922,SLN,,19220412,19221001
thomr801,2008,NYA,Bench,20080401,20080928
thomr801,2009,NYA,3B,20090406,20091004
thomr801,2010,NYA,3B,20100404,20101022
thomr801,2011,NYA,3B,20110331,20111006
thomr801,2012,NYA,3B,20120406,20121018
thomr801,2013,NYA,3B,20130401,20130929
thomr801,2014,NYA,3B,20140401,20140928
thomr801,2015,NYA,Bench,20150406,20151006
thomr801,2016,NYA,Bench,20160405,20161002
thomr801,2017,NYA,Bench,20170402,20171001
thomr801,2018,PHI,Bench,20180329,20181001
thomr801,2019,PHI,Bench,20190329,20190929
thomr801,2020,PHI,Bench,20200723,20200927
thomr801,2021,PHI,Bench,20210401,20211003
thomr801,2022,PHI,Bench,20220408,20220602
thomt106,1981,SLN,,19810924,19811004
thurg001,2007,SEA,1B,20070705,20070930
thurg001,2012,MIA,1B,20120404,20121003
thurj001,2020,SEA,1B,20200723,20200927
tiefb101,1979,PHI,,19790406,19790930
tighj801,1955,DET,,19550412,19550925
tighj801,1956,DET,,19560417,19560930
timmo001,2018,TBA,1B,20180329,20181001
timmo001,2019,TBA,1B,20190329,20190929
timmo001,2020,TBA,1B,20200723,20200927
timmo001,2021,TBA,1B,20210401,20211003
timmo001,2022,MIL,Hitting,20220407,20221005
timmo001,2023,MIL,Hitting,20230330,20231004
timmo001,2024,MIL,Hitting,20240329,20241003
tincb101,1940,BRO,,19400416,19400929
tingj801,2022,MIN,Bench,20220408,20221005
tingj801,2023,MIN,Bench,20230330,20231011
tingj801,2024,MIN,Bench,20240328,20240929
tinsl001,2006,ARI,1B,20060403,20061001
tinsl001,2007,ARI,1B,20070402,20071015
tinsl001,2008,ARI,1B,20080331,20080928
tinsl001,2009,SEA,1B,20090406,20091004
tinsl001,2010,SEA,1B,20100405,20100605
tinsl001,2010,SEA,3B,20100606,20101003
tinsl001,2014,CIN,Hitting,20140331,20140928
tinsl001,2015,CIN,Hitting,20150406,20151004
tobij101,1949,SLA,,19490419,19491002
tobij101,1950,SLA,,19500418,19501001
tobij101,1951,SLA,,19510417,19510930
tolab101,1980,SDN,,19800410,19801005
tolab101,1981,SDN,,19810409,19811004
tolab101,1982,SDN,,19820406,19821003
tolab101,1983,SDN,,19830405,19831002
tolab101,1987,SEA,Hitting,19870407,19871004
tolmt001,2007,WAS,3B,20070402,20070930
tolmt001,2008,WAS,3B,20080330,20080928
tolmt001,2010,CLE,Bench,20100405,20101003
tolmt001,2011,CLE,Bench,20110401,20110928
torbj101,1975,CLE,,19750408,19750928
torbj101,1976,CLE,,19760410,19761002
torbj101,1977,CLE,,19770407,19770618
torbj101,1980,NYA,,19800410,19801010
torbj101,1981,NYA,,19810409,19811028
torbj101,1982,NYA,Pitching,19820411,19820425
torbj101,1982,NYA,Bullpen,19820425,19821003
torbj101,1983,NYA,,19830405,19831002
torbj101,1984,NYA,,19840403,19840930
torbj101,1985,NYA,,19850408,19851006
torbj101,1986,NYA,,19860408,19861005
torbj101,1987,NYA,,19870406,19871004
torbj101,1988,NYA,,19880405,19881002
torct801,1985,BOS,Bullpen,19850408,19851006
torge101,1961,NYA,,19610902,19611009
torrh101,1990,TOR,,19900409,19901003
torrh101,1991,TOR,,19910408,19911013
torrj801,2022,CLE,Pitching,20220407,20221018
torrj801,2023,CLE,Pitching,20230330,20231001
torrj801,2024,CLE,Pitching,20240328,20241019
tosam801,2022,KCA,Hitting,20220516,20221005
tosam801,2024,CHA,Hitting,20240328,20240808
toscc801,1998,ARI,Bench,19980331,19980927
toscc801,1999,ARI,Bench,19990405,19991009
toscc801,2000,ARI,Bench,20000404,20001001
toscc801,2002,TOR,3B,20020401,20020602
toscc801,2005,ARI,3B,20050404,20051002
toscc801,2006,ARI,3B,20060403,20061001
toscc801,2007,FLO,Bench,20070402,20070930
toscc801,2008,FLO,Bench,20080331,20080928
toscc801,2009,FLO,Bench,20090406,20091004
toscc801,2010,FLO,Bench,20100405,20100622
toscc801,2011,ATL,Bench,20110331,20110928
toscc801,2012,ATL,Bench,20120405,20121005
toscc801,2013,ATL,Bench,20130401,20131007
toscc801,2014,ATL,Bench,20140331,20140928
toscc801,2015,ATL,Bench,20150406,20151004
toscc801,2016,ATL,Bench,20160404,20160516
tracd101,1972,DET,1B,19720415,19721012
tracd101,1973,DET,1B,19730407,19730930
tracd101,1974,DET,1B,19740405,19741002
tracd101,1975,DET,1B,19750410,19750928
tracd101,1976,DET,1B,19760410,19761003
tracd101,1977,DET,1B,19770407,19771002
tracd101,1978,DET,1B,19780407,19781001
tracd101,1979,DET,3B,19790407,19790611
tracd101,1979,DET,3B,19790614,19790930
tracd101,1980,DET,1B,19800410,19801005
tracd101,1981,DET,1B,19810409,19811004
tracd101,1982,DET,1B,19820409,19821003
tracd101,1983,DET,1B,19830405,19831002
tracd101,1984,DET,1B,19840403,19841014
tracd101,1985,DET,1B,19850408,19851006
tracd101,1986,DET,1B,19860407,19861005
tracd101,1987,DET,1B,19870406,19871012
tracd101,1988,DET,1B,19880404,19881002
tracd101,1989,DET,1B,19890404,19891001
tracd101,1990,DET,1B,19900409,19901003
tracd101,1991,DET,1B,19910408,19911006
tracd101,1992,DET,3B,19920406,19921004
tracd101,1993,DET,3B,19930405,19931003
tracd101,1994,DET,3B,19940404,19940811
tracd101,1995,DET,3B,19950426,19951001
tracj101,1995,MON,Bench,19950426,19951001
tracj101,1996,MON,Bench,19960402,19960929
tracj101,1997,MON,Bench,19970401,19970928
tracj101,1998,MON,Bench,19980401,19980927
tracj101,1999,LAN,Bench,19990405,19991003
tracj101,2000,LAN,Bench,20000403,20001001
tracj101,2009,COL,Bench,20090406,20090527
tracm001,2023,CIN,Bullpen,20230330,20231001
tracm001,2024,CIN,Bullpen,20240328,20240929
trama001,1999,DET,Hitting,19990405,19991002
trama001,2000,SDN,,20000403,20001001
trama001,2001,SDN,,20010402,20011007
trama001,2002,SDN,,20020401,20020929
trama001,2007,CHN,Bench,20070402,20071006
trama001,2008,CHN,Bench,20080331,20081004
trama001,2009,CHN,Bench,20090406,20091004
trama001,2010,CHN,Bench,20100405,20101003
trama001,2011,ARI,Bench,20110401,20111007
trama001,2012,ARI,Bench,20120406,20121003
trama001,2013,ARI,Bench,20130401,20130929
trama001,2014,ARI,Bench,20140323,20140925
tread801,2017,MIA,Bullpen,20170402,20171001
tread801,2018,MIA,Bullpen,20180329,20181001
tread801,2019,MIA,Bullpen,20190329,20190929
trebt801,1984,MIL,1B,19840403,19840930
trebt801,1992,CHN,Bench,19920407,19921004
trebt801,1993,CHN,Bench,19930405,19931003
trebt801,2001,BAL,3B,20010402,20011006
trebt801,2002,BAL,3B,20020401,20020929
trebt801,2003,BAL,3B,20030331,20030928
trebt801,2004,BAL,3B,20040404,20041003
trebt801,2005,BAL,3B,20050404,20050803
trebt801,2005,BAL,Bench,20050804,20051002
trebt801,2006,BAL,3B,20060403,20061001
trebt801,2007,BAL,Bench,20070402,20070930
tremd801,2007,BAL,Bullpen,20070402,20070618
tremd801,2013,HOU,3B,20130402,20130929
tremd801,2014,HOU,Bench,20140401,20140831
treur801,1995,DET,Pitching,19950426,19951001
treur801,2001,BOS,Pitching,20010904,20011006
treur801,2006,BOS,Bullpen,20060403,20060807
trucv101,1963,PIT,,19630408,19630929
tuckg801,1990,NYA,Bullpen,19900412,19900605
tuckg801,1997,NYA,,19970401,19971006
tuckg801,1998,NYA,,19980401,19981021
tuckg801,1999,NYA,,19990405,19991027
tuckg801,2003,NYA,,20030331,20030928
tuckg801,2004,NYA,,20040330,20041003
tuckg801,2006,FLO,Bench,20060403,20061001
tuckg801,2007,BOS,Bullpen,20070402,20070930
tuckg801,2008,BOS,Bullpen,20080325,20081019
tuckg801,2009,BOS,Bullpen,20090407,20091004
tuckg801,2010,BOS,Bullpen,20100404,20101003
tuckg801,2011,BOS,Bullpen,20110401,20110928
tuckg801,2012,BOS,Bullpen,20120405,20121003
tuckg801,2014,NYA,Bullpen,20140401,20140928
tuckg801,2015,NYA,Bullpen,20150406,20151006
tuiam001,2024,ATL,3B,20240329,20241002
tunnl001,2006,CIN,Bullpen,20060403,20061001
tunnl001,2012,MIL,Bullpen,20120730,20121003
tunnl001,2013,MIL,Bullpen,20130401,20130929
tunnl001,2014,MIL,Bullpen,20140331,20140928
tunnl001,2015,MIL,Bullpen,20150406,20151004
tunnl001,2016,MIL,Bullpen,20160404,20161002
tunnl001,2017,MIL,Bullpen,20170402,20171001
tunnl001,2018,MIL,Bullpen,20180329,20181001
tunnl001,2019,CIN,Bullpen,20190329,20190929
tunnl001,2020,CIN,Bullpen,20200723,20200927
tunnl001,2021,CIN,Bullpen,20210401,20211003
tunnl001,2022,CIN,Bullpen,20220407,20221005
turlb101,1964,BOS,Pitching,19640416,19641004
turnj102,1949,NYA,,19490419,19491002
turnj102,1950,NYA,,19500418,19501007
turnj102,1951,NYA,,19510417,19511010
turnj102,1952,NYA,,19520416,19521007
turnj102,1953,NYA,,19530414,19531005
turnj102,1954,NYA,,19540413,19540926
turnj102,1955,NYA,,19550413,19551004
turnj102,1956,NYA,,19560417,19561010
turnj102,1957,NYA,,19570416,19571010
turnj102,1958,NYA,,19580415,19581009
turnj102,1959,NYA,,19590412,19590927
turnj102,1961,CIN,,19610411,19611009
turnj102,1962,CIN,,19620409,19620930
turnj102,1963,CIN,,19630408,19630929
turnj102,1964,CIN,,19640413,19641004
turnj102,1965,CIN,,19650412,19651003
turnj102,1966,NYA,Pitching,19660412,19661002
turnj102,1967,NYA,Pitching,19670410,19671001
turnj102,1968,NYA,Pitching,19680410,19680929
turnj102,1969,NYA,Pitching,19690407,19691001
turnj102,1970,NYA,Pitching,19700407,19700930
turnj102,1971,NYA,Pitching,19710406,19710930
turnj102,1972,NYA,Pitching,19720416,19721004
turnj102,1973,NYA,Pitching,19730406,19730930
turnt103,1924,SLN,,19240415,19240928
uhlat101,2000,CLE,,20000403,20001001
uhlat101,2001,CLE,,20010402,20011007
uhleg101,1936,CLE,,19360414,19360927
uhleg101,1937,CLE,,19370420,19371003
uhleg101,1940,CHN,Pitching,19400416,19400929
uhleg101,1944,WS1,,19440418,19441001
ullgs101,1995,MIN,1B,19950426,19951001
ullgs101,1996,MIN,1B,19960401,19960929
ullgs101,1997,MIN,1B,19970401,19970928
ullgs101,1998,MIN,Hitting,19980401,19980927
ullgs101,1999,MIN,Hitting,19990406,19991003
ullgs101,2000,MIN,Hitting,20000403,20001001
ullgs101,2001,MIN,Hitting,20010403,20011007
ullgs101,2002,MIN,Hitting,20020401,20021013
ullgs101,2003,MIN,Hitting,20030331,20030909
ullgs101,2003,MIN,3B,20030910,20031005
ullgs101,2004,MIN,Hitting,20040405,20041009
ullgs101,2005,MIN,Hitting,20050404,20051002
ullgs101,2006,MIN,3B,20060404,20061006
ullgs101,2007,MIN,3B,20070402,20070930
ullgs101,2008,MIN,3B,20080331,20080930
ullgs101,2009,MIN,3B,20090406,20091011
ullgs101,2010,MIN,3B,20100405,20101009
ullgs101,2011,MIN,3B,20110401,20110928
ullgs101,2012,MIN,Bench,20120406,20121003
ullgs101,2013,MIN,1B,20130401,20130929
ullgs101,2014,MIN,1B,20140331,20140928
unsed101,1985,PHI,,19850409,19851006
unsed101,1986,PHI,,19860407,19861005
unsed101,1987,PHI,,19870407,19871004
unsed101,1988,PHI,,19880405,19880714
upshw001,1993,TEX,,19930405,19931003
upshw001,1994,TEX,,19940404,19940810
upshw001,1996,TOR,,19960401,19960929
upshw001,1997,TOR,,19970401,19970928
upshw001,2007,SFN,1B,20070403,20070930
uruel801,2020,ARI,Bench,20200723,20200927
uruel801,2021,ARI,Bench,20210401,20211003
uruel801,2023,MIA,Bench,20230330,20231004
uruel801,2024,MIA,Bench,20240328,20240929
valac001,2021,CHN,Hitting,20210401,20211003
valac001,2022,CLE,Hitting,20220407,20221018
valac001,2023,CLE,Hitting,20230330,20231001
valac001,2024,CLE,Hitting,20240328,20241019
valeb102,1983,NYN,,19830405,19831002
valeb102,1984,NYN,,19840402,19840930
valeb102,1985,NYN,,19850409,19850516
valeb102,1993,CIN,,19930524,19931003
valej002,2013,LAN,Hitting,20130401,20130929
valej002,2014,LAN,Hitting,20140323,20141007
valej002,2015,LAN,Hitting,20150406,20151015
valej003,2014,SDN,1B,20140330,20140928
valej003,2015,SDN,1B,20150406,20151004
vallr801,2019,CIN,,20190329,20190929
vallr801,2020,CIN,,20200723,20200927
valoe101,1963,CLE,,19630409,19630929
valoe101,1964,CLE,,19640414,19641004
vanbt001,2007,OAK,Hitting,20070402,20070930
vanbt001,2008,OAK,Hitting,20080325,20080928
vanbt001,2009,SEA,Bench,20090406,20091004
vanbt001,2010,SEA,Bench,20100405,20100808
vanbt001,2012,HOU,Hitting,20120819,20121003
vanbt001,2013,CLE,Hitting,20130402,20131002
vanbt001,2014,CLE,Hitting,20140331,20140928
vanbt001,2015,CLE,Hitting,20150406,20151004
vanbt001,2016,CLE,Hitting,20160405,20161102
vanbt001,2017,CLE,Hitting,20170402,20171001
vanbt001,2018,CLE,Hitting,20180329,20181001
vanbt001,2019,CLE,Hitting,20190329,20190929
vanbt001,2020,CLE,Hitting,20200723,20200927
vanbt001,2021,CLE,Hitting,20210401,20211003
vanoj801,1980,SFN,Bullpen,19800410,19801005
vanoj801,1981,SFN,Bullpen,19810409,19811004
vanoj801,1982,SFN,Bullpen,19820406,19821003
vanoj801,1983,SFN,Bullpen,19830405,19831002
vanoj801,1984,SFN,Bullpen,19840403,19840930
vansa001,2006,DET,1B,20060403,20061027
vansa001,2007,DET,1B,20070402,20070930
vansa001,2008,DET,1B,20080331,20080929
vansa001,2009,DET,1B,20090406,20091006
vansa001,2014,SEA,1B,20140331,20140928
vansr801,2019,LAN,Hitting,20190329,20190929
vansr801,2020,LAN,Hitting,20200723,20200927
vansr801,2021,LAN,Hitting,20210401,20211003
vansr801,2022,LAN,Hitting,20220408,20221015
vansr801,2023,LAN,Hitting,20230330,20231011
vansr801,2024,LAN,Hitting,20240320,20241030
varee801,2020,MIN,Hitting,20200723,20200927
varee801,2021,MIN,Hitting,20210401,20211003
varsg001,2002,PHI,Bench,20020401,20020929
varsg001,2003,PHI,Bench,20030331,20030928
varsg001,2004,PHI,Bench,20040405,20041001
varsg001,2005,PHI,Bench,20050404,20051002
varsg001,2006,PHI,Bench,20060403,20061001
varsg001,2008,PIT,Bench,20080331,20080928
varsg001,2009,PIT,Bench,20090406,20091004
varsg001,2010,PIT,Bench,20100405,20100807
vavrj801,2006,MIN,Hitting,20060404,20061006
vavrj801,2007,MIN,Hitting,20070402,20070930
vavrj801,2008,MIN,Hitting,20080331,20080930
vavrj801,2009,MIN,Hitting,20090406,20091011
vavrj801,2010,MIN,Hitting,20100405,20101009
vavrj801,2011,MIN,Hitting,20110401,20110928
vavrj801,2012,MIN,Hitting,20120406,20121003
vavrj801,2013,MIN,3B,20130401,20130929
vavrj801,2014,MIN,3B,20140331,20140928
vavrj801,2015,MIN,Bench,20150406,20151004
vavrj801,2016,MIN,Bench,20160404,20161002
vavrj801,2017,MIN,Bench,20170402,20171001
vavrj801,2020,DET,Hitting,20200723,20200927
vazqr001,2022,BOS,1B,20220408,20221005
vazqr001,2023,BOS,Bench,20230330,20231001
vazqr001,2024,BOS,Bench,20240328,20240929
venaw001,2018,CHN,1B,20180329,20181001
venaw001,2019,CHN,1B,20190329,20190929
venaw001,2020,CHN,3B,20200723,20200927
venaw001,2021,BOS,Bench,20210401,20211003
venaw001,2022,BOS,Bench,20220408,20221005
venaw001,2023,TEX,,20230330,20231101
venaw001,2024,TEX,,20240328,20240929
vernm101,1960,PIT,Hitting,19600412,19601013
vernm101,1964,PIT,Hitting,19640414,19641004
vernm101,1965,SLN,,19650412,19651003
vernm101,1977,MON,Hitting,19770409,19771002
vernm101,1978,MON,Hitting,19780407,19781001
vernm101,1982,NYA,Hitting,19820411,19820604
vielj801,2020,SFN,Hitting,20200723,20200927
vielj801,2021,SFN,Hitting,20210401,20211003
vielj801,2022,SFN,Hitting,20220408,20221005
vielj801,2023,SFN,Hitting,20230330,20231001
vielj801,2024,SFN,Hitting,20240328,20240929
vinca801,1943,DET,,19430421,19431003
vinca801,1944,DET,,19440418,19441001
vinca801,1955,BAL,Hitting,19550411,19550925
vinca801,1956,BAL,Hitting,19560417,19560930
vinca801,1957,BAL,Hitting,19570415,19570929
vinca801,1958,BAL,Hitting,19580415,19580928
vinca801,1959,BAL,Hitting,19590409,19590927
vinca801,1961,PHI,,19610411,19611001
vinca801,1962,PHI,,19620409,19620930
vinca801,1963,PHI,,19630409,19630929
vinca801,1966,KC1,,19660412,19661002
vinca801,1967,KC1,,19670411,19671001
virdb101,1968,PIT,Hitting,19680410,19680929
virdb101,1969,PIT,Hitting,19690408,19691002
virdb101,1970,PIT,Hitting,19700407,19701005
virdb101,1971,PIT,Hitting,19710406,19711017
virdb101,1986,PIT,,19860408,19861005
virdb101,1992,PIT,Bench,19920406,19921014
virdb101,1993,PIT,Bench,19930406,19931003
virdb101,1994,PIT,Bench,19940404,19940811
virdb101,1995,PIT,Bench,19950426,19951001
virdb101,1997,HOU,,19970401,19971003
virdb101,2001,PIT,,20010403,20011007
virdb101,2002,PIT,Bench,20020401,20020929
virgo101,1969,SFN,3B,19690407,19691002
virgo101,1970,SFN,3B,19700407,19701001
virgo101,1971,SFN,Bullpen,19710406,19711006
virgo101,1972,SFN,,19720415,19721004
virgo101,1974,SFN,3B,19740405,19741002
virgo101,1975,SFN,Bullpen,19750410,19750928
virgo101,1976,MON,3B,19760409,19761003
virgo101,1977,MON,3B,19770409,19771002
virgo101,1978,MON,3B,19780407,19781001
virgo101,1979,MON,1B,19790406,19790715
virgo101,1979,MON,3B,19790716,19790930
virgo101,1980,MON,3B,19800411,19801005
virgo101,1981,MON,3B,19810409,19811019
virgo101,1982,SDN,,19820406,19821003
virgo101,1983,SDN,,19830405,19831002
virgo101,1984,SDN,,19840403,19841014
virgo101,1985,SDN,,19850409,19851006
virgo101,1986,SEA,3B,19860509,19861005
virgo101,1987,SEA,3B,19870407,19871004
virgo101,1988,SEA,3B,19880404,19880605
vizqo001,2014,DET,1B,20140331,20141005
vizqo001,2015,DET,1B,20150406,20151004
vizqo001,2016,DET,1B,20160405,20161002
vizqo001,2017,DET,1B,20170402,20171001
vogts001,2023,SEA,Bullpen,20230330,20231001
voigj001,2005,WAS,,20050404,20051002
vuckp001,1997,PIT,Pitching,19970401,19970928
vuckp001,1998,PIT,Pitching,19980401,19980927
vuckp001,1999,PIT,Pitching,19990405,19991003
vuckp001,2000,PIT,Pitching,20000404,20001001
vukoj101,1982,CHN,1B,19820405,19821003
vukoj101,1983,CHN,Bench,19830406,19831002
vukoj101,1984,CHN,1B,19840403,19841007
vukoj101,1985,CHN,1B,19850409,19851006
vukoj101,1986,CHN,1B,19860408,19860611
vukoj101,1986,CHN,1B,19860614,19861005
vukoj101,1987,CHN,3B,19870407,19871004
vukoj101,1988,PHI,,19880405,19880922
vukoj101,1989,PHI,,19890404,19891001
vukoj101,1990,PHI,,19900410,19901003
vukoj101,1991,PHI,,19910408,19911006
vukoj101,1992,PHI,,19920407,19921004
vukoj101,1993,PHI,,19930405,19931023
vukoj101,1994,PHI,,19940404,19940811
vukoj101,1995,PHI,,19950426,19951001
vukoj101,1996,PHI,,19960402,19960929
vukoj101,1997,PHI,,19970401,19970928
vukoj101,1998,PHI,,19980331,19980927
vukoj101,1999,PHI,,19990405,19991003
vukoj101,2000,PHI,,20000404,20001001
vukoj101,2001,PHI,,20010402,20011007
vukoj101,2002,PHI,,20020401,20020929
vukoj101,2003,PHI,3B,20030331,20030928
vukoj101,2004,PHI,3B,20040405,20041003
wagnc101,1970,BOS,Pitching,19700407,19700930
wagnh101,1933,PIT,,19330412,19331001
wagnh101,1934,PIT,,19340417,19340930
wagnh101,1935,PIT,,19350416,19350929
wagnh101,1936,PIT,,19360414,19360927
wagnh101,1937,PIT,,19370420,19371003
wagnh101,1938,PIT,,19380419,19381002
wagnh101,1939,PIT,,19390417,19391001
wagnh101,1940,PIT,,19400416,19400929
wagnh101,1941,PIT,,19410415,19410928
wagnh101,1942,PIT,,19420414,19420927
wagnh101,1943,PIT,,19430421,19431003
wagnh101,1944,PIT,,19440418,19441001
wagnh101,1945,PIT,,19450417,19450930
wagnh101,1946,PIT,,19460416,19460929
wagnh101,1947,PIT,,19470415,19470928
wagnh101,1948,PIT,,19480419,19481003
wagnh101,1949,PIT,,19490419,19491002
wagnh101,1950,PIT,,19500418,19501001
wagnh101,1951,PIT,,19510416,19510930
wagnh103,1916,BOS,,19160629,19161012
wagnh103,1927,BOS,,19270412,19271001
wagnh103,1928,BOS,,19280410,19280930
wagnh103,1929,BOS,,19290418,19291006
waitr001,2003,NYN,,20030331,20030928
waitr001,2014,SEA,Pitching,20140331,20140928
waitr001,2015,SEA,Pitching,20150406,20151004
wakad001,2003,TEX,Bench,20030330,20030928
wakad001,2004,TEX,Bench,20040405,20041003
wakad001,2005,TEX,Bench,20050405,20051002
wakad001,2006,TEX,Bench,20060403,20061001
wakad001,2007,TEX,3B,20070402,20070930
wakad001,2008,OAK,Bench,20080325,20080928
wakad001,2011,TOR,Bench,20110401,20110928
wakad001,2012,TOR,Bench,20120405,20121003
wakad001,2014,KCA,Bench,20140331,20141029
wakad001,2015,KCA,Bench,20150406,20151101
wakad001,2016,KCA,Bench,20160403,20161002
wakad001,2017,KCA,Bench,20170402,20171001
wakad001,2018,TEX,Bench,20180329,20181001
wakad001,2019,TEX,Bench,20190329,20190929
wakad001,2020,TEX,Bench,20200723,20200927
wakad001,2021,TEX,Bench,20210401,20211003
walbm001,2008,TEX,3B,20080331,20080928
walkd101,1953,SLN,,19530414,19530927
walkd101,1955,SLN,,19550412,19550527
walkd101,1963,MLN,,19630409,19630929
walkd101,1964,MLN,,19640414,19641004
walkd101,1965,MLN,,19650412,19651003
walkd101,1970,LAN,,19700407,19701001
walkd101,1971,LAN,,19710405,19710930
walkd101,1972,LAN,,19720415,19721004
walkd101,1973,LAN,,19730406,19730929
walkd101,1974,LAN,,19740405,19741017
walkg001,2003,CHA,Hitting,20030519,20030928
walkg001,2004,CHA,Hitting,20040405,20041003
walkg001,2005,CHA,Hitting,20050404,20051002
walkg001,2006,CHA,Hitting,20060402,20061001
walkg001,2007,CHA,Hitting,20070402,20070930
walkg001,2008,CHA,Hitting,20080331,20081006
walkg001,2009,CHA,Hitting,20090407,20091004
walkg001,2010,CHA,Hitting,20100405,20101003
walkg001,2011,CHA,Hitting,20110401,20110928
walkg001,2012,ATL,Hitting,20120405,20121005
walkg001,2013,ATL,Hitting,20130401,20131007
walkg001,2014,ATL,Hitting,20140331,20140928
walkg101,1946,CIN,,19460510,19460929
walkh102,1959,SLN,,19590410,19590927
walkh102,1960,SLN,,19600412,19601002
walkh102,1961,SLN,,19610411,19611001
walkh102,1962,SLN,,19620411,19620930
walkj104,1981,NYA,Pitching,19810529,19811028
walkj104,1982,NYA,Pitching,19820411,19820425
walkj104,1983,HOU,,19830405,19831002
walkj104,1984,HOU,,19840403,19840930
walkj104,1985,HOU,,19850409,19851006
walkk001,2020,BOS,Pitching,20200723,20200927
walkk001,2021,BOS,Bullpen,20210401,20211003
walkk001,2022,BOS,Bullpen,20220408,20221005
walkk001,2023,BOS,Bullpen,20230330,20231001
walkk001,2024,BOS,Bullpen,20240328,20240929
walkp001,2012,TOR,Bullpen,20120405,20121003
walkp001,2013,TOR,Pitching,20130402,20130929
walkp001,2014,TOR,Pitching,20140331,20140928
walkp001,2015,TOR,Pitching,20150406,20151023
walkp001,2016,TOR,Pitching,20160403,20161019
walkp001,2017,TOR,Pitching,20170402,20171001
walkp001,2018,TOR,Pitching,20180329,20181001
walkp001,2019,TOR,Pitching,20190329,20190929
walkp001,2020,TOR,Pitching,20200723,20200927
walkp001,2021,TOR,Pitching,20210401,20211003
walkp001,2022,TOR,Pitching,20220408,20221008
walkp001,2023,TOR,Pitching,20230330,20231004
walkp001,2024,TOR,Pitching,20240328,20240929
walkr101,1958,LAN,,19580618,19580927
walkr101,1965,WS2,,19650412,19651003
walkr101,1966,WS2,,19660411,19660926
walkr101,1967,WS2,,19670410,19671001
walkr101,1968,NYN,Pitching,19680410,19680924
walkr101,1969,NYN,Pitching,19690408,19691016
walkr101,1970,NYN,Pitching,19700407,19701001
walkr101,1971,NYN,Pitching,19710406,19710930
walkr101,1972,NYN,Pitching,19720415,19721004
walkr101,1973,NYN,Pitching,19730406,19731021
walkr101,1974,NYN,Pitching,19740406,19741002
walkr101,1975,NYN,Pitching,19750408,19750928
walkr101,1976,NYN,Pitching,19760409,19761003
walkr101,1977,NYN,Pitching,19770407,19771002
walkr101,1978,NYN,Pitching,19780407,19781001
walkr101,1979,NYN,Pitching,19790405,19790930
walkr101,1980,NYN,Pitching,19800410,19801005
walkr101,1981,NYN,Pitching,19810409,19811004
walkr101,1982,ATL,,19820406,19821010
walkr101,1983,ATL,,19830404,19831002
walkr101,1984,ATL,,19840403,19840930
walkv801,1961,CHN,,19610614,19610801
walkv801,1963,CHN,1B,19630409,19630929
walkv801,1964,CHN,3B,19640414,19641004
walkv801,1965,CHN,1B,19650412,19651003
walkv801,1966,CHN,1B,19660412,19661002
walkv801,1967,CHN,Bullpen,19670411,19671001
walkv801,1968,CHN,Bullpen,19680410,19680929
walkv801,1969,CHN,Bullpen,19690408,19691002
walkv801,1970,CHN,Bullpen,19700407,19701001
wallb101,1926,CIN,,19260413,19260926
wallb101,1928,CIN,,19280411,19280930
walld001,1996,OAK,Hitting,19960401,19960929
walld001,1997,OAK,Hitting,19970402,19970928
walld001,1998,OAK,Hitting,19980401,19980927
walld001,2003,NYN,Hitting,20030331,20030928
walld001,2004,NYN,Hitting,20040406,20040614
walld103,1995,LAN,Pitching,19950425,19951006
walld103,1996,LAN,Pitching,19960401,19961005
walld103,1997,LAN,Pitching,19970401,19970928
walld103,1999,NYN,Pitching,19990606,19991004
walld103,2000,NYN,Pitching,20000329,20001026
walld103,2003,BOS,Pitching,20030609,20031016
walld103,2004,BOS,Pitching,20040404,20041003
walld103,2005,BOS,Pitching,20050403,20051007
walld103,2006,BOS,Pitching,20060808,20061001
walld103,2007,HOU,Pitching,20070402,20070930
walld103,2014,BAL,Pitching,20140331,20141015
walld103,2015,BAL,Pitching,20150406,20151004
walld103,2016,BAL,Pitching,20160404,20161004
walld801,2010,CLE,,20100405,20101003
walll101,1979,OAK,1B,19790406,19790930
walll101,1980,OAK,1B,19800410,19801005
walll101,1981,OAK,1B,19810409,19811015
walll101,1982,OAK,1B,19820406,19821003
walll101,1983,NYA,,19830611,19831002
wallt001,2004,LAN,Hitting,20040405,20041010
wallt001,2005,LAN,Hitting,20050405,20051002
wallt001,2011,LAN,3B,20110331,20110928
wallt001,2012,LAN,3B,20120405,20121003
wallt001,2013,LAN,3B,20130401,20130929
wallt001,2014,LAN,Bench,20140323,20141007
wallt001,2015,LAN,Bench,20150406,20151015
wallt001,2016,MIA,Bench,20160405,20161002
wallt001,2018,MIA,Bench,20180329,20181001
wallt001,2019,MIA,Bench,20190329,20190929
wallt002,1995,SDN,Bullpen,19950426,19951001
wallt002,2006,SDN,1B,20060403,20061008
wallt002,2007,OAK,1B,20070402,20070930
wallt002,2008,OAK,1B,20080325,20080928
wallt002,2009,OAK,Bench,20090406,20091004
wallt002,2010,OAK,Bench,20100405,20101003
wallt002,2011,OAK,1B,20110401,20110928
wallt002,2012,OAK,1B,20120328,20121011
wallt002,2013,OAK,1B,20130401,20131010
wallt002,2014,OAK,1B,20140331,20140930
wallt002,2015,OAK,1B,20150406,20151004
walse101,1923,CHA,,19230418,19231007
walse101,1924,CHA,,19240415,19240514
walse101,1924,CHA,,19240518,19240929
walse101,1928,CHA,,19280411,19280930
walse101,1929,CHA,,19290416,19291006
waltb001,2002,TOR,Bullpen,20020607,20020929
waltb001,2003,TOR,Bullpen,20030331,20030928
waltb001,2004,TOR,Bullpen,20040405,20041003
waltb001,2005,TOR,Bullpen,20050404,20051002
waltb001,2006,TOR,Bullpen,20060404,20061001
waltb001,2007,TOR,Bullpen,20070402,20070930
waltb001,2008,TOR,Bullpen,20080401,20080928
waltb001,2009,TOR,Bullpen,20090406,20091004
waltb001,2010,TOR,Pitching,20100405,20101003
waltb001,2011,TOR,Pitching,20110401,20110928
waltb001,2012,TOR,Pitching,20120405,20121003
waltb102,1950,BSN,,19500418,19501001
waltb102,1951,BSN,,19510417,19510930
waltb102,1952,BSN,,19520415,19520928
waltb102,1953,MLN,,19530413,19530927
waltb102,1954,MLN,,19540413,19540926
waltb102,1955,MLN,,19550412,19550925
waltb102,1956,NY1,,19560417,19560930
waltb102,1957,NY1,,19570416,19570929
waltj802,1973,MIL,1B,19730406,19730930
waltj802,1974,MIL,1B,19740405,19741002
waltj802,1975,MIL,1B,19750408,19750928
wardg001,2001,CHA,Hitting,20010520,20011007
wardg001,2002,CHA,Hitting,20020401,20020929
wardg001,2003,CHA,Hitting,20030331,20030518
wardj103,1987,NYA,Hitting,19870406,19871004
wardj103,1991,MON,Hitting,19910524,19911006
wardj103,1992,MON,Hitting,19920406,19921004
wardp102,1978,ATL,,19780407,19781001
wardt001,2013,ARI,Hitting,20130401,20130929
wardt001,2014,ARI,Hitting,20140323,20140928
wardt001,2015,ARI,Hitting,20150406,20151004
wardt001,2016,LAN,Hitting,20160404,20161022
wardt001,2017,LAN,Hitting,20170402,20171001
wardt001,2018,LAN,Hitting,20180329,20181001
wardt001,2019,CIN,Hitting,20190329,20190929
wardt001,2022,SLN,Hitting,20220407,20221008
wardt001,2023,SLN,Hitting,20230330,20231001
wardt001,2024,SLN,Hitting,20240328,20240929
wareb101,1930,SLN,,19300415,19301008
wareb101,1931,SLN,,19310414,19311010
wareb101,1932,SLN,,19320412,19320925
wareb101,1933,SLN,,19330412,19331001
wareb101,1934,SLN,,19340417,19341009
wareb101,1935,SLN,,19350416,19350929
wareb101,1936,SLN,,19360414,19360927
wareb101,1937,SLN,,19370420,19371003
wareb101,1938,SLN,,19380419,19381002
wareb101,1939,SLN,,19390418,19391001
wareb101,1940,SLN,,19400416,19400929
wareb101,1941,SLN,,19410415,19410928
wareb101,1942,SLN,,19420414,19421005
wareb101,1943,SLN,,19430421,19431011
wareb101,1944,SLN,,19440418,19441009
wareb101,1945,SLN,,19450417,19450930
wareb101,1946,SLN,,19460416,19461015
wareb101,1947,SLN,,19470415,19470928
wareb101,1948,SLN,,19480420,19481003
wareb101,1949,SLN,,19490419,19491002
wareb101,1950,SLN,,19500418,19501001
wareb101,1951,SLN,,19510417,19510930
wareb101,1952,SLN,,19520415,19520928
warej001,2023,TOR,Bullpen,20230330,20231004
warej001,2024,TOR,Bullpen,20240328,20240929
warnh801,1977,TOR,,19770407,19771002
warnh801,1978,TOR,,19780407,19781001
warnh801,1979,TOR,,19790405,19790930
warnh801,1980,TOR,,19800901,19801005
warnh801,1981,MIL,3B,19810411,19811004
warnh801,1982,MIL,3B,19820409,19821020
warnr801,2017,SLN,,20170609,20171001
warnr801,2018,SLN,Bench,20180715,20181001
warnr801,2019,SLN,3B,20190329,20190929
warnr801,2020,SLN,3B,20200723,20200927
warnr801,2021,SLN,3B,20210401,20211003
warnr801,2022,SLN,3B,20220407,20221008
warnr801,2023,SLN,3B,20230330,20231001
warnr801,2024,SLN,3B,20240328,20240929
wartd101,1991,SEA,Bullpen,19910409,19911006
wartd101,1992,SEA,Pitching,19920406,19921004
wartd101,1996,SDN,Pitching,19960401,19961005
wartd101,1997,SDN,Pitching,19970401,19970928
wartd101,1999,DET,Pitching,19990710,19991002
wartd101,2000,DET,Pitching,20000403,20001001
wartd101,2001,DET,Pitching,20010403,20011007
wartd101,2002,DET,Pitching,20020402,20020408
wartd101,2006,LAN,Bullpen,20060403,20061007
wartd101,2007,LAN,Bullpen,20070402,20070930
wartd101,2008,NYN,Pitching,20080617,20080928
wartd101,2009,NYN,Pitching,20090406,20091004
wartd101,2010,NYN,Pitching,20100405,20101003
wartd101,2011,NYN,Pitching,20110401,20110928
wartd101,2012,NYN,Pitching,20120405,20121003
wartd101,2013,NYN,Pitching,20130401,20130929
wartd101,2014,NYN,Pitching,20140331,20140928
wartd101,2015,NYN,Pitching,20150406,20151101
wartd101,2016,NYN,Pitching,20160403,20161005
wartd101,2017,NYN,Pitching,20170402,20171001
wartd101,2018,TEX,Pitching,20180329,20181001
wasdj001,2019,BAL,Bullpen,20190329,20190929
washj801,2017,SDN,1B,20170402,20171001
washj801,2018,SDN,Hitting,20180329,20181001
washj801,2019,SDN,Hitting,20190329,20190929
washj801,2022,CHN,Hitting,20220407,20221005
washj801,2023,CHN,Hitting,20230330,20231001
washj801,2024,ANA,Hitting,20240328,20240929
washr001,1996,OAK,1B,19960401,19960929
washr001,1997,OAK,3B,19970402,19970928
washr001,1998,OAK,3B,19980401,19980927
washr001,1999,OAK,3B,19990405,19991003
washr001,2000,OAK,3B,20000403,20001008
washr001,2001,OAK,3B,20010402,20011015
washr001,2002,OAK,3B,20020401,20021006
washr001,2003,OAK,3B,20030401,20031006
washr001,2004,OAK,3B,20040405,20041003
washr001,2005,OAK,3B,20050404,20051002
washr001,2006,OAK,3B,20060403,20061014
washr001,2015,OAK,,20150521,20150823
washr001,2015,OAK,3B,20150824,20151004
washr001,2016,OAK,3B,20160404,20161002
washr001,2017,ATL,3B,20170402,20171001
washr001,2018,ATL,3B,20180329,20181001
washr001,2019,ATL,3B,20190329,20190929
washr001,2020,ATL,3B,20200723,20200927
washr001,2021,ATL,3B,20210401,20211003
washr001,2022,ATL,3B,20220407,20221015
washr001,2023,ATL,3B,20230330,20231012
wathd001,2018,PHI,3B,20180329,20181001
wathd001,2019,PHI,3B,20190329,20190929
wathd001,2020,PHI,3B,20200723,20200927
wathd001,2021,PHI,3B,20210401,20211003
wathd001,2022,PHI,3B,20220408,20221105
wathd001,2023,PHI,3B,20230330,20231024
wathd001,2024,PHI,3B,20240329,20241009
wathj001,1986,KCA,,19860408,19861005
wathj001,1992,CAL,3B,19920407,19920521
wathj001,1992,CAL,3B,19920827,19921004
wathj001,1993,CAL,Bench,19930406,19931003
wathj001,1994,BOS,Bullpen,19940404,19940810
watkt001,2019,MIN,1B,20190329,20190929
watkt001,2020,MIN,1B,20200723,20200927
watkt001,2021,MIN,1B,20210401,20211003
watkt001,2022,MIN,3B,20220408,20221005
watkt001,2023,MIN,3B,20230330,20231011
watkt001,2024,MIN,3B,20240328,20240929
watsb001,1986,OAK,Hitting,19860408,19861005
watsb001,1987,OAK,Hitting,19870407,19871004
watsb001,1988,OAK,Bench,19880404,19881020
weave801,1968,BAL,1B,19680410,19680710
webbb101,1935,CHA,,19350417,19350929
webbb101,1936,CHA,,19360414,19360926
webbb101,1937,CHA,,19370421,19371003
webbb101,1938,CHA,,19380419,19381002
webbb101,1939,CHA,,19390418,19391001
weekr001,2024,MIL,Bench,20240329,20241003
weidm801,2014,WAS,,20140331,20141007
weidm801,2015,WAS,,20150406,20151004
weisw001,2018,ATL,Bench,20180329,20181001
weisw001,2019,ATL,Bench,20190329,20190929
weisw001,2020,ATL,Bench,20200723,20200927
weisw001,2021,ATL,Bench,20210401,20211003
weisw001,2022,ATL,Bench,20220407,20221015
weisw001,2023,ATL,Bench,20230330,20231012
weisw001,2024,ATL,Bench,20240329,20241002
welcb001,2001,ARI,Pitching,20010403,20011104
wests101,1947,WS1,,19470415,19470928
wests101,1948,WS1,,19480419,19481003
wests101,1949,WS1,,19490418,19491002
westw101,1958,SFN,Pitching,19580415,19580928
westw101,1959,SFN,1B,19590410,19590927
westw101,1960,SFN,1B,19600412,19601002
westw101,1961,SFN,1B,19610411,19611001
westw101,1962,SFN,1B,19620410,19621016
westw101,1963,SFN,,19630409,19630929
westw101,1964,NYN,,19640414,19641004
westw101,1965,NYN,,19650412,19650724
westw101,1968,SFN,1B,19680410,19680929
westw101,1969,SFN,1B,19690407,19691002
westw101,1970,SFN,1B,19700407,19701001
westw101,1971,SFN,1B,19710406,19711006
wettj001,2006,WAS,Bullpen,20060403,20060615
wettj001,2009,SEA,Bullpen,20090406,20091004
wettj001,2010,SEA,Bullpen,20100405,20101003
whisp101,1961,CIN,,19610813,19611009
whisp101,1962,CIN,,19620409,19620930
whisr801,2004,CIN,1B,20040405,20041003
whisr801,2005,CIN,1B,20050404,20051002
whitb801,2020,SFN,Bullpen,20200723,20200927
whitd101,1992,DET,,19920406,19921004
whitd101,1993,DET,Bullpen,19930405,19931003
whitd101,1994,DET,Bullpen,19940404,19940811
whitd801,2018,HOU,Bullpen,20180329,20181001
whitd801,2019,ANA,Pitching,20190329,20190929
white002,2005,TOR,Bench,20050404,20050424
white002,2005,TOR,1B,20050425,20051002
white002,2006,TOR,Bench,20060404,20061001
white002,2007,TOR,Bench,20070402,20070930
white002,2008,TOR,1B,20080401,20080619
white102,1941,CLE,,19410415,19410928
white102,1943,PHI,,19430424,19431003
white103,1947,BSN,,19470415,19470928
white103,1948,BSN,,19480420,19481011
white103,1963,NYN,Pitching,19630409,19630929
whitf001,1994,BOS,1B,19940404,19940810
whitf001,1995,BOS,1B,19950426,19951006
whitf001,1996,BOS,1B,19960401,19960929
whitf001,1997,KCA,1B,19970710,19970928
whitf001,1998,KCA,,19980331,19980927
whitf001,1999,KCA,,19990405,19991002
whitf001,2000,KCA,,20000403,20001001
whitf001,2001,KCA,,20010402,20011007
whitj001,1989,MIN,,19890404,19891001
whitj001,1995,MIN,,19950426,19951001
whitj001,1997,DET,1B,19970401,19970928
whitj001,1998,DET,1B,19980331,19980927
whitj001,1999,MIN,1B,19990406,19991003
whitj001,2000,MIN,1B,20000403,20001001
whitj001,2001,MIN,1B,20010403,20011007
whitj001,2002,MIN,1B,20020401,20021013
whitj001,2003,MIN,1B,20030331,20031005
whitj001,2004,MIN,1B,20040405,20041009
whitj001,2005,MIN,1B,20050404,20051002
whitj001,2006,MIN,1B,20060404,20061006
whitj001,2007,MIN,1B,20070402,20070930
whitj001,2008,MIN,1B,20080331,20080930
whitj001,2009,MIN,1B,20090406,20091011
whitj001,2010,MIN,1B,20100405,20101009
whitj001,2011,MIN,1B,20110401,20110928
whitj001,2012,MIN,1B,20120406,20121003
whitj104,1958,CLE,,19580704,19580928
whitj104,1959,CLE,,19590410,19590927
whitj104,1960,CLE,,19600419,19600802
whitj104,1960,DET,,19600804,19601002
whitj104,1961,KC1,,19610411,19611001
whitj104,1962,KC1,,19620410,19620930
whitj104,1963,MLN,,19630409,19630929
whitj104,1964,MLN,,19640414,19641004
whitj104,1965,MLN,,19650412,19651003
whitj104,1966,ATL,,19660412,19661002
whitj104,1969,KCA,,19690408,19691002
whitr101,1983,NYA,,19830405,19831002
whitr101,1984,NYA,,19840403,19840930
whitr101,1986,NYA,,19860408,19861005
whitr101,2004,NYA,,20040330,20041003
whitr101,2005,NYA,,20050403,20051010
widma101,1962,PHI,,19620409,19620930
widma101,1963,PHI,,19630409,19630929
widma101,1964,PHI,,19640414,19641004
widma101,1968,PHI,Pitching,19680410,19680929
widma101,1969,PHI,Pitching,19690408,19691002
widma101,1973,MIL,Pitching,19730701,19730930
widma101,1974,MIL,Pitching,19740405,19741002
widma101,1980,TOR,Pitching,19800409,19801005
widma101,1981,TOR,Pitching,19810409,19811004
widma101,1982,TOR,Pitching,19820409,19821003
widma101,1983,TOR,Pitching,19830405,19831002
widma101,1984,TOR,Pitching,19840404,19840930
widma101,1985,TOR,Pitching,19850408,19851016
widma101,1986,TOR,Pitching,19860408,19861005
widma101,1987,TOR,Pitching,19870406,19871004
widma101,1988,TOR,Pitching,19880404,19881002
widma101,1989,TOR,Pitching,19890403,19891008
wiedt101,2012,CLE,1B,20120405,20121003
wietw101,1966,CIN,,19660415,19661002
wietw101,1967,CIN,,19670410,19671001
wietw101,1969,SDN,,19690408,19691002
wietw101,1970,SDN,,19700407,19701001
wietw101,1971,SDN,,19710406,19710930
wietw101,1972,SDN,,19720415,19721004
wietw101,1973,SDN,,19730406,19731001
wietw101,1974,SDN,,19740405,19741002
wietw101,1975,SDN,,19750410,19750928
wietw101,1976,SDN,,19760409,19761003
wietw101,1977,SDN,,19770406,19771002
wietw101,1978,SDN,,19780407,19781001
wietw101,1979,SDN,,19790405,19790930
wilbd101,1955,CHA,,19550412,19550925
wilbd101,1956,CHA,,19560417,19560930
wilbd101,1970,WS2,,19700406,19701001
wilbd101,1973,TEX,,19730908,19730930
wilem101,1987,BAL,Pitching,19870406,19871004
wilem101,1988,CLE,Pitching,19880404,19881002
wilem101,1989,CLE,Pitching,19890403,19891001
wilem101,1990,CLE,Pitching,19900412,19901003
wilem101,1991,CLE,Pitching,19910408,19911006
wilem101,1995,CLE,Pitching,19950427,19951028
wilem101,1996,CLE,Pitching,19960402,19961005
wilem101,1997,CLE,Pitching,19970402,19971026
wilem101,1998,CLE,Pitching,19980331,19981013
wilem101,1999,KCA,Pitching,19990405,19991002
wilem101,2001,BAL,Pitching,20010402,20011006
wilem101,2002,BAL,Pitching,20020401,20020929
wilem101,2003,BAL,Pitching,20030331,20030928
wilem101,2004,BAL,Pitching,20040404,20040626
wilem101,2005,FLO,Pitching,20050405,20051002
wilem101,2008,FLO,Pitching,20080331,20080928
wilem101,2009,FLO,Pitching,20090406,20091004
wilhk101,1921,PHI,,19210413,19210725
wilkb002,2023,NYA,Hitting,20230330,20231001
wilkt101,1960,CLE,,19600419,19601002
wilkt101,1961,KC1,Pitching,19610411,19611001
willb102,1990,CLE,,19900412,19901003
willb102,1991,CLE,,19910408,19911006
willb104,1980,CHN,Hitting,19800410,19801005
willb104,1981,CHN,Hitting,19810409,19811004
willb104,1982,CHN,Hitting,19820405,19821003
willb104,1983,OAK,Hitting,19830404,19831002
willb104,1984,OAK,Hitting,19840403,19840930
willb104,1985,OAK,Hitting,19850409,19851006
willb104,1986,CHN,Hitting,19860408,19861005
willb104,1987,CHN,Hitting,19870407,19871004
willb104,1992,CHN,Hitting,19920407,19921004
willb104,1993,CHN,Hitting,19930405,19931003
willb104,1994,CHN,Hitting,19940404,19940810
willb104,1995,CHN,Hitting,19950426,19951001
willb104,1996,CHN,Hitting,19960401,19960929
willb104,1997,CHN,Bench,19970401,19970928
willb104,1998,CHN,Bench,19980331,19981003
willb104,1999,CHN,Bench,19990406,19991003
willb104,2000,CHN,1B,20000329,20001001
willb104,2001,CHN,1B,20010402,20011007
willb801,2023,TBA,3B,20230330,20231004
willb801,2024,TBA,3B,20240328,20240929
willc001,2003,CLE,Pitching,20030331,20030928
willc001,2004,CLE,Pitching,20040405,20041003
willc001,2005,CLE,Pitching,20050404,20051002
willc001,2006,CLE,Pitching,20060402,20061001
willc001,2007,CLE,Pitching,20070402,20071021
willc001,2008,CLE,Pitching,20080331,20080928
willc001,2009,CLE,Pitching,20090406,20091004
willc001,2010,SEA,Pitching,20100809,20101003
willc001,2011,SEA,Pitching,20110401,20110928
willc001,2012,SEA,Pitching,20120328,20121003
willc001,2013,SEA,Pitching,20130401,20130929
willc001,2015,BOS,Pitching,20150510,20151004
willc001,2016,BOS,Pitching,20160405,20161010
willc001,2017,BOS,Pitching,20170402,20171001
willc001,2018,CLE,Pitching,20180329,20181001
willc001,2019,CLE,Pitching,20190329,20190929
willc001,2020,CLE,Pitching,20200723,20200927
willc001,2021,CLE,Pitching,20210401,20211003
willc001,2022,CLE,Pitching,20220407,20221018
willc001,2023,CLE,Pitching,20230330,20231001
willc001,2024,CLE,Pitching,20240328,20241019
willd101,2000,COL,1B,20000403,20001001
willd101,2001,COL,1B,20010402,20011007
willd101,2002,COL,1B,20020401,20020929
willd101,2003,BOS,1B,20030331,20031016
willd102,1956,NY1,,19560417,19560930
willd102,1957,NY1,,19570416,19570929
willd104,1970,MON,Hitting,19700406,19701001
willd801,1977,SDN,,19770406,19771002
willd801,1978,SDN,,19780407,19781001
willd801,1979,SDN,,19790405,19790930
willd801,1980,SDN,,19800410,19801005
willj107,1980,TOR,3B,19800409,19801005
willj107,1981,TOR,3B,19810409,19811004
willj107,1982,TOR,3B,19820409,19821003
willj107,1983,TOR,3B,19830405,19831002
willj107,1984,TOR,3B,19840404,19840930
willj107,1985,TOR,3B,19850408,19851016
willj107,1990,ATL,3B,19900622,19901003
willj107,1991,ATL,3B,19910410,19911027
willj107,1992,ATL,3B,19920407,19921024
willj107,1993,ATL,3B,19930405,19931013
willj107,1994,ATL,3B,19940404,19940811
willj107,1995,ATL,3B,19950426,19951028
willj107,1996,ATL,3B,19960401,19961026
willj107,2007,PHI,Bench,20070402,20071006
willj107,2008,PHI,Bench,20080331,20080928
willj802,1975,HOU,,19750407,19750928
willj802,1981,BAL,1B,19810410,19811004
willj802,1982,BAL,1B,19820405,19821003
willj802,1983,BAL,1B,19830404,19831002
willj802,1984,BAL,1B,19840402,19840930
willj802,1985,BAL,1B,19850408,19851006
willj802,1986,BAL,1B,19860407,19861005
willj802,1987,BAL,3B,19870406,19871004
willm003,2010,ARI,1B,20100405,20101003
willm003,2011,ARI,3B,20110401,20111007
willm003,2012,ARI,3B,20120406,20121003
willm003,2013,ARI,3B,20130401,20130929
willm003,2016,ARI,3B,20160404,20161002
willm003,2018,OAK,3B,20180329,20181001
willm003,2019,OAK,3B,20190329,20190929
willm003,2022,SDN,3B,20220407,20221023
willm003,2023,SDN,3B,20230330,20231001
willm003,2024,SFN,3B,20240328,20240929
willo101,1925,DET,,19250414,19251004
willo101,1926,SLN,,19260413,19261010
willo101,1930,CIN,,19300415,19300928
willr004,2018,NYA,1B,20180329,20181001
willr004,2019,NYA,1B,20190329,20190929
willr004,2020,NYA,1B,20200723,20200927
willr004,2021,NYA,1B,20210401,20211003
willr801,1995,FLO,Pitching,19950425,19951001
willr801,1996,FLO,Pitching,19960401,19960929
willr801,1998,TBA,Pitching,19980331,19980927
willr801,1999,TBA,Pitching,19990405,19991003
willr801,2000,TBA,Pitching,20000403,20000411
wills102,1975,BOS,Pitching,19750408,19751022
wills102,1976,BOS,Pitching,19760409,19761003
wills102,1977,CHA,Pitching,19770407,19771002
wills102,1978,CHA,Pitching,19780407,19780629
wills102,1980,NYA,Pitching,19800410,19801010
wills102,1981,NYA,Pitching,19810409,19810528
wills102,1982,NYA,Pitching,19820426,19820610
wills102,1984,CIN,Pitching,19840402,19840822
wills102,1987,NYA,Pitching,19870406,19871004
wills102,1988,NYA,Pitching,19880623,19881002
wills102,1990,CIN,Pitching,19900409,19901020
wills102,1991,CIN,Pitching,19910408,19911006
wills102,1998,SEA,Pitching,19980413,19980927
wills102,1999,SEA,Pitching,19990405,19991003
wills801,1994,PIT,Bullpen,19940404,19940811
wills801,1995,PIT,Bullpen,19950426,19951001
wills801,1996,PIT,Bullpen,19960401,19960929
wills801,1997,PIT,Bullpen,19970401,19970928
wills801,1998,PIT,Bullpen,19980401,19980927
wills801,1999,PIT,Bullpen,19990405,19991003
wills801,2000,PIT,Bullpen,20000404,20001001
wills801,2001,PIT,Pitching,20010403,20011007
wills801,2002,PIT,Pitching,20020401,20020929
wills801,2003,PIT,Pitching,20030331,20030928
wills801,2004,PIT,Pitching,20040405,20041003
wills801,2005,PIT,Pitching,20050404,20051002
willw103,1988,CHA,,19880404,19881002
wilsj105,1939,CIN,,19390417,19391008
wilsj105,1940,CIN,,19400416,19401008
wilsj105,1944,CIN,,19440501,19441001
wilsj105,1945,CIN,,19450417,19450930
wilsj105,1946,CIN,,19460416,19460929
wilsm001,1997,NYN,,19970401,19970928
wilsm001,1998,NYN,,19980331,19980927
wilsm001,1999,NYN,,19990405,19991004
wilsm001,2000,NYN,,20000329,20001026
wilsm001,2001,NYN,,20010403,20011007
wilsm001,2002,NYN,,20020401,20020929
wilsm001,2011,NYN,1B,20110401,20110928
wilsv001,2018,KCA,Bullpen,20180329,20181001
wilsv001,2019,KCA,Bullpen,20190329,20190929
wilsv001,2020,KCA,3B,20200723,20200927
wilsv001,2021,KCA,3B,20210401,20211003
wilsv001,2022,KCA,3B,20220407,20221005
wilsv001,2023,KCA,3B,20230330,20231001
wilsv001,2024,KCA,3B,20240328,20241010
wilth102,1925,NYA,,19250414,19250615
wineb101,1972,PHI,,19720718,19721004
wineb101,1973,PHI,,19730406,19730930
wineb101,1974,PHI,,19740406,19741002
wineb101,1975,PHI,,19750408,19750928
wineb101,1976,PHI,,19760410,19761012
wineb101,1977,PHI,,19770409,19771008
wineb101,1978,PHI,,19780407,19781007
wineb101,1979,PHI,,19790406,19790930
wineb101,1980,PHI,Bench,19800411,19801005
wineb101,1981,PHI,Bench,19810408,19811011
wineb101,1982,PHI,Bench,19820408,19821003
wineb101,1983,PHI,Bench,19830405,19831016
wineb101,1985,ATL,3B,19850409,19850825
wineb101,1988,ATL,,19880523,19881002
wineb101,1989,ATL,,19890404,19891001
wineb101,1990,ATL,3B,19900411,19900621
wineb101,1993,NYN,,19930521,19931003
wineb101,1994,NYN,,19940404,19940811
wineb101,1995,NYN,,19950426,19951001
wineb101,1996,NYN,,19960401,19960825
winer101,1948,SLA,,19480420,19481003
winer101,1949,SLA,,19490419,19491002
winer101,1950,SLA,,19500418,19501001
winer101,1951,SLA,,19510417,19510930
wingi101,1928,CIN,,19280411,19280930
wingi101,1929,CIN,,19290416,19291006
wingi101,1936,CIN,,19360503,19360927
winkb801,1972,CAL,,19720415,19721004
winkb801,1974,OAK,,19740710,19741017
winkb801,1975,OAK,,19750408,19751007
winkb801,1976,SFN,3B,19760409,19761002
winkb801,1977,SFN,3B,19770407,19770609
winkb801,1979,CHA,,19790406,19790930
winkb801,1980,CHA,,19800410,19801005
winkb801,1981,CHA,,19810410,19811004
winkb801,1986,MON,Hitting,19860408,19861005
winkb801,1987,MON,Hitting,19870406,19871004
winkb801,1988,MON,1B,19880404,19881002
wisem001,2020,ANA,Bullpen,20200723,20200927
wisem001,2021,ANA,Pitching,20210401,20211003
wisem001,2022,ANA,Pitching,20220407,20221005
wisem001,2023,ANA,Pitching,20230330,20231001
wisem001,2024,CHA,Bullpen,20240328,20240929
wolge801,1931,CLE,,19310414,19310927
wolge801,1932,CLE,,19320413,19320925
wolge801,1933,CLE,,19330412,19330713
woodc001,2015,SEA,1B,20150406,20151004
woodc001,2016,LAN,3B,20160404,20161022
woodc001,2017,LAN,3B,20170402,20171001
woodc001,2018,LAN,3B,20180329,20181001
woodg101,1964,BAL,1B,19640414,19641003
woodg101,1965,BAL,1B,19650413,19651003
woodg101,1966,BAL,1B,19660412,19661009
woodg101,1967,BAL,1B,19670411,19671001
woodl101,1942,BOS,1B,19420414,19420927
woodl101,1943,BOS,1B,19430422,19431003
woodl101,1944,BOS,1B,19440418,19441001
woodl101,1945,BOS,1B,19450417,19450930
woodl101,1946,BOS,1B,19460416,19460929
woodl101,1947,BOS,1B,19470415,19470928
woodl101,1948,BOS,,19480419,19481004
woodp801,2020,SEA,Pitching,20200723,20200927
woodp801,2021,SEA,Pitching,20210401,20211003
woodp801,2022,SEA,Pitching,20220408,20221015
woodp801,2023,SEA,Pitching,20230330,20231001
woodp801,2024,SEA,Pitching,20240328,20240929
woots001,2019,ANA,Hitting,20190329,20190929
worta101,1972,MIN,Pitching,19720415,19721004
worta101,1973,MIN,Pitching,19730406,19730930
wotur001,1998,SFN,3B,19980331,19980928
wotur001,1999,SFN,Bench,19990405,19991003
wotur001,2000,SFN,Bench,20000403,20001008
wotur001,2001,SFN,Bench,20010402,20011007
wotur001,2002,SFN,Bench,20020402,20021027
wotur001,2003,SFN,Bench,20030331,20031004
wotur001,2004,SFN,Bench,20040405,20041003
wotur001,2005,SFN,Bench,20050405,20051002
wotur001,2006,SFN,Bench,20060403,20061001
wotur001,2007,SFN,Bench,20070403,20070930
wotur001,2008,SFN,Bench,20080331,20080928
wotur001,2009,SFN,Bench,20090407,20091004
wotur001,2010,SFN,Bench,20100405,20101101
wotur001,2011,SFN,Bench,20110331,20110928
wotur001,2012,SFN,Bench,20120406,20121028
wotur001,2013,SFN,Bench,20130401,20130929
wotur001,2014,SFN,Bench,20140331,20141029
wotur001,2015,SFN,Bench,20150406,20151004
wotur001,2016,SFN,Bench,20160404,20161011
wotur001,2017,SFN,Bench,20170402,20171001
wotur001,2018,SFN,3B,20180329,20181001
wotur001,2019,SFN,3B,20190329,20190929
wotur001,2020,SFN,3B,20200723,20200927
wotur001,2021,SFN,3B,20210401,20211003
wrigj101,1996,PHI,Pitching,19960419,19960929
wrigj101,2002,COL,Pitching,20020401,20020929
wrigj101,2009,COL,Bullpen,20090406,20091012
wrigj101,2010,COL,Bullpen,20100405,20101003
wrigj101,2011,COL,Bullpen,20110401,20110928
wrigj101,2012,COL,Bullpen,20120406,20120626
wrigj101,2012,COL,Pitching,20120627,20121003
wrigj101,2013,COL,Pitching,20130401,20130929
wrigj101,2014,COL,Pitching,20140331,20140928
wrigm101,1962,CHN,Pitching,19620410,19620930
wrigm101,1971,CHN,Pitching,19710406,19710930
wrigm101,1973,PIT,Pitching,19730406,19731001
wrigm101,1974,NYA,,19740406,19741002
wrigm101,1975,NYA,,19750408,19750928
wrigm101,1976,HOU,,19760408,19761002
wrigm101,1977,HOU,,19770408,19771002
wrigm101,1978,HOU,,19780406,19781001
wrigm101,1979,HOU,,19790406,19790930
wrigm101,1980,HOU,,19800410,19801012
wrigm101,1981,HOU,,19810409,19811004
wrigm101,1982,HOU,,19820406,19820427
wrigm101,1983,MON,,19830406,19831002
wyatw101,1955,PHI,,19550413,19550925
wyatw101,1956,PHI,,19560417,19560930
wyatw101,1957,PHI,,19570416,19570929
wyatw101,1958,MLN,,19580415,19581009
wyatw101,1959,MLN,,19590410,19590929
wyatw101,1960,MLN,,19600412,19601002
wyatw101,1961,MLN,,19610411,19611001
wyatw101,1962,MLN,,19620410,19620930
wyatw101,1963,MLN,,19630409,19630929
wyatw101,1964,MLN,,19640414,19641004
wyatw101,1965,MLN,,19650412,19651003
wyatw101,1966,ATL,,19660412,19661002
wyatw101,1967,ATL,,19670411,19671001
wyneb001,2003,MIL,Hitting,20030331,20030928
wyneb001,2004,MIL,Hitting,20040405,20041003
wyneb001,2005,MIL,Hitting,20050404,20051002
wyneb001,2006,MIL,Hitting,20060403,20061001
wynne101,1964,CLE,,19640414,19641004
wynne101,1965,CLE,,19650413,19651003
wynne101,1966,CLE,,19660411,19661002
wynne101,1967,MIN,Pitching,19670411,19671001
wynne101,1968,MIN,Pitching,19680410,19680929
wynne101,1969,MIN,,19690408,19691006
yorkr101,1959,BOS,Hitting,19590412,19590927
yorkr101,1960,BOS,Hitting,19600418,19601002
yorkr101,1961,BOS,Hitting,19610411,19611001
yorkr101,1962,BOS,Hitting,19620410,19620930
yoste001,1991,ATL,Bullpen,19910410,19911027
yoste001,1992,ATL,Bullpen,19920407,19921024
yoste001,1993,ATL,Bullpen,19930405,19931013
yoste001,1994,ATL,Bullpen,19940404,19940811
yoste001,1995,ATL,Bullpen,19950426,19951028
yoste001,1996,ATL,Bullpen,19960401,19961026
yoste001,1997,ATL,Bullpen,19970401,19971014
yoste001,1998,ATL,Bullpen,19980331,19981014
yoste001,1999,ATL,3B,19990405,19991027
yoste001,2000,ATL,3B,20000403,20001007
yoste001,2001,ATL,3B,20010402,20011021
yoste001,2002,ATL,3B,20020401,20021007
yoste101,1963,WS2,,19630408,19630521
yoste101,1963,WS2,,19630523,19630929
yoste101,1964,WS2,,19640413,19641004
yoste101,1965,WS2,,19650412,19651003
yoste101,1966,WS2,,19660411,19660926
yoste101,1967,WS2,,19670410,19671001
yoste101,1968,NYN,,19680410,19680929
yoste101,1969,NYN,,19690408,19691016
yoste101,1970,NYN,,19700407,19701001
yoste101,1971,NYN,,19710406,19710930
yoste101,1972,NYN,,19720415,19721004
yoste101,1973,NYN,,19730406,19731021
yoste101,1974,NYN,,19740406,19741002
yoste101,1975,NYN,,19750408,19750928
yoste101,1977,BOS,3B,19770407,19771001
yoste101,1978,BOS,3B,19780407,19781002
yoste101,1979,BOS,3B,19790405,19790930
yoste101,1980,BOS,3B,19800410,19801005
yoste101,1981,BOS,3B,19810410,19811004
yoste101,1982,BOS,3B,19820410,19821003
yoste101,1983,BOS,3B,19830405,19831002
yoste101,1984,BOS,3B,19840402,19840930
younc001,2004,OAK,Pitching,20040405,20041003
younc001,2005,OAK,Pitching,20050404,20051002
younc001,2006,OAK,Pitching,20060403,20061014
younc001,2007,OAK,Pitching,20070402,20070930
younc001,2008,OAK,Pitching,20080325,20080928
younc001,2009,OAK,Pitching,20090406,20091004
younc001,2010,OAK,Pitching,20100405,20101003
younc001,2011,BOS,Pitching,20110401,20110928
younc001,2012,OAK,Pitching,20120328,20121011
younc001,2013,OAK,Pitching,20130401,20131010
younc001,2014,OAK,Pitching,20140331,20140930
younc001,2015,OAK,Pitching,20150406,20151004
younc001,2016,OAK,Pitching,20160404,20161002
younc001,2017,OAK,Pitching,20170402,20170614
younc001,2018,SFN,Pitching,20180329,20181001
younc001,2019,SFN,Pitching,20190329,20190929
younc801,2019,PHI,Pitching,20190329,20190929
younc801,2020,CHN,Bullpen,20200723,20200927
younc801,2021,CHN,Bullpen,20210401,20211003
younc801,2022,CHN,Bullpen,20220407,20221005
younc801,2023,CHN,Bullpen,20230330,20231001
youne001,2011,ARI,1B,20110401,20111007
youne001,2012,ARI,1B,20120406,20121003
youne001,2014,COL,1B,20140331,20140928
youne001,2015,COL,1B,20150406,20151004
youne001,2016,COL,1B,20160404,20161002
youne001,2018,ATL,1B,20180329,20181001
youne001,2019,ATL,1B,20190329,20190929
youne001,2021,ATL,1B,20210401,20211003
youne001,2022,ATL,1B,20220407,20221015
youne001,2023,ATL,1B,20230330,20231012
youne001,2024,ANA,3B,20240328,20240929
youne003,2022,WAS,1B,20220407,20221005
youne003,2023,WAS,1B,20230330,20231001
younj001,1994,CIN,,19940403,19940811
younj001,1995,CIN,,19950426,19951014
younj001,1996,CIN,,19960402,19960929
younj001,1997,CIN,,19970401,19970928
younj001,1998,MIL,3B,19980331,19980809
younj001,1998,MIL,1B,19980810,19980927
younj001,2010,ARI,3B,20100703,20101003
younr001,2002,ARI,1B,20020401,20021005
younr001,2003,ARI,1B,20030331,20030928
younr001,2004,ARI,Bench,20040406,20041003
younr001,2006,MIL,Bench,20060403,20061001
younr001,2008,MIL,Bench,20080916,20081005
zaria101,1971,WS2,,19710715,19710930
zawal001,2024,DET,Hitting,20240328,20241012
zimmd101,1971,MON,3B,19710406,19710930
zimmd101,1972,SDN,,19720415,19720426
zimmd101,1974,BOS,3B,19740405,19741002
zimmd101,1975,BOS,3B,19750408,19751022
zimmd101,1976,BOS,3B,19760409,19760718
zimmd101,1983,NYA,,19830405,19831002
zimmd101,1984,CHN,3B,19840403,19841007
zimmd101,1985,CHN,3B,19850409,19851006
zimmd101,1986,CHN,3B,19860408,19860611
zimmd101,1986,NYA,,19860616,19861005
zimmd101,1987,SFN,3B,19870406,19871014
zimmd101,1992,BOS,3B,19920407,19920724
zimmd101,1992,BOS,Bench,19920725,19921004
zimmd101,1993,COL,Bench,19930405,19931003
zimmd101,1994,COL,3B,19940404,19940811
zimmd101,1995,COL,Bench,19950426,19951007
zimmd101,1996,NYA,Bench,19960402,19961026
zimmd101,1997,NYA,Bench,19970401,19971006
zimmd101,1998,NYA,Bench,19980401,19981021
zimmd101,1999,NYA,Bench,19990517,19991027
zimmd101,2000,NYA,Bench,20000403,20001026
zimmd101,2001,NYA,Bench,20010402,20011104
zimmd101,2002,NYA,Bench,20020401,20021005
zimmd101,2003,NYA,Bench,20030331,20030928
zimmd101,2004,TBA,,20040330,20041003
zimmd101,2005,TBA,,20050404,20051002
zimmd101,2006,TBA,,20060403,20061001
zimmj101,1967,MIN,,19670411,19671001
zimmj101,1969,MON,Bullpen,19690408,19691002
zimmj101,1970,MON,Bullpen,19700406,19701001
zimmj101,1971,MON,Bullpen,19710406,19710930
zimmj101,1972,MON,Bullpen,19720415,19721004
zimmj101,1973,MON,Bullpen,19730406,19730930
zimmj101,1974,MON,Bullpen,19740410,19741001
zimmj101,1975,MON,Bullpen,19750407,19750928
zimmj101,1976,MIN,,19760409,19761003
zimmj101,1977,MIN,,19770409,19771002
zimmj101,1978,MIN,,19780405,19781001
zimmj101,1979,MIN,,19790406,19790930
zimmj101,1980,MIN,,19800410,19801005
zimmt801,1976,SLN,,19760409,19761003
zinta001,2015,HOU,Hitting,20150406,20151014
zinta001,2016,SDN,Hitting,20160404,20161002
zinta001,2017,SDN,Hitting,20170402,20170831
zinta001,2020,CIN,Hitting,20200723,20200927
zinta001,2021,CIN,Hitting,20210401,20211003
zinta001,2022,CIN,Hitting,20220407,20221005
zumwa801,2022,KCA,Hitting,20220516,20221005
zumwa801,2023,KCA,Hitting,20230330,20231001
zumwa801,2024,KCA,Hitting,20240328,20241010
zuvep001,1996,COL,Bullpen,19960402,19960929
zwild101,1941,CLE,,19410712,19410928
